source,target,weight
position_reward,score,0.3
close_reward,score,0.033291075
stack_reward,score,0.03143602
penalty_object,score,0.026475664
goal_position_reward,score,0.026408106
manipulation_reward,score,0.026298072
movement_penalty,score,0.024988063
object_velocity_reward,score,0.02401326
vertical_alignment,score,0.022982717
velocity_penalty,score,0.022368459
finger_reward,score,0.021994742
separation_progress_reward,score,0.021864882
action_reward,score,0.021599058
transfer_reward,score,0.021278322
pour_reward,score,0.01702539
separation_velocity_reward,score,0.016896522
move_reward,score,0.0164689
press_another_object_reward,score,0.01636578
force_reward,score,0.015560964
angular_velocity_reward,score,0.015326912
backward_movement_penalty,score,0.014110447
goal_alignment_reward,score,0.013888176
drop_penalty,score,0.01343292
opposite_pull_reward,score,0.012114224
separation_reward,score,0.011648235
hand_distance_reward,score,0.01137881
air_time_reward,score,0.009988149
episode_length_penalty,score,0.009167291
hand_switch_bonus,score,0.0086849015
rotation_reward,score,0.008294328
grasp_reward,score,0.0077217203
tilt_reward,score,0.0075826305
success_bonus,score,0.0071928794
object_angle_reward,score,0.007149704
pour_alignment_reward,score,0.00537624
goal_orientation_reward,score,0.0051591285
handle_another_reward,score,0.004887387
height_reward,score,0.0047996505
success_another_reward,score,0.0040599653
hand_close_reward,score,0.0034967372
proximity_reward,score,0.0029631087
press_object_reward,score,0.0022484271
contact_penalty,score,0.0013907754
linvelocity_reward,score,0.0009474161
height_reward,episode_length_penalty,0.00053696486
penalty_object_another,episode_length_penalty,0.00053538114
force_reward,tilt_reward,0.00053523906
proximity_reward,episode_length_penalty,0.0005339343
hold_another_object_reward,tilt_reward,0.00053284195
vertical_alignment,tilt_reward,0.00053124945
drop_penalty,tilt_reward,0.00052633515
object_push_reward,tilt_reward,0.0005251324
throw_reward,vertical_reward,0.0005237869
stability_penalty,tilt_reward,0.0005186949
velocity_reward,tilt_reward,0.00051823567
opposite_pull_reward,episode_length_penalty,0.0005158633
open_reward,tilt_reward,0.0005157579
drop_penalty,goal_orientation_reward,0.000506071
handle_grasp_reward,tilt_reward,0.0005041461
object_push_reward,goal_position_reward,0.0005003514
backward_movement_penalty,episode_length_penalty,0.00049853197
opposite_pull_reward,tilt_reward,0.0004979129
velocity_penalty,vertical_reward,0.0004974532
velocity_object_another_reward,vertical_reward,0.0004961635
success_another_reward,vertical_reward,0.00049219694
handle_another_object_reward,position_reward,0.0004921614
open_velocity_reward,episode_length_penalty,0.00048744353
penalty_drop_object,goal_orientation_reward,0.0004865483
goal_reward,tilt_reward,0.00048548813
hand_switch_bonus,episode_length_penalty,0.00048422962
handle_object_reward,swing_reward,0.000480873
proximity_reward,vertical_reward,0.00047980278
grasp_reward,open_velocity_reward,0.0004782008
hold_object_reward,placement_reward,0.00047765585
object_position_reward,orientation_penalty,0.00047656012
penalty_drop_object_another,grip_reward,0.00047605502
velocity_penalty,open_velocity_reward,0.0004738799
rotation_reward,episode_length_penalty,0.00047371123
manipulation_reward,tilt_reward,0.00047365457
orientation_penalty,tilt_reward,0.00047337782
backward_movement_penalty,orientation_penalty,0.00047295392
velocity_penalty,swing_reward,0.00047153534
goal_penalty,tilt_reward,0.00047104273
goal_another_reward,tilt_reward,0.00047083953
goal_position_reward,force_reward,0.00046795077
velocity_reward,success_bonus,0.00046619077
penalty_object,linvelocity_reward,0.0004656832
move_bonus,episode_length_penalty,0.0004643766
vertical_alignment,placement_reward,0.0004634043
push_reward,linvelocity_reward,0.00046179313
handle_object_reward,swing_velocity_reward,0.00046117845
object_position_reward,swing_reward,0.00046012652
success_reward,orientation_penalty,0.00045963682
rotation_reward,open_velocity_reward,0.00045563994
goal_reward,swing_velocity_reward,0.0004554285
grip_reward,handle_object_reward,0.0004539402
hand_distance_reward,place_reward,0.00045376775
lift_reward,swing_reward,0.00045361646
handle_object_reward,hand_balance_reward,0.00045281512
hand_close_reward,episode_length_penalty,0.0004520443
success_bonus,force_reward,0.0004516949
finger_reward,swing_reward,0.00045097736
goal_position_reward,open_velocity_reward,0.00045093274
vertical_alignment,open_velocity_reward,0.00045073612
object_velocity_reward,success_another_reward,0.00045048285
vertical_alignment,force_reward,0.000450331
goal_reward,pour_reward,0.00044936777
penalty_drop_object,swing_reward,0.00044794273
handle_another_reward,press_reward,0.000447019
air_time_reward,force_reward,0.0004469437
grasp_reward,swing_reward,0.00044675046
air_time_reward,orientation_penalty,0.00044661568
simultaneity_reward,episode_length_penalty,0.00044627074
backward_movement_penalty,grasp_reward,0.00044617744
alignment_reward,swing_velocity_reward,0.00044538968
handle_another_object_reward,episode_length_penalty,0.00044513342
velocity_reward,close_reward,0.0004450699
velocity_penalty,lift_reward,0.0004450015
spill_penalty,hand_balance_reward,0.0004447167
hand_distance_reward,stability_penalty,0.00044437437
swing_reward,episode_length_penalty,0.00044364104
goal_penalty,swing_velocity_reward,0.0004424269
goal_position_reward,penalty_object,0.00044105935
drop_penalty,time_penalty,0.0004407652
goal_orientation_reward,hand_balance_reward,0.00043943853
alignment_reward,handle_another_reward,0.00043717472
stack_reward,episode_length_penalty,0.00043616642
move_reward,press_object_reward,0.00043608813
incremental_progress_reward,tilt_reward,0.00043598475
place_reward,open_reward,0.0004356473
penalty_object_another,hand_balance_reward,0.00043549476
grasp_reward,linvelocity_reward,0.00043464726
velocity_object_reward,linvelocity_reward,0.00043425846
tilt_reward,episode_length_penalty,0.0004341568
success_another_reward,grip_reward,0.00043357306
open_reward,hold_object_reward,0.0004332514
press_reward,press_reward,0.0004322128
height_reward,press_object_reward,0.00043201435
object_push_reward,object_push_reward,0.00043148018
task_completion_reward,object_position_reward,0.00043132086
time_penalty,progress_reward,0.00043120745
close_reward,placement_reward,0.00043059833
handle_object_reward,linvelocity_reward,0.00042946928
success_bonus,orientation_penalty,0.00042853746
separation_velocity_reward,swing_velocity_reward,0.000427553
goal_position_reward,swing_reward,0.00042650755
object_position_reward,linvelocity_reward,0.00042605557
penalty_drop_object,open_velocity_reward,0.00042439872
transfer_reward,transfer_reward,0.00042400046
goal_reward,goal_alignment_reward,0.00042389738
swing_reward,swing_reward,0.00042381298
hand_balance_reward,hand_balance_reward,0.000423214
press_object_reward,linvelocity_reward,0.00042315075
goal_penalty,episode_length_penalty,0.0004230503
grip_reward,grip_reward,0.00042284737
object_angle_reward,success_another_reward,0.00042200406
handle_another_object_reward,open_velocity_reward,0.0004214761
backward_movement_penalty,open_velocity_reward,0.0004213119
success_another_reward,linvelocity_reward,0.00042021982
press_object_reward,grip_reward,0.00041856267
goal_alignment_reward,press_reward,0.00041834833
penalty_drop_object_another,orientation_penalty,0.00041793016
penalty_drop_object_another,open_velocity_reward,0.00041646723
progress_reward,placement_reward,0.0004148342
velocity_reward,hand_balance_reward,0.00041381145
goal_position_reward,linvelocity_reward,0.00041356377
handle_object_reward,move_reward,0.00041267273
action_reward,success_bonus,0.0004125993
pour_reward,position_another_reward,0.00041224618
hand_close_reward,open_velocity_reward,0.0004120124
transfer_reward,linvelocity_reward,0.00041196632
press_object_reward,hand_balance_reward,0.00041034323
stack_bonus,linvelocity_reward,0.00040978802
hold_object_reward,open_velocity_reward,0.0004086087
force_reward,press_reward,0.00040592504
separation_progress_reward,separation_progress_bonus,0.00040570457
handle_grasp_reward,hand_balance_reward,0.0004055898
separation_velocity_reward,open_velocity_reward,0.00040557876
rotation_reward,linvelocity_reward,0.00040556726
finger_reward,orientation_penalty,0.00040471047
separation_reward,velocity_object_reward,0.00040431545
separation_reward,velocity_object_another_reward,0.00040431545
object_push_reward,swing_reward,0.00040402418
vertical_alignment,swing_reward,0.00040338494
orientation_penalty,press_reward,0.00040309285
stack_reward,grasp_reward,0.00040290784
force_reward,orientation_penalty,0.00040142288
object_push_reward,grip_reward,0.00040115978
handle_another_object_reward,linvelocity_reward,0.0003997252
drop_penalty,open_velocity_reward,0.0003994136
object_velocity_reward,simultaneity_reward,0.00039847934
object_angle_reward,linvelocity_reward,0.00039812966
rotation_penalty,grip_reward,0.00039764078
success_another_reward,open_velocity_reward,0.00039699196
move_bonus,swing_reward,0.00039473278
move_bonus,orientation_penalty,0.00039442713
press_object_reward,open_velocity_reward,0.00039414538
finger_reward,push_reward,0.00039403205
proximity_reward,linvelocity_reward,0.00039367768
hold_object_reward,swing_reward,0.0003930486
transfer_reward,swing_reward,0.00039272927
vertical_alignment,grip_reward,0.00039269662
success_bonus,linvelocity_reward,0.00039222886
handle_grasp_reward,stability_reward,0.00039215904
completion_bonus,contact_penalty,0.00039183896
stack_reward,open_velocity_reward,0.00039060356
progress_reward,swing_reward,0.0003905298
velocity_penalty,hand_balance_reward,0.00038951047
velocity_object_another_reward,hand_balance_reward,0.0003890702
proximity_reward,orientation_penalty,0.00038904184
spill_penalty,position_reward,0.00038874752
press_another_object_reward,handle_another_reward,0.00038844187
rotation_penalty,linvelocity_reward,0.00038740298
object_push_reward,orientation_penalty,0.00038720918
grasp_reward,approach_reward,0.0003869851
move_bonus,linvelocity_reward,0.00038444556
spill_penalty,swing_reward,0.00038407257
hand_switch_bonus,linvelocity_reward,0.00038348217
incremental_progress_reward,velocity_reward,0.00038336738
penalty_drop_object_another,object_push_reward,0.0003818347
opposite_pull_reward,goal_reward,0.00038083654
goal_penalty,force_reward,0.00038006008
hand_switch_bonus,open_velocity_reward,0.0003795684
velocity_reward,linvelocity_reward,0.0003789306
velocity_reward,orientation_penalty,0.0003786172
penalty_drop_object_another,press_another_object_reward,0.0003785755
completion_bonus,press_reward,0.0003772423
goal_orientation_reward,orientation_penalty,0.00037723954
handover_reward,linvelocity_reward,0.00037708296
goal_penalty,open_velocity_reward,0.000376962
object_push_reward,linvelocity_reward,0.00037640336
separation_progress_bonus,hand_balance_reward,0.00037525428
goal_alignment_reward,open_velocity_reward,0.0003751741
stack_reward,swing_reward,0.00037369545
success_reward,linvelocity_reward,0.00037321582
grasp_reward,incremental_progress_reward,0.00037231704
manipulation_reward,open_velocity_reward,0.00037227297
episode_length_penalty,success_bonus,0.0003715894
stability_reward,linvelocity_reward,0.00037095774
hand_distance_reward,force_reward,0.00037048108
vertical_alignment,orientation_penalty,0.00036980706
penalty_drop_object_another,linvelocity_reward,0.00036913282
swing_reward,linvelocity_reward,0.00036741796
manipulation_reward,handle_grasp_reward,0.00036720306
tilt_reward,goal_another_reward,0.00036459812
stability_penalty,linvelocity_reward,0.0003642953
success_another_reward,swing_reward,0.00036403458
open_reward,open_velocity_reward,0.00036278664
lift_reward,linvelocity_reward,0.00036268227
goal_another_reward,handle_another_object_reward,0.0003593128
proximity_reward,rotation_reward,0.000353241
goal_alignment_reward,simultaneity_reward,0.00035247332
stack_bonus,place_reward,0.00034898272
penalty_drop_object,score,0.00034871962
contact_reward,object_angle_reward,0.00034615904
spill_penalty,contact_penalty,0.00034409238
penalty_object_another,lift_reward,0.00033506213
separation_progress_bonus,object_angle_reward,0.00033141195
pour_reward,movement_penalty,0.00032683602
spill_penalty,simultaneity_reward,0.00032600848
pour_alignment_reward,goal_another_reward,0.00032519666
drop_penalty,backward_movement_penalty,0.0003250425
press_reward,success_reward,0.0003249751
rotation_reward,backward_movement_penalty,0.00032497494
vertical_reward,open_reward,0.0003249663
movement_penalty,transfer_reward,0.0003244347
penalty_object_another,backward_movement_penalty,0.00032380634
grasp_reward,velocity_object_another_reward,0.0003206194
grasp_reward,velocity_object_reward,0.0003206194
smooth_reward,backward_movement_penalty,0.00032051734
success_reward,hold_another_object_reward,0.00032051452
object_position_reward,position_another_reward,0.00032000814
completion_bonus,velocity_reward,0.0003194029
goal_position_reward,proximity_reward,0.00031873694
approach_reward,backward_movement_penalty,0.0003166697
success_bonus,movement_penalty,0.00031589737
velocity_penalty,handle_object_reward,0.00031508922
action_reward,movement_penalty,0.00031353082
push_reward,hand_close_reward,0.00031311906
press_object_reward,hand_close_reward,0.0003124998
linvelocity_reward,handle_grasp_reward,0.0003116035
finger_reward,movement_penalty,0.000310025
hand_close_reward,object_push_reward,0.0003084103
incremental_progress_reward,success_reward,0.00030788517
simultaneity_reward,success_bonus,0.0003065259
vertical_alignment,spill_penalty,0.00030546312
approach_reward,close_reward,0.00030533544
handle_grasp_reward,success_bonus,0.00030180672
velocity_object_reward,approach_reward,0.0003015469
handover_reward,orientation_reward,0.00030117136
air_time_reward,penalty_object,0.00029995767
progress_reward,task_completion_reward,0.00029901444
success_reward,handle_another_reward,0.00029867498
contact_reward,velocity_reward,0.00029855137
separation_progress_reward,angular_velocity_reward,0.00029808996
rotation_reward,grasp_reward,0.00029780928
success_reward,transfer_reward,0.00029704216
tilt_reward,throw_reward,0.00029703163
separation_velocity_reward,penalty_object_another,0.00029664865
penalty_object_another,time_penalty,0.0002961474
stability_reward,velocity_object_reward,0.00029575915
stability_reward,velocity_object_another_reward,0.00029575915
object_angle_reward,height_reward,0.00029549666
goal_position_reward,goal_another_reward,0.00029516482
velocity_penalty,incremental_progress_reward,0.0002946349
action_reward,spill_penalty,0.00029451738
push_reward,task_completion_reward,0.00029411653
handle_grasp_reward,movement_penalty,0.00029389944
simultaneity_reward,rotation_penalty,0.00029387412
separation_progress_reward,completion_bonus,0.00029387223
handle_reward,height_reward,0.0002934555
smooth_reward,penalty_object_another,0.00029294804
handle_another_reward,episode_length_penalty,0.00029277656
episode_length_penalty,air_time_reward,0.0002926901
velocity_reward,goal_penalty,0.00029268194
hold_object_reward,goal_another_reward,0.0002922349
time_penalty,goal_orientation_reward,0.00029216058
goal_alignment_reward,task_completion_reward,0.00029214763
press_reward,tilt_reward,0.00029213086
velocity_object_reward,stack_reward,0.0002920302
goal_penalty,backward_movement_penalty,0.00029200898
swing_reward,move_bonus,0.00029093353
linvelocity_reward,stability_penalty,0.00029080408
backward_movement_penalty,movement_penalty,0.00029080195
handle_another_object_reward,handle_another_reward,0.00029066385
goal_penalty,stack_reward,0.00028997957
orientation_penalty,opposite_pull_reward,0.00028977796
orientation_penalty,separation_velocity_reward,0.00028977796
penalty_drop_object,handle_another_reward,0.00028848724
manipulation_reward,backward_movement_penalty,0.00028838936
separation_reward,success_another_reward,0.00028830042
rotation_penalty,episode_length_penalty,0.0002882217
goal_another_reward,separation_progress_reward,0.00028789596
progress_reward,handle_reward,0.00028776287
height_reward,object_push_reward,0.0002876255
object_angle_reward,success_reward,0.0002873545
transfer_reward,drop_penalty,0.00028715716
rotation_penalty,place_reward,0.00028711482
hand_balance_reward,success_reward,0.0002870811
handle_grasp_reward,opposite_pull_reward,0.00028672465
handle_grasp_reward,separation_velocity_reward,0.00028672465
goal_position_reward,success_another_reward,0.00028655873
orientation_penalty,success_another_reward,0.00028646862
hand_distance_reward,proximity_reward,0.0002860517
placement_reward,contact_penalty,0.00028558366
pour_alignment_reward,stack_bonus,0.00028542732
handle_another_reward,opposite_pull_reward,0.00028513803
handle_another_reward,separation_velocity_reward,0.00028513803
move_reward,contact_penalty,0.00028493325
open_velocity_reward,handle_another_object_reward,0.00028470217
pour_reward,backward_movement_penalty,0.00028464373
separation_velocity_reward,open_reward,0.00028453785
velocity_reward,time_penalty,0.0002843741
goal_orientation_reward,incremental_progress_reward,0.00028429442
orientation_reward,place_reward,0.0002842097
stability_reward,object_angle_reward,0.000283995
swing_velocity_reward,stability_reward,0.00028377346
goal_orientation_reward,penalty_object_another,0.00028371424
place_reward,manipulation_reward,0.00028330908
lift_reward,penalty_drop_object_another,0.00028317174
lift_reward,penalty_drop_object,0.00028317174
hand_close_reward,success_another_reward,0.0002829949
close_reward,hold_object_reward,0.00028209083
time_penalty,penalty_object_another,0.0002819683
goal_reward,penalty_object_another,0.0002818031
spill_penalty,velocity_object_reward,0.00028172584
spill_penalty,velocity_object_another_reward,0.00028172584
position_reward,drop_penalty,0.0002816293
hold_another_object_reward,handle_another_object_reward,0.0002816188
throw_reward,action_reward,0.00028152394
opposite_pull_reward,penalty_object_another,0.0002811977
air_time_reward,goal_penalty,0.0002810236
velocity_object_reward,goal_another_reward,0.00028095953
swing_reward,object_velocity_reward,0.00028079984
goal_alignment_reward,hold_object_reward,0.000280682
grip_reward,movement_penalty,0.0002805149
success_bonus,time_penalty,0.0002804683
penalty_drop_object,linvelocity_reward,0.00028032603
handle_grasp_reward,press_object_reward,0.0002798735
completion_bonus,simultaneity_reward,0.0002794046
goal_orientation_reward,stack_bonus,0.0002792084
handle_another_object_reward,pour_reward,0.0002790192
separation_velocity_reward,move_bonus,0.00027855285
success_another_reward,hold_another_object_reward,0.00027853905
swing_velocity_reward,alignment_reward,0.0002781914
vertical_reward,task_completion_reward,0.00027780852
press_another_object_reward,hold_object_reward,0.0002774771
pour_reward,penalty_object_another,0.00027734856
press_reward,transfer_reward,0.00027729588
goal_penalty,lift_reward,0.0002767998
place_reward,goal_penalty,0.00027662478
incremental_progress_reward,place_reward,0.00027651037
contact_reward,transfer_reward,0.0002764941
drop_penalty,object_velocity_reward,0.00027576418
finger_reward,hold_another_object_reward,0.00027536246
grasp_reward,separation_reward,0.00027529034
separation_reward,angular_velocity_reward,0.0002747447
transfer_reward,spill_penalty,0.00027463303
goal_another_reward,angular_velocity_reward,0.0002742287
press_another_object_reward,penalty_object_another,0.00027421032
lift_reward,force_reward,0.00027414516
object_angle_reward,handover_reward,0.00027411946
penalty_drop_object_another,backward_movement_penalty,0.0002740913
hand_switch_bonus,stability_reward,0.0002739468
grasp_reward,completion_bonus,0.0002739438
goal_penalty,height_reward,0.00027389883
air_time_reward,press_object_reward,0.0002737854
throw_reward,stability_penalty,0.0002736052
success_reward,orientation_reward,0.00027336448
transfer_reward,success_bonus,0.00027311474
hold_object_reward,orientation_penalty,0.0002730039
open_reward,air_time_reward,0.00027298008
separation_progress_reward,stability_penalty,0.00027297097
vertical_alignment,velocity_penalty,0.00027295033
handle_another_object_reward,hold_another_object_reward,0.00027285126
velocity_penalty,grip_reward,0.00027269966
episode_length_penalty,press_reward,0.00027259317
stability_reward,completion_bonus,0.00027233938
handle_object_reward,open_velocity_reward,0.0002723165
transfer_reward,swing_velocity_reward,0.00027212262
swing_velocity_reward,handle_object_reward,0.00027163167
drop_penalty,press_another_object_reward,0.00027157587
pull_reward,transfer_reward,0.00027089744
tilt_reward,vertical_reward,0.00027085224
goal_penalty,progress_reward,0.00027083265
vertical_reward,transfer_reward,0.00027078894
goal_alignment_reward,manipulation_reward,0.00027077756
contact_penalty,press_another_object_reward,0.0002703933
hand_distance_reward,tilt_reward,0.00027006524
stack_reward,press_object_reward,0.000269978
goal_reward,vertical_alignment,0.00026979327
stack_bonus,drop_penalty,0.0002697465
contact_penalty,vertical_alignment,0.00026942274
stability_penalty,pour_alignment_reward,0.00026902874
object_push_reward,handle_object_reward,0.00026901835
incremental_progress_reward,separation_progress_bonus,0.00026883077
linvelocity_reward,approach_reward,0.0002687844
penalty_drop_object,handle_another_object_reward,0.00026874425
position_another_reward,rotation_penalty,0.00026857652
success_bonus,position_reward,0.00026845373
lift_reward,episode_length_penalty,0.00026842256
orientation_reward,grasp_reward,0.00026820958
goal_penalty,angular_velocity_reward,0.0002681591
position_another_reward,smooth_reward,0.00026812867
object_velocity_reward,velocity_penalty,0.00026773117
velocity_reward,contact_penalty,0.0002677214
goal_orientation_reward,swing_reward,0.00026744173
open_reward,vertical_alignment,0.00026727255
force_reward,vertical_alignment,0.0002672661
open_velocity_reward,movement_penalty,0.00026715297
position_another_reward,success_another_reward,0.0002670162
incremental_progress_reward,position_reward,0.00026663952
proximity_reward,drop_penalty,0.00026616306
move_bonus,goal_reward,0.00026611247
open_velocity_reward,stack_reward,0.00026570074
open_velocity_reward,handle_reward,0.00026562135
handover_reward,goal_penalty,0.00026511465
smooth_reward,success_bonus,0.0002650888
stability_reward,handover_reward,0.000265003
penalty_object_another,swing_velocity_reward,0.00026491008
grasp_reward,grasp_reward,0.00026470967
separation_velocity_reward,success_reward,0.00026444334
separation_velocity_reward,backward_movement_penalty,0.00026435617
stack_reward,hold_object_reward,0.0002637963
handover_reward,object_velocity_reward,0.00026369348
proximity_reward,hold_another_object_reward,0.00026352465
penalty_object_another,velocity_reward,0.0002634447
stack_reward,penalty_object,0.00026340157
position_reward,angular_velocity_reward,0.00026322666
finger_reward,penalty_drop_object,0.00026314857
finger_reward,penalty_drop_object_another,0.00026314857
object_angle_reward,proximity_reward,0.00026292363
move_bonus,handle_object_reward,0.00026216952
incremental_progress_reward,swing_velocity_reward,0.0002618092
smooth_reward,hand_close_reward,0.00026128525
tilt_reward,position_reward,0.00026108584
position_another_reward,move_reward,0.00026108435
stability_reward,hold_object_reward,0.00025991836
proximity_reward,spill_penalty,0.00025935753
success_bonus,pour_alignment_reward,0.0002592044
stack_reward,throw_reward,0.00025901748
movement_penalty,separation_progress_bonus,0.0002588171
force_reward,backward_movement_penalty,0.00025879385
press_object_reward,incremental_progress_reward,0.0002583958
grasp_reward,rotation_penalty,0.00025839414
velocity_reward,press_another_object_reward,0.00025829213
air_time_reward,object_velocity_reward,0.00025777682
approach_reward,penalty_object_another,0.0002572405
press_another_object_reward,rotation_penalty,0.00025682172
stability_reward,incremental_progress_reward,0.00025651685
rotation_penalty,placement_reward,0.00025633886
velocity_object_another_reward,place_reward,0.00025631278
progress_reward,smooth_reward,0.00025612974
pull_reward,penalty_object_another,0.00025608484
episode_length_penalty,penalty_object,0.00025586906
completion_bonus,lift_reward,0.00025556135
backward_movement_penalty,goal_position_reward,0.00025513745
separation_reward,hold_another_object_reward,0.0002548586
object_angle_reward,hold_object_reward,0.00025429658
stack_bonus,simultaneity_reward,0.0002541888
transfer_reward,smooth_reward,0.00025376948
angular_velocity_reward,goal_reward,0.0002534581
stack_reward,goal_penalty,0.00025343877
stability_penalty,grasp_reward,0.00025314747
contact_reward,stability_reward,0.00025303406
success_another_reward,pull_reward,0.00025300085
move_reward,backward_movement_penalty,0.00025273667
approach_reward,move_bonus,0.0002523131
goal_alignment_reward,handle_reward,0.00025214002
penalty_drop_object,goal_position_reward,0.0002519189
spill_penalty,stack_reward,0.00025159682
approach_reward,transfer_reward,0.00025149575
episode_length_penalty,stack_reward,0.00025048124
completion_bonus,goal_penalty,0.00025038832
transfer_reward,angular_velocity_reward,0.00025007006
object_push_reward,penalty_object,0.00024931002
alignment_reward,hand_close_reward,0.00024891566
goal_orientation_reward,place_reward,0.00024872107
stability_reward,velocity_reward,0.00024828155
object_position_reward,drop_penalty,0.0002482128
velocity_object_another_reward,velocity_object_another_reward,0.00024808722
stack_bonus,swing_reward,0.00024802363
velocity_object_reward,velocity_object_reward,0.00024798387
vertical_alignment,stack_bonus,0.00024784374
open_reward,spill_penalty,0.00024769243
drop_penalty,move_reward,0.00024734205
hand_switch_bonus,goal_orientation_reward,0.0002472864
place_reward,goal_alignment_reward,0.00024719778
velocity_object_another_reward,pull_reward,0.00024699047
penalty_object,penalty_object,0.00024688602
penalty_object,move_reward,0.00024645397
position_another_reward,stack_bonus,0.00024621314
goal_alignment_reward,incremental_progress_reward,0.00024559937
orientation_reward,manipulation_reward,0.0002455299
hand_switch_bonus,success_reward,0.00024550362
smooth_reward,handle_grasp_reward,0.00024536936
tilt_reward,progress_reward,0.00024531313
handover_reward,penalty_object_another,0.00024528487
contact_reward,pull_reward,0.0002452726
force_reward,height_reward,0.00024513667
proximity_reward,rotation_penalty,0.000244928
episode_length_penalty,contact_reward,0.0002446652
hand_switch_bonus,handle_another_object_reward,0.00024445963
vertical_alignment,move_bonus,0.00024412395
press_another_object_reward,handle_reward,0.00024384394
pour_reward,object_velocity_reward,0.00024369021
stack_bonus,position_another_reward,0.0002434828
handle_grasp_reward,velocity_penalty,0.00024347272
height_reward,spill_penalty,0.00024337522
separation_reward,press_another_object_reward,0.00024335567
hold_object_reward,velocity_reward,0.00024302324
progress_reward,hand_balance_reward,0.00024287406
goal_position_reward,handle_grasp_reward,0.00024274351
object_velocity_reward,force_reward,0.00024260652
penalty_object,rotation_reward,0.00024257883
goal_another_reward,proximity_reward,0.00024241462
success_another_reward,rotation_reward,0.00024239045
hand_close_reward,goal_position_reward,0.00024226053
stability_reward,action_reward,0.00024214583
hand_switch_bonus,penalty_object_another,0.00024213112
stability_reward,object_position_reward,0.0002421093
open_velocity_reward,progress_reward,0.00024210376
move_bonus,penalty_object_another,0.00024207353
stack_reward,hand_balance_reward,0.000242018
incremental_progress_reward,pour_alignment_reward,0.00024188907
throw_reward,velocity_object_another_reward,0.0002418697
throw_reward,velocity_object_reward,0.0002418697
orientation_reward,orientation_reward,0.00024172034
open_reward,separation_velocity_reward,0.00024160958
open_reward,opposite_pull_reward,0.00024160958
move_reward,success_bonus,0.00024122014
stack_reward,pull_reward,0.000241005
pour_reward,handover_reward,0.00024096607
incremental_progress_reward,progress_reward,0.0002404627
swing_velocity_reward,grasp_reward,0.00024031728
alignment_reward,separation_reward,0.00024026401
placement_reward,goal_orientation_reward,0.0002401434
velocity_object_reward,hold_object_reward,0.0002397631
success_reward,handover_reward,0.00023951333
pour_reward,goal_penalty,0.0002394354
velocity_reward,incremental_progress_reward,0.00023940926
handle_another_reward,hold_object_reward,0.00023933305
velocity_reward,penalty_drop_object,0.00023933194
velocity_reward,penalty_drop_object_another,0.00023933194
success_another_reward,incremental_progress_reward,0.00023915598
pour_alignment_reward,approach_reward,0.00023899919
object_position_reward,pour_alignment_reward,0.0002388589
linvelocity_reward,hand_balance_reward,0.0002381111
handle_another_object_reward,grasp_reward,0.00023719657
simultaneity_reward,separation_reward,0.00023705474
velocity_object_another_reward,placement_reward,0.00023684792
separation_reward,goal_penalty,0.00023635014
separation_velocity_reward,object_velocity_reward,0.00023623496
object_velocity_reward,penalty_object_another,0.00023581249
handle_another_object_reward,handle_reward,0.00023573628
opposite_pull_reward,goal_position_reward,0.00023571927
handle_grasp_reward,push_reward,0.00023567492
push_reward,stack_reward,0.00023566454
goal_position_reward,stability_penalty,0.00023557729
goal_orientation_reward,transfer_reward,0.00023556809
success_reward,rotation_penalty,0.0002353631
opposite_pull_reward,hold_another_object_reward,0.00023514502
open_reward,handle_reward,0.00023511896
drop_penalty,success_another_reward,0.00023460174
transfer_reward,handover_reward,0.00023446957
task_completion_reward,backward_movement_penalty,0.00023391422
object_push_reward,opposite_pull_reward,0.00023360278
object_push_reward,separation_velocity_reward,0.00023360278
place_reward,grasp_reward,0.00023347526
pour_reward,velocity_penalty,0.00023292605
hold_another_object_reward,separation_progress_reward,0.00023288552
finger_reward,object_angle_reward,0.0002327269
close_reward,handle_reward,0.00023237792
hand_distance_reward,object_push_reward,0.00023217918
transfer_reward,object_angle_reward,0.00023179065
pour_reward,object_angle_reward,0.00023141658
contact_reward,tilt_reward,0.00023133791
completion_bonus,object_velocity_reward,0.00023124107
smooth_reward,finger_reward,0.00023060512
goal_position_reward,stability_reward,0.00023046657
rotation_penalty,goal_another_reward,0.00023028348
drop_penalty,grip_reward,0.00023026574
hold_object_reward,time_penalty,0.00022993336
contact_penalty,contact_penalty,0.00022977512
goal_penalty,object_velocity_reward,0.00022930726
separation_progress_reward,hold_object_reward,0.0002292136
velocity_object_another_reward,penalty_object_another,0.00022917638
goal_reward,close_reward,0.00022908341
penalty_drop_object_another,press_reward,0.00022894623
goal_reward,push_reward,0.00022894019
goal_penalty,object_position_reward,0.00022879787
goal_alignment_reward,goal_alignment_reward,0.00022765149
penalty_object,velocity_object_reward,0.00022738332
penalty_object,velocity_object_another_reward,0.00022738332
hand_switch_bonus,spill_penalty,0.00022735266
move_reward,transfer_reward,0.00022734946
push_reward,push_reward,0.00022707
orientation_penalty,incremental_progress_reward,0.00022654292
velocity_object_reward,episode_length_penalty,0.00022639829
velocity_object_another_reward,contact_reward,0.0002263136
rotation_penalty,object_angle_reward,0.00022609172
progress_reward,move_bonus,0.00022596192
handle_grasp_reward,penalty_object_another,0.00022584743
handle_another_object_reward,rotation_penalty,0.0002258138
tilt_reward,proximity_reward,0.00022576538
hand_distance_reward,hold_another_object_reward,0.00022556697
position_another_reward,object_velocity_reward,0.00022530317
penalty_drop_object,orientation_penalty,0.00022527909
success_reward,object_angle_reward,0.00022512191
press_object_reward,move_bonus,0.00022506597
stability_penalty,goal_reward,0.000224984
vertical_alignment,rotation_penalty,0.00022496813
penalty_object_another,task_completion_reward,0.00022465354
object_angle_reward,force_reward,0.00022441406
contact_reward,move_bonus,0.00022410098
handle_object_reward,finger_reward,0.00022353635
velocity_penalty,stability_penalty,0.00022302076
linvelocity_reward,hold_another_object_reward,0.00022299666
position_reward,vertical_reward,0.0002229367
hand_switch_bonus,drop_penalty,0.00022265353
rotation_penalty,hold_another_object_reward,0.00022256665
separation_velocity_reward,separation_velocity_reward,0.00022226777
rotation_reward,rotation_reward,0.00022218196
episode_length_penalty,position_reward,0.00022207096
velocity_penalty,simultaneity_reward,0.00022200806
incremental_progress_reward,hand_balance_reward,0.00022181288
swing_reward,backward_movement_penalty,0.00022159831
handle_reward,rotation_penalty,0.0002214741
backward_movement_penalty,handle_object_reward,0.00022126814
completion_bonus,task_completion_reward,0.0002210624
hold_object_reward,hold_object_reward,0.00022104874
placement_reward,handle_grasp_reward,0.00022103329
opposite_pull_reward,hand_close_reward,0.00022090782
hand_balance_reward,goal_orientation_reward,0.00022074457
backward_movement_penalty,penalty_object,0.0002206925
drop_penalty,separation_reward,0.00022063925
orientation_reward,success_reward,0.00022040975
place_reward,place_reward,0.0002204084
alignment_reward,alignment_reward,0.00022037789
pour_alignment_reward,alignment_reward,0.00022007807
position_another_reward,position_another_reward,0.0002198804
vertical_reward,rotation_penalty,0.00021975208
stack_bonus,stack_bonus,0.00021970553
movement_penalty,contact_reward,0.00021962823
handle_reward,handle_reward,0.00021960605
task_completion_reward,completion_bonus,0.00021955134
handle_reward,goal_penalty,0.00021943306
open_velocity_reward,penalty_object_another,0.00021927201
penalty_object_another,manipulation_reward,0.0002190545
hold_another_object_reward,orientation_penalty,0.00021887281
action_reward,action_reward,0.00021876227
press_object_reward,press_object_reward,0.00021866898
success_another_reward,separation_progress_bonus,0.0002186213
press_another_object_reward,press_another_object_reward,0.00021852134
object_velocity_reward,object_velocity_reward,0.00021837241
vertical_alignment,stack_reward,0.00021834903
force_reward,hold_another_object_reward,0.00021830325
press_object_reward,stability_penalty,0.0002181567
goal_position_reward,transfer_reward,0.00021815657
success_another_reward,success_another_reward,0.0002180567
hand_balance_reward,object_angle_reward,0.00021798677
handle_another_reward,handle_another_reward,0.00021795277
smooth_reward,smooth_reward,0.00021780789
episode_length_penalty,completion_bonus,0.00021761857
hand_close_reward,completion_bonus,0.00021754754
hold_object_reward,completion_bonus,0.00021752596
angular_velocity_reward,alignment_reward,0.00021747722
press_reward,goal_alignment_reward,0.00021747427
throw_reward,goal_reward,0.0002172277
contact_reward,contact_reward,0.00021710519
orientation_penalty,rotation_penalty,0.00021700354
movement_penalty,completion_bonus,0.00021679467
stack_bonus,stability_penalty,0.00021662506
object_push_reward,move_bonus,0.00021607112
separation_progress_reward,vertical_alignment,0.00021585326
orientation_penalty,drop_penalty,0.00021574191
rotation_reward,handle_reward,0.0002150693
hold_another_object_reward,goal_reward,0.00021488022
incremental_progress_reward,contact_reward,0.00021484842
move_bonus,pull_reward,0.0002146834
hold_object_reward,object_angle_reward,0.00021463266
hand_distance_reward,open_reward,0.00021421254
goal_position_reward,manipulation_reward,0.0002138154
finger_reward,object_push_reward,0.00021378914
hand_switch_bonus,swing_velocity_reward,0.00021357425
penalty_drop_object,stability_penalty,0.0002135124
time_penalty,stack_bonus,0.00021348339
success_reward,success_bonus,0.00021345145
manipulation_reward,time_penalty,0.00021336069
orientation_reward,progress_reward,0.00021333173
goal_orientation_reward,penalty_drop_object,0.0002132633
goal_orientation_reward,penalty_drop_object_another,0.0002132633
contact_reward,throw_reward,0.00021316511
alignment_reward,goal_another_reward,0.00021300363
success_reward,contact_penalty,0.00021162014
press_object_reward,orientation_penalty,0.00021149858
action_reward,goal_another_reward,0.0002114258
object_angle_reward,stability_penalty,0.00021141414
move_reward,air_time_reward,0.00021123934
goal_reward,success_reward,0.00021113889
separation_reward,open_reward,0.0002111035
position_another_reward,handover_reward,0.00021078199
progress_reward,manipulation_reward,0.00021071365
swing_reward,pour_alignment_reward,0.00021069923
close_reward,manipulation_reward,0.00021064503
success_bonus,object_angle_reward,0.00021061809
object_angle_reward,contact_reward,0.00021051966
progress_reward,progress_reward,0.00021023052
air_time_reward,linvelocity_reward,0.00021018973
orientation_penalty,grasp_reward,0.00021018938
object_push_reward,rotation_penalty,0.00021016048
simultaneity_reward,success_another_reward,0.00020999549
rotation_reward,hand_balance_reward,0.00020997571
close_reward,time_penalty,0.00020993172
hand_switch_bonus,opposite_pull_reward,0.00020979714
hand_switch_bonus,separation_velocity_reward,0.00020979714
air_time_reward,move_reward,0.00020972623
force_reward,angular_velocity_reward,0.00020969081
press_object_reward,rotation_penalty,0.00020962466
swing_reward,stability_penalty,0.00020959925
finger_reward,move_bonus,0.00020954185
place_reward,stack_reward,0.00020936105
finger_reward,velocity_penalty,0.0002091166
open_velocity_reward,stack_bonus,0.00020910827
placement_reward,hand_distance_reward,0.00020899529
lift_reward,stability_penalty,0.00020885137
close_reward,push_reward,0.0002087034
penalty_object,handle_object_reward,0.00020835015
goal_position_reward,hand_distance_reward,0.00020831621
separation_progress_reward,pull_reward,0.00020808363
time_penalty,position_reward,0.00020807309
goal_orientation_reward,manipulation_reward,0.00020778833
separation_reward,stack_reward,0.00020759345
handle_another_reward,object_push_reward,0.00020749492
time_penalty,hold_another_object_reward,0.00020746348
handle_grasp_reward,manipulation_reward,0.00020731239
pour_alignment_reward,penalty_object_another,0.0002068367
action_reward,hold_object_reward,0.00020679602
object_push_reward,push_reward,0.00020674817
grip_reward,pour_alignment_reward,0.0002066728
angular_velocity_reward,handle_reward,0.00020662964
orientation_penalty,hand_balance_reward,0.00020642692
success_bonus,success_reward,0.00020639946
lift_reward,goal_orientation_reward,0.00020635799
move_bonus,velocity_reward,0.00020627124
rotation_penalty,position_reward,0.0002062216
velocity_reward,progress_reward,0.00020604653
velocity_reward,air_time_reward,0.00020600187
press_object_reward,goal_another_reward,0.00020578178
stability_penalty,manipulation_reward,0.00020567181
object_angle_reward,rotation_reward,0.00020539138
position_another_reward,velocity_object_reward,0.00020530012
position_another_reward,velocity_object_another_reward,0.00020530012
swing_velocity_reward,handover_reward,0.00020529247
goal_another_reward,force_reward,0.00020507716
rotation_penalty,rotation_reward,0.00020506933
goal_penalty,pour_reward,0.00020497662
penalty_object_another,place_reward,0.0002048997
handle_another_reward,placement_reward,0.00020489802
stability_penalty,close_reward,0.00020482978
separation_progress_reward,success_bonus,0.00020465822
alignment_reward,time_penalty,0.00020455128
linvelocity_reward,open_velocity_reward,0.00020447563
completion_bonus,swing_velocity_reward,0.00020442424
progress_reward,contact_reward,0.0002044166
linvelocity_reward,force_reward,0.00020435979
object_velocity_reward,success_reward,0.00020421375
handle_object_reward,stability_reward,0.00020412794
place_reward,push_reward,0.00020412373
backward_movement_penalty,air_time_reward,0.00020404892
close_reward,vertical_alignment,0.00020402414
alignment_reward,penalty_object,0.00020374461
velocity_penalty,linvelocity_reward,0.00020362226
move_reward,velocity_penalty,0.00020360852
separation_progress_reward,time_penalty,0.00020353164
goal_position_reward,hand_balance_reward,0.00020350565
stack_bonus,hand_balance_reward,0.00020329906
handover_reward,vertical_alignment,0.00020327001
hold_another_object_reward,stability_reward,0.0002032313
penalty_object_another,hold_another_object_reward,0.00020320379
movement_penalty,pull_reward,0.00020318331
transfer_reward,grasp_reward,0.0002026905
press_another_object_reward,pour_alignment_reward,0.00020268616
contact_penalty,contact_reward,0.00020256732
object_velocity_reward,vertical_reward,0.00020252906
simultaneity_reward,manipulation_reward,0.00020247091
manipulation_reward,press_reward,0.00020246951
penalty_object,finger_reward,0.0002024509
handle_another_reward,hand_close_reward,0.00020233396
goal_penalty,handle_reward,0.00020232386
finger_reward,orientation_reward,0.00020216903
penalty_object,placement_reward,0.00020211551
force_reward,velocity_object_another_reward,0.00020206033
force_reward,velocity_object_reward,0.00020206033
transfer_reward,press_reward,0.00020202532
hold_object_reward,stability_reward,0.00020197532
hold_object_reward,success_reward,0.00020185517
pour_alignment_reward,swing_velocity_reward,0.00020181549
goal_penalty,movement_penalty,0.00020165286
stability_penalty,penalty_object_another,0.00020155752
backward_movement_penalty,stability_reward,0.00020147888
separation_progress_bonus,press_reward,0.000201376
penalty_object_another,progress_reward,0.00020137189
object_velocity_reward,goal_penalty,0.00020136459
contact_penalty,action_reward,0.00020113276
vertical_reward,grasp_reward,0.00020104904
vertical_alignment,drop_penalty,0.00020096591
penalty_object,time_penalty,0.00020072628
progress_reward,proximity_reward,0.00020072292
move_bonus,movement_penalty,0.00020070322
lift_reward,alignment_reward,0.00020064303
throw_reward,vertical_alignment,0.000200028
vertical_alignment,grasp_reward,0.00019997348
movement_penalty,handover_reward,0.00019992543
move_bonus,vertical_alignment,0.00019951221
object_velocity_reward,move_bonus,0.00019947949
hand_close_reward,stability_penalty,0.00019931003
progress_reward,handover_reward,0.00019929152
vertical_reward,press_another_object_reward,0.00019926854
manipulation_reward,position_reward,0.00019924033
velocity_object_reward,press_reward,0.0001989849
spill_penalty,object_angle_reward,0.00019891567
handle_another_object_reward,grip_reward,0.0001988036
force_reward,penalty_object_another,0.00019878599
penalty_object,object_push_reward,0.00019855806
hand_switch_bonus,separation_reward,0.00019841449
transfer_reward,goal_orientation_reward,0.00019833345
separation_progress_reward,grasp_reward,0.00019819319
alignment_reward,pour_reward,0.00019816974
hold_object_reward,angular_velocity_reward,0.00019812105
hold_another_object_reward,move_reward,0.0001980932
contact_reward,manipulation_reward,0.00019801414
separation_reward,transfer_reward,0.00019736474
handover_reward,hand_close_reward,0.00019718798
hand_balance_reward,vertical_alignment,0.00019712507
handle_another_reward,close_reward,0.00019691284
object_velocity_reward,move_reward,0.00019669173
press_another_object_reward,hand_close_reward,0.00019655137
hold_object_reward,position_reward,0.00019646775
task_completion_reward,stability_reward,0.00019641967
object_position_reward,height_reward,0.00019629284
tilt_reward,orientation_penalty,0.00019612645
object_velocity_reward,open_velocity_reward,0.00019577975
grip_reward,time_penalty,0.00019574392
pour_alignment_reward,manipulation_reward,0.00019570145
goal_alignment_reward,smooth_reward,0.00019569426
placement_reward,handle_another_object_reward,0.00019563142
position_reward,pull_reward,0.00019536866
move_reward,grip_reward,0.00019525294
backward_movement_penalty,success_bonus,0.00019507878
open_reward,penalty_object_another,0.00019498754
opposite_pull_reward,alignment_reward,0.00019483983
smooth_reward,progress_reward,0.00019477379
vertical_reward,time_penalty,0.00019460522
penalty_drop_object_another,goal_orientation_reward,0.00019455022
hand_balance_reward,rotation_reward,0.00019452063
handle_object_reward,goal_alignment_reward,0.00019449781
pour_alignment_reward,rotation_reward,0.00019444185
goal_alignment_reward,contact_reward,0.00019417192
goal_penalty,press_another_object_reward,0.00019410989
rotation_penalty,press_another_object_reward,0.00019388911
force_reward,object_position_reward,0.00019386881
smooth_reward,goal_reward,0.00019378625
position_another_reward,hand_switch_bonus,0.0001936711
separation_reward,pull_reward,0.00019365626
open_reward,handle_another_object_reward,0.00019361135
contact_penalty,alignment_reward,0.00019336681
rotation_penalty,penalty_object,0.00019335879
force_reward,pour_alignment_reward,0.00019328496
grip_reward,pull_reward,0.00019326134
throw_reward,goal_position_reward,0.0001931225
tilt_reward,vertical_alignment,0.00019307248
goal_alignment_reward,success_reward,0.00019287174
vertical_alignment,hand_distance_reward,0.00019284495
episode_length_penalty,velocity_reward,0.00019282848
height_reward,swing_reward,0.00019271053
object_position_reward,handover_reward,0.00019258955
time_penalty,angular_velocity_reward,0.00019245571
velocity_penalty,handover_reward,0.00019240048
smooth_reward,velocity_penalty,0.00019237104
stack_bonus,backward_movement_penalty,0.00019227692
orientation_penalty,contact_reward,0.00019209545
air_time_reward,lift_reward,0.00019204507
task_completion_reward,velocity_penalty,0.00019191096
hand_distance_reward,stability_reward,0.00019189708
handle_another_object_reward,penalty_object,0.00019177012
movement_penalty,rotation_penalty,0.0001917215
placement_reward,position_another_reward,0.00019164149
open_reward,placement_reward,0.00019152925
penalty_object,force_reward,0.00019140457
vertical_reward,hold_object_reward,0.0001910723
pour_alignment_reward,lift_reward,0.00019100879
velocity_object_reward,stack_bonus,0.0001909851
object_push_reward,position_reward,0.00019096839
stability_penalty,simultaneity_reward,0.00019096692
goal_penalty,stack_bonus,0.00019071304
contact_penalty,stability_reward,0.00019041178
smooth_reward,hand_switch_bonus,0.00019030114
hand_distance_reward,grip_reward,0.00019011043
press_reward,throw_reward,0.00019004072
orientation_penalty,manipulation_reward,0.00018997063
simultaneity_reward,handle_object_reward,0.00018992442
time_penalty,pour_reward,0.00018991811
handle_another_object_reward,proximity_reward,0.00018986009
opposite_pull_reward,handover_reward,0.00018959824
movement_penalty,throw_reward,0.00018948449
stack_reward,rotation_reward,0.00018933752
separation_reward,object_angle_reward,0.00018926464
close_reward,alignment_reward,0.0001892339
handle_object_reward,rotation_penalty,0.00018910192
rotation_penalty,separation_progress_bonus,0.0001888289
hand_close_reward,drop_penalty,0.0001887677
press_object_reward,simultaneity_reward,0.00018834231
vertical_reward,alignment_reward,0.00018823799
penalty_object,goal_orientation_reward,0.00018822106
velocity_object_another_reward,drop_penalty,0.0001880191
grip_reward,penalty_drop_object_another,0.00018796102
grip_reward,penalty_drop_object,0.00018796102
separation_reward,separation_progress_bonus,0.0001879191
handle_grasp_reward,progress_reward,0.00018786547
separation_reward,hand_close_reward,0.00018753482
lift_reward,manipulation_reward,0.00018752916
handle_grasp_reward,pull_reward,0.00018750106
pull_reward,drop_penalty,0.00018706548
goal_penalty,linvelocity_reward,0.00018689244
goal_another_reward,close_reward,0.00018683297
handle_object_reward,success_another_reward,0.00018672696
action_reward,rotation_reward,0.00018668751
object_velocity_reward,progress_reward,0.00018650648
press_object_reward,press_reward,0.00018637415
incremental_progress_reward,force_reward,0.00018611016
open_velocity_reward,contact_reward,0.00018576393
action_reward,angular_velocity_reward,0.00018575818
contact_reward,hand_distance_reward,0.00018571525
handle_another_object_reward,swing_velocity_reward,0.00018567081
goal_orientation_reward,hand_distance_reward,0.00018563874
completion_bonus,vertical_reward,0.00018550566
position_another_reward,success_reward,0.00018545793
penalty_object,transfer_reward,0.00018545534
vertical_reward,tilt_reward,0.00018536989
throw_reward,penalty_object,0.00018531371
stack_reward,handle_another_object_reward,0.00018530583
height_reward,contact_reward,0.00018526158
pour_reward,manipulation_reward,0.00018519054
contact_reward,progress_reward,0.00018510185
hand_switch_bonus,manipulation_reward,0.0001849527
stack_bonus,incremental_progress_reward,0.0001849204
stability_reward,pull_reward,0.00018490166
completion_bonus,pull_reward,0.00018485056
handle_reward,spill_penalty,0.00018468889
position_another_reward,object_position_reward,0.00018464458
vertical_alignment,hold_another_object_reward,0.00018452876
goal_another_reward,grip_reward,0.00018428937
handle_object_reward,goal_penalty,0.00018424969
movement_penalty,swing_reward,0.0001842097
position_another_reward,press_reward,0.00018416849
drop_penalty,pour_reward,0.00018408333
backward_movement_penalty,object_angle_reward,0.00018405485
vertical_alignment,alignment_reward,0.00018391373
hand_balance_reward,object_velocity_reward,0.00018390261
pull_reward,push_reward,0.00018384636
stability_reward,penalty_drop_object,0.00018377864
stability_reward,penalty_drop_object_another,0.00018377864
open_velocity_reward,handle_object_reward,0.00018358334
orientation_penalty,position_another_reward,0.00018355002
close_reward,air_time_reward,0.00018341657
grip_reward,goal_reward,0.00018329135
orientation_reward,goal_alignment_reward,0.00018308725
angular_velocity_reward,grip_reward,0.00018306056
hold_object_reward,hand_switch_bonus,0.00018301576
object_position_reward,separation_progress_reward,0.00018270062
spill_penalty,opposite_pull_reward,0.00018254081
spill_penalty,separation_velocity_reward,0.00018254081
velocity_reward,success_reward,0.00018230634
action_reward,handle_another_object_reward,0.0001822478
penalty_drop_object,rotation_penalty,0.0001822343
grip_reward,lift_reward,0.00018218393
success_reward,close_reward,0.00018190147
completion_bonus,approach_reward,0.00018182561
throw_reward,handover_reward,0.00018180058
press_reward,hold_another_object_reward,0.00018165684
hold_another_object_reward,contact_penalty,0.0001815986
velocity_object_another_reward,rotation_reward,0.00018150899
hand_switch_bonus,move_bonus,0.00018149019
pull_reward,object_position_reward,0.00018139859
goal_position_reward,episode_length_penalty,0.00018126746
completion_bonus,rotation_penalty,0.00018108446
position_reward,penalty_drop_object,0.00018101731
position_reward,penalty_drop_object_another,0.00018101731
penalty_object_another,velocity_object_another_reward,0.00018094895
penalty_object_another,velocity_object_reward,0.00018094895
incremental_progress_reward,hold_another_object_reward,0.00018091888
rotation_penalty,action_reward,0.00018086938
push_reward,tilt_reward,0.00018068934
handle_another_object_reward,alignment_reward,0.00018068744
move_reward,alignment_reward,0.0001806543
task_completion_reward,penalty_drop_object,0.00018056617
task_completion_reward,penalty_drop_object_another,0.00018056617
object_position_reward,proximity_reward,0.0001805525
progress_reward,air_time_reward,0.00018054956
alignment_reward,pour_alignment_reward,0.00018050478
smooth_reward,height_reward,0.00018049021
vertical_alignment,goal_alignment_reward,0.00018047767
place_reward,completion_bonus,0.00018040322
angular_velocity_reward,force_reward,0.0001803496
velocity_reward,angular_velocity_reward,0.00018016418
contact_penalty,swing_reward,0.00018001914
incremental_progress_reward,push_reward,0.00018000827
stack_bonus,penalty_drop_object,0.00017976086
stack_bonus,penalty_drop_object_another,0.00017976086
stack_reward,press_another_object_reward,0.0001797417
handle_another_reward,success_bonus,0.00017957907
tilt_reward,handle_grasp_reward,0.00017942012
contact_reward,force_reward,0.00017941609
pull_reward,episode_length_penalty,0.00017936449
velocity_object_reward,velocity_penalty,0.000179312
rotation_reward,position_another_reward,0.00017924079
press_another_object_reward,grip_reward,0.00017914022
velocity_object_reward,place_reward,0.00017909199
goal_reward,press_object_reward,0.00017891641
hand_balance_reward,orientation_penalty,0.00017887627
object_angle_reward,velocity_object_reward,0.00017859055
object_angle_reward,velocity_object_another_reward,0.00017859055
position_reward,separation_progress_bonus,0.00017840983
success_bonus,goal_orientation_reward,0.00017820919
goal_reward,pour_alignment_reward,0.00017814468
manipulation_reward,completion_bonus,0.00017807151
penalty_object_another,placement_reward,0.00017798551
penalty_object_another,action_reward,0.00017796751
stack_reward,stability_penalty,0.00017766212
vertical_alignment,progress_reward,0.00017766164
press_reward,rotation_penalty,0.00017728396
open_reward,success_another_reward,0.00017719087
orientation_penalty,backward_movement_penalty,0.00017690906
goal_alignment_reward,approach_reward,0.00017677681
angular_velocity_reward,rotation_penalty,0.00017670768
object_velocity_reward,handle_reward,0.00017668231
velocity_object_another_reward,penalty_object,0.00017667707
orientation_penalty,handle_reward,0.00017662639
placement_reward,close_reward,0.00017651812
velocity_object_reward,position_reward,0.00017640943
movement_penalty,success_reward,0.00017632864
manipulation_reward,handle_another_reward,0.00017625214
task_completion_reward,progress_reward,0.00017607477
velocity_object_another_reward,goal_reward,0.00017604232
opposite_pull_reward,handle_object_reward,0.00017595122
transfer_reward,velocity_object_reward,0.0001757221
transfer_reward,velocity_object_another_reward,0.0001757221
lift_reward,rotation_penalty,0.00017543795
swing_reward,progress_reward,0.00017542762
velocity_object_reward,goal_orientation_reward,0.00017541829
success_another_reward,object_velocity_reward,0.00017535654
separation_reward,success_reward,0.00017524124
linvelocity_reward,velocity_reward,0.0001751032
move_bonus,time_penalty,0.00017509135
swing_velocity_reward,object_push_reward,0.00017483093
grip_reward,transfer_reward,0.0001747945
hand_balance_reward,press_another_object_reward,0.00017470402
hand_close_reward,angular_velocity_reward,0.00017466751
finger_reward,hand_distance_reward,0.00017456056
vertical_reward,open_velocity_reward,0.00017448876
open_velocity_reward,stability_reward,0.0001744258
swing_reward,separation_velocity_reward,0.00017431905
swing_reward,opposite_pull_reward,0.00017431905
hand_balance_reward,stack_bonus,0.0001741183
time_penalty,rotation_reward,0.00017409172
separation_progress_reward,placement_reward,0.00017401174
pull_reward,position_reward,0.00017399646
position_reward,stability_reward,0.0001736564
alignment_reward,position_reward,0.00017350276
handle_grasp_reward,episode_length_penalty,0.0001734666
hand_balance_reward,swing_reward,0.00017346597
time_penalty,hand_close_reward,0.00017342641
approach_reward,orientation_reward,0.00017308615
goal_position_reward,vertical_reward,0.00017292949
tilt_reward,swing_reward,0.00017284112
press_reward,velocity_penalty,0.00017282322
object_angle_reward,placement_reward,0.00017279308
handle_object_reward,success_reward,0.00017273416
press_object_reward,progress_reward,0.00017257588
hold_object_reward,handover_reward,0.00017238392
contact_penalty,orientation_penalty,0.00017232115
manipulation_reward,move_reward,0.00017223996
transfer_reward,success_reward,0.00017205678
hand_close_reward,pull_reward,0.00017202675
handle_reward,throw_reward,0.00017201323
object_push_reward,air_time_reward,0.00017193277
approach_reward,position_reward,0.00017189606
height_reward,close_reward,0.00017187934
penalty_object,drop_penalty,0.0001716181
pour_alignment_reward,hold_object_reward,0.0001715844
finger_reward,goal_another_reward,0.00017154888
close_reward,place_reward,0.0001715108
move_bonus,stack_reward,0.00017125433
goal_alignment_reward,goal_another_reward,0.00017094926
stack_reward,goal_reward,0.00017080171
backward_movement_penalty,press_another_object_reward,0.00017070473
object_position_reward,stability_reward,0.00017068295
time_penalty,object_velocity_reward,0.00017053714
vertical_alignment,stability_reward,0.00017046441
close_reward,success_bonus,0.0001704052
hand_distance_reward,position_another_reward,0.00017034625
object_position_reward,alignment_reward,0.00017026442
hand_close_reward,object_angle_reward,0.00017025728
press_reward,object_velocity_reward,0.0001702498
pull_reward,spill_penalty,0.00017023683
grasp_reward,transfer_reward,0.000170158
goal_position_reward,movement_penalty,0.000170042
separation_velocity_reward,stability_penalty,0.00017001787
open_velocity_reward,placement_reward,0.0001698384
pour_alignment_reward,separation_progress_bonus,0.00016964057
tilt_reward,spill_penalty,0.00016962664
separation_progress_bonus,stack_reward,0.00016953555
swing_velocity_reward,penalty_drop_object_another,0.00016942328
swing_velocity_reward,penalty_drop_object,0.00016942328
velocity_object_another_reward,simultaneity_reward,0.00016938736
placement_reward,press_reward,0.0001692942
contact_penalty,incremental_progress_reward,0.00016925439
contact_penalty,grasp_reward,0.00016918167
push_reward,separation_progress_reward,0.00016901862
swing_reward,penalty_object,0.00016901852
hold_object_reward,vertical_reward,0.00016889827
contact_penalty,pour_alignment_reward,0.00016885872
alignment_reward,goal_alignment_reward,0.00016878475
rotation_reward,pour_reward,0.00016853501
swing_reward,hold_another_object_reward,0.0001683555
backward_movement_penalty,separation_reward,0.00016804496
handle_grasp_reward,lift_reward,0.00016801187
action_reward,approach_reward,0.00016790887
stability_reward,grasp_reward,0.00016782281
backward_movement_penalty,simultaneity_reward,0.00016780353
spill_penalty,hold_another_object_reward,0.00016771354
pour_alignment_reward,hold_another_object_reward,0.00016736117
position_another_reward,hand_distance_reward,0.00016728598
air_time_reward,separation_reward,0.00016727923
separation_velocity_reward,position_another_reward,0.00016726484
handle_another_reward,hand_balance_reward,0.00016715452
open_reward,goal_penalty,0.00016709177
push_reward,proximity_reward,0.000166878
separation_velocity_reward,stack_bonus,0.00016685558
velocity_object_reward,contact_reward,0.0001668305
open_velocity_reward,incremental_progress_reward,0.00016670463
stability_reward,goal_another_reward,0.00016664284
incremental_progress_reward,separation_progress_reward,0.00016660038
hand_balance_reward,goal_alignment_reward,0.00016654865
move_bonus,finger_reward,0.0001663622
contact_penalty,close_reward,0.0001662489
time_penalty,stack_reward,0.00016615642
contact_penalty,smooth_reward,0.00016612743
goal_alignment_reward,success_bonus,0.00016592277
hand_balance_reward,hold_another_object_reward,0.00016585874
velocity_object_reward,separation_reward,0.00016577695
penalty_object,alignment_reward,0.00016555427
stability_reward,press_object_reward,0.00016552607
swing_velocity_reward,hand_balance_reward,0.00016546149
close_reward,success_reward,0.00016542582
handle_another_reward,hold_another_object_reward,0.00016487173
angular_velocity_reward,backward_movement_penalty,0.00016477867
height_reward,stability_penalty,0.00016465993
swing_velocity_reward,progress_reward,0.00016448919
hand_switch_bonus,object_velocity_reward,0.00016437018
orientation_reward,object_angle_reward,0.00016435445
success_another_reward,rotation_penalty,0.00016428423
grasp_reward,stability_reward,0.0001642399
grasp_reward,goal_another_reward,0.00016422139
penalty_drop_object,episode_length_penalty,0.00016419632
rotation_penalty,goal_orientation_reward,0.00016399114
press_object_reward,contact_reward,0.00016394742
press_another_object_reward,movement_penalty,0.00016393926
swing_velocity_reward,success_another_reward,0.00016350877
grasp_reward,penalty_object,0.0001634517
swing_velocity_reward,separation_progress_reward,0.00016345027
object_position_reward,hold_object_reward,0.00016340148
separation_reward,time_penalty,0.00016339346
air_time_reward,smooth_reward,0.00016327358
pour_alignment_reward,action_reward,0.00016316687
vertical_reward,lift_reward,0.0001630945
rotation_penalty,air_time_reward,0.00016290923
velocity_reward,handle_grasp_reward,0.00016268065
transfer_reward,penalty_drop_object_another,0.00016266007
transfer_reward,penalty_drop_object,0.00016266007
contact_penalty,hold_another_object_reward,0.00016263692
progress_reward,height_reward,0.00016246355
alignment_reward,object_angle_reward,0.00016242373
position_reward,object_velocity_reward,0.0001623035
open_reward,position_reward,0.00016229258
open_reward,orientation_reward,0.00016227954
air_time_reward,handle_reward,0.0001621374
time_penalty,task_completion_reward,0.00016201267
position_reward,goal_penalty,0.00016196168
alignment_reward,velocity_reward,0.00016186986
object_position_reward,handle_another_object_reward,0.00016180078
lift_reward,completion_bonus,0.00016158163
stability_penalty,contact_penalty,0.00016143388
height_reward,stack_bonus,0.00016138294
vertical_reward,penalty_object_another,0.00016107707
move_bonus,completion_bonus,0.00016088657
handle_another_object_reward,goal_alignment_reward,0.00016065803
episode_length_penalty,alignment_reward,0.00016054815
object_velocity_reward,handle_grasp_reward,0.0001605259
press_another_object_reward,velocity_object_reward,0.00016049358
press_another_object_reward,velocity_object_another_reward,0.00016049358
velocity_reward,contact_reward,0.00016046879
vertical_alignment,movement_penalty,0.00016041522
velocity_penalty,penalty_object,0.00016028476
transfer_reward,vertical_reward,0.00016027981
backward_movement_penalty,push_reward,0.0001602154
contact_penalty,grip_reward,0.0001601597
push_reward,alignment_reward,0.00016011564
move_reward,stack_reward,0.00016006558
progress_reward,penalty_drop_object,0.00016001624
progress_reward,penalty_drop_object_another,0.00016001624
handle_another_object_reward,orientation_penalty,0.00016001613
transfer_reward,alignment_reward,0.00015993255
penalty_drop_object,push_reward,0.00015980935
close_reward,angular_velocity_reward,0.00015974975
backward_movement_penalty,hand_distance_reward,0.00015959406
transfer_reward,success_another_reward,0.0001595148
goal_position_reward,success_bonus,0.00015941335
object_position_reward,finger_reward,0.00015935524
goal_another_reward,hold_object_reward,0.00015925623
alignment_reward,grasp_reward,0.00015924366
object_angle_reward,handle_reward,0.00015915414
move_bonus,force_reward,0.00015914145
hand_close_reward,handle_reward,0.00015896733
opposite_pull_reward,progress_reward,0.00015892595
hold_object_reward,finger_reward,0.0001588611
press_reward,handle_another_object_reward,0.00015885507
goal_reward,open_velocity_reward,0.00015881754
handover_reward,stack_bonus,0.00015879555
incremental_progress_reward,handle_reward,0.00015874139
open_reward,grasp_reward,0.00015869564
action_reward,throw_reward,0.00015868827
handle_reward,press_another_object_reward,0.00015860832
episode_length_penalty,height_reward,0.00015852413
grip_reward,orientation_penalty,0.00015851282
linvelocity_reward,goal_reward,0.00015849712
swing_velocity_reward,handle_grasp_reward,0.00015836391
goal_another_reward,stability_penalty,0.00015821293
completion_bonus,grasp_reward,0.00015820548
goal_reward,object_position_reward,0.00015797252
time_penalty,goal_another_reward,0.00015790998
rotation_reward,lift_reward,0.00015783847
proximity_reward,handle_another_object_reward,0.00015774828
episode_length_penalty,time_penalty,0.00015773682
grip_reward,velocity_penalty,0.00015728312
success_reward,position_another_reward,0.00015716741
transfer_reward,rotation_penalty,0.00015712062
object_push_reward,goal_orientation_reward,0.00015703295
rotation_reward,hand_switch_bonus,0.00015703231
placement_reward,push_reward,0.00015674131
open_velocity_reward,separation_progress_reward,0.00015663273
progress_reward,simultaneity_reward,0.00015645262
grip_reward,pour_reward,0.00015638994
goal_another_reward,goal_penalty,0.00015628143
object_push_reward,placement_reward,0.0001562296
hold_another_object_reward,opposite_pull_reward,0.00015621631
hold_another_object_reward,separation_velocity_reward,0.00015621631
rotation_penalty,proximity_reward,0.0001561765
orientation_penalty,time_penalty,0.00015616072
handle_another_object_reward,air_time_reward,0.0001560955
contact_reward,separation_velocity_reward,0.00015608614
contact_reward,opposite_pull_reward,0.00015608614
open_reward,stability_penalty,0.00015602389
goal_reward,action_reward,0.00015601702
linvelocity_reward,pour_alignment_reward,0.00015592121
penalty_object_another,position_another_reward,0.00015577214
velocity_reward,pour_reward,0.00015577198
swing_velocity_reward,velocity_penalty,0.00015575725
lift_reward,opposite_pull_reward,0.00015575661
lift_reward,separation_velocity_reward,0.00015575661
penalty_drop_object,handle_reward,0.00015557824
air_time_reward,press_reward,0.00015551913
open_reward,goal_reward,0.00015535769
contact_penalty,object_position_reward,0.0001553371
simultaneity_reward,open_reward,0.00015533273
position_another_reward,action_reward,0.00015530866
linvelocity_reward,goal_penalty,0.00015527736
rotation_reward,tilt_reward,0.00015527669
separation_velocity_reward,grip_reward,0.00015509763
orientation_reward,handle_reward,0.00015504239
task_completion_reward,episode_length_penalty,0.00015503516
open_velocity_reward,stability_penalty,0.00015491364
hand_balance_reward,proximity_reward,0.00015488
rotation_penalty,object_position_reward,0.00015473946
separation_progress_bonus,contact_penalty,0.0001546459
penalty_drop_object,approach_reward,0.00015462801
success_another_reward,hand_distance_reward,0.00015460572
orientation_penalty,contact_penalty,0.00015445935
contact_penalty,hand_balance_reward,0.00015443566
position_another_reward,drop_penalty,0.00015442149
orientation_penalty,progress_reward,0.00015441292
tilt_reward,position_another_reward,0.00015439976
separation_progress_reward,contact_reward,0.00015439207
rotation_penalty,drop_penalty,0.00015427195
height_reward,drop_penalty,0.00015420384
orientation_reward,rotation_reward,0.00015395359
move_reward,stability_penalty,0.00015389179
handle_grasp_reward,position_reward,0.00015381581
rotation_reward,goal_alignment_reward,0.00015381469
manipulation_reward,hand_distance_reward,0.00015372995
handle_reward,vertical_reward,0.00015370102
object_push_reward,handle_reward,0.00015367985
handle_another_reward,vertical_reward,0.0001536318
pull_reward,stack_bonus,0.0001535475
press_another_object_reward,spill_penalty,0.00015339305
object_angle_reward,handle_object_reward,0.0001533779
air_time_reward,completion_bonus,0.00015336352
proximity_reward,finger_reward,0.00015324757
object_angle_reward,time_penalty,0.00015321885
success_bonus,placement_reward,0.0001532125
object_push_reward,stack_reward,0.00015318912
push_reward,pour_alignment_reward,0.00015305946
action_reward,smooth_reward,0.00015304593
place_reward,angular_velocity_reward,0.00015298708
separation_reward,height_reward,0.00015280071
penalty_drop_object,hold_another_object_reward,0.00015275454
hold_another_object_reward,incremental_progress_reward,0.00015272746
transfer_reward,rotation_reward,0.00015266168
progress_reward,success_another_reward,0.00015259387
handle_object_reward,contact_reward,0.00015257021
object_position_reward,press_another_object_reward,0.00015255093
completion_bonus,drop_penalty,0.00015254195
goal_another_reward,penalty_object,0.00015219505
contact_reward,movement_penalty,0.00015215485
force_reward,vertical_reward,0.00015193125
vertical_reward,pour_alignment_reward,0.00015191494
goal_orientation_reward,handle_reward,0.00015183803
approach_reward,goal_reward,0.00015171772
hold_another_object_reward,pour_reward,0.00015162914
time_penalty,vertical_reward,0.00015158787
height_reward,penalty_object,0.00015155939
penalty_drop_object_another,lift_reward,0.00015153912
hand_distance_reward,object_angle_reward,0.00015146371
velocity_object_another_reward,stack_bonus,0.00015109646
progress_reward,stability_reward,0.00015109526
throw_reward,separation_progress_bonus,0.00015102564
success_reward,separation_reward,0.00015083172
object_velocity_reward,open_reward,0.00015074672
stability_reward,episode_length_penalty,0.00015073126
stack_reward,stack_bonus,0.00015058804
drop_penalty,goal_position_reward,0.00015058107
alignment_reward,contact_penalty,0.00015058053
penalty_drop_object_another,goal_position_reward,0.00015057104
handle_object_reward,placement_reward,0.0001504757
velocity_penalty,move_bonus,0.000150414
incremental_progress_reward,orientation_reward,0.00015036081
handle_reward,lift_reward,0.00015032841
handle_another_reward,pull_reward,0.00015030417
move_reward,vertical_reward,0.0001502734
smooth_reward,separation_progress_reward,0.00015026683
incremental_progress_reward,alignment_reward,0.000150247
pour_alignment_reward,rotation_penalty,0.00015022658
grip_reward,velocity_reward,0.00015015608
goal_penalty,goal_position_reward,0.00015015074
hand_distance_reward,press_another_object_reward,0.00015011764
orientation_penalty,pull_reward,0.00015002744
proximity_reward,throw_reward,0.00015000874
