score,r_goal_reward,w_goal_reward,active_goal_reward,r_grasp_reward,w_grasp_reward,active_grasp_reward,r_grip_reward,w_grip_reward,active_grip_reward,r_handle_another_reward,w_handle_another_reward,active_handle_another_reward,r_handle_grasp_reward,w_handle_grasp_reward,active_handle_grasp_reward,r_handle_reward,w_handle_reward,active_handle_reward,r_open_reward,w_open_reward,active_open_reward,r_orientation_reward,w_orientation_reward,active_orientation_reward,r_position_reward,w_position_reward,active_position_reward,r_success_bonus,w_success_bonus,active_success_bonus,r_time_penalty,w_time_penalty,active_time_penalty,r_velocity_penalty,w_velocity_penalty,active_velocity_penalty,env_id,seed
0.9999951,,0,0,,0,0,,0,0,,0,0,,3.0,1,,0,0,,0,0,,0,0,,0.1,1,,0,0,,0.2,1,,0,0,shadow_hand_scissors,42
0.9811419,,0,0,,0,0,,0,0,,0,0,,3.0,1,,0,0,,0,0,,0,0,,0.1,1,,0,0,,0.2,1,,0,0,shadow_hand_scissors,42
0.99987924,,0,0,,0,0,,0,0,,0,0,,5.0,1,,0,0,,0,0,,0,0,,0.1,1,,0,0,,0.2,1,,0,0,shadow_hand_scissors,42
0.99936295,,0,0,,0,0,,0,0,,0,0,,5.0,1,,0,0,,0,0,,0,0,,0.05,1,,0,0,,0.2,1,,0,0,shadow_hand_scissors,42
0.9996992,,0,0,,0,0,,0,0,,0,0,,3.0,1,,0,0,,0,0,,0,0,,0.1,1,,0,0,,0.2,1,,0,0,shadow_hand_scissors,42
0.99997735,,0,0,,0,0,,0,0,,0,0,,5.0,1,,0,0,,0,0,,0,0,,0.05,1,,0,0,,0.2,1,,0,0,shadow_hand_scissors,42
0.99996936,,0,0,,0,0,,0,0,,0,0,,5.0,1,,0,0,,0,0,,0,0,,0.05,1,,0,0,,0.2,1,,0,0,shadow_hand_scissors,42
0.9985994,,0,0,,0,0,,0,0,,0,0,,4.0,1,,0,0,,0,0,,0,0,,0.05,1,,0,0,,0.2,1,,0,0,shadow_hand_scissors,42
0.99911517,,0,0,,0,0,,0,0,,0,0,,5.0,1,,0,0,,0,0,,0,0,,0.1,1,,0,0,,0.2,1,,0,0,shadow_hand_scissors,42
0.999984,,0,0,,0,0,,0,0,,0,0,,3.0,1,,0,0,,0,0,,0,0,,0.1,1,,0,0,,0.2,1,,0,0,shadow_hand_scissors,42
0.9945521,,0,0,,0,0,,0,0,,0,0,,5.0,1,,0,0,,0,0,,0,0,,0.05,1,,0,0,,0.2,1,,0,0,shadow_hand_scissors,42
0.9978872,,0,0,,0,0,,0,0,,0,0,,3.0,1,,0,0,,0,0,,0,0,,0.1,1,,0,0,,0.2,1,,0,0,shadow_hand_scissors,42
0.99724305,,0,0,,0,0,,0,0,,0,0,,5.0,1,,0,0,,0,0,,0,0,,0.05,1,,0,0,,0.2,1,,0,0,shadow_hand_scissors,42
0.9996841,,0,0,,0,0,,0,0,,0,0,,3.0,1,,0,0,,0,0,,0,0,,0.1,1,,0,0,,0.2,1,,0,0,shadow_hand_scissors,42
0.9998665,,0,0,,0,0,,0,0,,0,0,,3.0,1,,0,0,,0,0,,0,0,,0.1,1,,0,0,,0.2,1,,0,0,shadow_hand_scissors,42
0.99933887,,0,0,,0,0,,0,0,,0,0,,5.0,1,,0,0,,0,0,,0,0,,0.1,1,,0,0,,0.2,1,,0,0,shadow_hand_scissors,42
0.9999151,,0,0,,0,0,,0,0,,0,0,,1.0,1,,0,0,,0,0,,0,0,,0.1,1,,0,0,,0.1,1,,0,0,shadow_hand_scissors,42
0.99995697,,0,0,,0,0,,0,0,,0,0,,2.0,1,,0,0,,0,0,,0,0,,0.05,1,,0,0,,0.1,1,,0,0,shadow_hand_scissors,42
0.9857969,,0,0,,0,0,,0,0,,0,0,,1.0,1,,0,0,,0,0,,0,0,,0.05,1,,0,0,,0.1,1,,0,0,shadow_hand_scissors,42
0.98695195,,0,0,,0,0,,0,0,,0,0,,3.0,1,,0,0,,0,0,,0,0,,0.05,1,,0,0,,0.1,1,,0,0,shadow_hand_scissors,42
0.9995527,,0,0,,0,0,,0,0,,0,0,,5.0,1,,0,0,,0,0,,0,0,,0.05,1,,0,0,,0.1,1,,0,0,shadow_hand_scissors,42
0.9963171,,0,0,,0,0,,0,0,,0,0,,3.0,1,,0,0,,0,0,,0,0,,0.05,1,,0,0,,0.1,1,,0,0,shadow_hand_scissors,42
0.9902536,,0,0,,0,0,,0,0,,0,0,,1.5,1,,0,0,,0,0,,0,0,,0.05,1,,0,0,,0.1,1,,0,0,shadow_hand_scissors,42
0.9999175,,0,0,,0,0,,0,0,,0,0,,3.0,1,,0,0,,0,0,,0,0,,0.05,1,,0,0,,0.1,1,,0,0,shadow_hand_scissors,42
0.9999864,,0,0,,0,0,,0,0,,0,0,,5.0,1,,0,0,,0,0,,0,0,,0.05,1,,0,0,,0.1,1,,0,0,shadow_hand_scissors,42
0.99979204,,0,0,,0,0,,0,0,,0,0,,1.0,1,,0,0,,0,0,,0,0,,0.1,1,,0,0,,0.1,1,,0,0,shadow_hand_scissors,42
0.9999916,,0,0,,0,0,,0,0,,0,0,,3.0,1,,0,0,,0,0,,0,0,,0.1,1,,0,0,,0.1,1,,0,0,shadow_hand_scissors,42
0.9961649,,0,0,,0,0,,0,0,,0,0,,5.0,1,,0,0,,0,0,,0,0,,0.05,1,,0,0,,0.1,1,,0,0,shadow_hand_scissors,42
0.9999355,,0,0,,0,0,,0,0,,0,0,,1.0,1,,0,0,,0,0,,0,0,,0.1,1,,0,0,,0.1,1,,0,0,shadow_hand_scissors,42
0.9999608,,0,0,,0,0,,0,0,,0,0,,1.5,1,,0,0,,0,0,,0,0,,0.1,1,,0,0,,0.1,1,,0,0,shadow_hand_scissors,42
0.99977916,,0,0,,0,0,,0,0,,0,0,,1.5,1,,0,0,,0,0,,0,0,,0.05,1,,0,0,,0.1,1,,0,0,shadow_hand_scissors,42
0.99993527,,0,0,,0,0,,0,0,,0,0,,2.0,1,,0,0,,0,0,,0,0,,0.1,1,,0,0,,0.1,1,,0,0,shadow_hand_scissors,42
0.996799,,0,0,,0,0,,0,0,,0,0,,2.0,1,,0,0,,0,0,,0,0,,0.1,1,,0,0,,0.02,1,,0,0,shadow_hand_scissors,42
0.9997901,,0,0,,0,0,,0,0,,0,0,,2.0,1,,0,0,,0,0,,0,0,,0.1,1,,0,0,,0.1,1,,0,0,shadow_hand_scissors,42
0.99937797,,0,0,,0,0,,0,0,,0,0,,2.0,1,,0,0,,0,0,,0,0,,0.1,1,,0,0,,0.1,1,,0,0,shadow_hand_scissors,42
0.9957758,,0,0,,0,0,,0,0,,0,0,,2.0,1,,0,0,,0,0,,0,0,,0.1,1,,0,0,,0.05,1,,0,0,shadow_hand_scissors,42
0.9982301,,0,0,,0,0,,0,0,,0,0,,2.0,1,,0,0,,0,0,,0,0,,0.2,1,,0,0,,0.1,1,,0,0,shadow_hand_scissors,42
0.99722666,,0,0,,0,0,,0,0,,0,0,,2.0,1,,0,0,,0,0,,0,0,,0.2,1,,0,0,,0.05,1,,0,0,shadow_hand_scissors,42
0.99999595,,0,0,,0,0,,0,0,,0,0,,2.0,1,,0,0,,0,0,,0,0,,0.1,1,,0,0,,0.05,1,,0,0,shadow_hand_scissors,42
0.998114,,0,0,,0,0,,0,0,,0,0,,2.0,1,,0,0,,0,0,,0,0,,0.1,1,,0,0,,0.1,1,,0,0,shadow_hand_scissors,42
0.9995693,,0,0,,0,0,,0,0,,0,0,,5.0,1,,0,0,,0,0,,0,0,,0.1,1,,0,0,,0.01,1,,0,0,shadow_hand_scissors,42
0.99999535,,0,0,,0,0,,0,0,,0,0,,2.0,1,,0,0,,0,0,,0,0,,0.1,1,,0,0,,0.02,1,,0,0,shadow_hand_scissors,42
0.9995775,,0,0,,0,0,,0,0,,0,0,,2.0,1,,0,0,,0,0,,0,0,,0.1,1,,0,0,,0.1,1,,0,0,shadow_hand_scissors,42
0.9986898,,0,0,,0,0,,0,0,,0,0,,2.0,1,,0,0,,0,0,,0,0,,0.2,1,,0,0,,0.02,1,,0,0,shadow_hand_scissors,42
0.9996717,,0,0,,0,0,,0,0,,0,0,,0.5,1,,0,0,,0,0,,0,0,,0.1,1,,0,0,,0.1,1,,0,0,shadow_hand_scissors,42
0.9999316,,0,0,,0,0,,0,0,,0,0,,2.0,1,,0,0,,0,0,,0,0,,0.1,1,,0,0,,0.02,1,,0,0,shadow_hand_scissors,42
0.99656963,,0,0,,0,0,,0,0,,0,0,,2.0,1,,0,0,,0,0,,0,0,,0.2,1,,0,0,,0.1,1,,0,0,shadow_hand_scissors,42
0.999966,,0,0,,0,0,,0,0,,0,0,,1.0,1,,0,0,,0,0,,0,0,,0.5,1,,0,0,,0.01,1,,0,0,shadow_hand_scissors,42
0.7255,,0,0,,0,0,,0,0,,0,0,,0.1,1,,0,0,,0,0,,0,0,,0.05,1,,0,0,,0,0,,0,0,shadow_hand_scissors,42
0.978,,0,0,,0,0,,0,0,,0,0,,0.1,1,,0,0,,0,0,,0,0,,0.01,1,,0,0,,0,0,,0,0,shadow_hand_scissors,42
0.9984,,0,0,,0,0,,0,0,,0,0,,0.1,1,,0,0,,0,0,,0,0,,0.5,1,,0,0,,0,0,,0,0,shadow_hand_scissors,42
0.9946,,0,0,,0,0,,0,0,,0,0,,0.05,1,,0,0,,0,0,,0,0,,0.05,1,,0,0,,0,0,,0,0,shadow_hand_scissors,42
0.9778,,0,0,,0,0,,0,0,,0,0,,0.05,1,,0,0,,0,0,,0,0,,0.01,1,,0,0,,0,0,,0,0,shadow_hand_scissors,42
0.9176,,0,0,,0,0,,0,0,,0,0,,0.05,1,,0,0,,0,0,,0,0,,0.5,1,,0,0,,0,0,,0,0,shadow_hand_scissors,42
0.9731,,0,0,,0,0,,0,0,,0,0,,0.5,1,,0,0,,0,0,,0,0,,0.05,1,,0,0,,0,0,,0,0,shadow_hand_scissors,42
0.9911,,0,0,,0,0,,0,0,,0,0,,0.5,1,,0,0,,0,0,,0,0,,0.01,1,,0,0,,0,0,,0,0,shadow_hand_scissors,42
0.9996,,0,0,,0,0,,0,0,,0,0,,0.5,1,,0,0,,0,0,,0,0,,0.5,1,,0,0,,0,0,,0,0,shadow_hand_scissors,42
0.9999,,0.1,1,,0,0,,0,0,,0,0,,0.2,1,,0,0,,0,0,,0,0,,0.05,1,,10.0,1,,0,0,,0,0,shadow_hand_scissors,42
0.9998,,0.1,1,,0,0,,0,0,,0,0,,0.2,1,,0,0,,0,0,,0,0,,0.05,1,,5.0,1,,0,0,,0,0,shadow_hand_scissors,42
0.9982,,0.1,1,,0,0,,0,0,,0,0,,0.2,1,,0,0,,0,0,,0,0,,0.05,1,,20.0,1,,0,0,,0,0,shadow_hand_scissors,42
1.0,,0.5,1,,0,0,,0,0,,0,0,,0.2,1,,0,0,,0,0,,0,0,,0.05,1,,10.0,1,,0,0,,0,0,shadow_hand_scissors,42
0.9992,,0.5,1,,0,0,,0,0,,0,0,,0.2,1,,0,0,,0,0,,0,0,,0.05,1,,5.0,1,,0,0,,0,0,shadow_hand_scissors,42
0.9998,,0.5,1,,0,0,,0,0,,0,0,,0.2,1,,0,0,,0,0,,0,0,,0.05,1,,20.0,1,,0,0,,0,0,shadow_hand_scissors,42
1.0,,1.0,1,,0,0,,0,0,,0,0,,0.2,1,,0,0,,0,0,,0,0,,0.05,1,,10.0,1,,0,0,,0,0,shadow_hand_scissors,42
0.9625,,1.0,1,,0,0,,0,0,,0,0,,0.2,1,,0,0,,0,0,,0,0,,0.05,1,,5.0,1,,0,0,,0,0,shadow_hand_scissors,42
0.805,,1.0,1,,0,0,,0,0,,0,0,,0.2,1,,0,0,,0,0,,0,0,,0.05,1,,20.0,1,,0,0,,0,0,shadow_hand_scissors,42
0.999,,0.1,1,,0,0,,0,0,,0,0,,0.2,1,,0,0,,0,0,,0,0,,0.1,1,,10.0,1,,0,0,,0,0,shadow_hand_scissors,42
0.9978,,0.1,1,,0,0,,0,0,,0,0,,0.2,1,,0,0,,0,0,,0,0,,0.1,1,,5.0,1,,0,0,,0,0,shadow_hand_scissors,42
0.9674,,0.1,1,,0,0,,0,0,,0,0,,0.2,1,,0,0,,0,0,,0,0,,0.1,1,,20.0,1,,0,0,,0,0,shadow_hand_scissors,42
0.9996,,0.5,1,,0,0,,0,0,,0,0,,0.2,1,,0,0,,0,0,,0,0,,0.1,1,,10.0,1,,0,0,,0,0,shadow_hand_scissors,42
0.9959,,0.5,1,,0,0,,0,0,,0,0,,0.2,1,,0,0,,0,0,,0,0,,0.1,1,,5.0,1,,0,0,,0,0,shadow_hand_scissors,42
0.9999,,0.5,1,,0,0,,0,0,,0,0,,0.2,1,,0,0,,0,0,,0,0,,0.1,1,,20.0,1,,0,0,,0,0,shadow_hand_scissors,42
0.9994,,1.0,1,,0,0,,0,0,,0,0,,0.2,1,,0,0,,0,0,,0,0,,0.1,1,,10.0,1,,0,0,,0,0,shadow_hand_scissors,42
1.0,,1.0,1,,0,0,,0,0,,0,0,,0.2,1,,0,0,,0,0,,0,0,,0.1,1,,5.0,1,,0,0,,0,0,shadow_hand_scissors,42
0.9893,,1.0,1,,0,0,,0,0,,0,0,,0.2,1,,0,0,,0,0,,0,0,,0.1,1,,20.0,1,,0,0,,0,0,shadow_hand_scissors,42
0.9982,,0.1,1,,0,0,,0,0,,0,0,,0.1,1,,0,0,,0,0,,0,0,,0.5,1,,10.0,1,,0,0,,0,0,shadow_hand_scissors,42
0.9782,,0.1,1,,0,0,,0,0,,0,0,,0.1,1,,0,0,,0,0,,0,0,,0.5,1,,5.0,1,,0,0,,0,0,shadow_hand_scissors,42
1.0,,0.1,1,,0,0,,0,0,,0,0,,0.1,1,,0,0,,0,0,,0,0,,0.5,1,,20.0,1,,0,0,,0,0,shadow_hand_scissors,42
1.0,,0.5,1,,0,0,,0,0,,0,0,,0.1,1,,0,0,,0,0,,0,0,,0.5,1,,10.0,1,,0,0,,0,0,shadow_hand_scissors,42
0.9973,,0.5,1,,0,0,,0,0,,0,0,,0.1,1,,0,0,,0,0,,0,0,,0.5,1,,5.0,1,,0,0,,0,0,shadow_hand_scissors,42
0.9996,,0.5,1,,0,0,,0,0,,0,0,,0.1,1,,0,0,,0,0,,0,0,,0.5,1,,20.0,1,,0,0,,0,0,shadow_hand_scissors,42
0.9999,,1.0,1,,0,0,,0,0,,0,0,,0.1,1,,0,0,,0,0,,0,0,,0.5,1,,10.0,1,,0,0,,0,0,shadow_hand_scissors,42
0.993,,1.0,1,,0,0,,0,0,,0,0,,0.1,1,,0,0,,0,0,,0,0,,0.5,1,,5.0,1,,0,0,,0,0,shadow_hand_scissors,42
0.9999,,1.0,1,,0,0,,0,0,,0,0,,0.1,1,,0,0,,0,0,,0,0,,0.5,1,,20.0,1,,0,0,,0,0,shadow_hand_scissors,42
0.9965,,0.1,1,,0,0,,0,0,,0,0,,1.0,1,,0,0,,0,0,,0,0,,0.05,1,,10.0,1,,0,0,,0,0,shadow_hand_scissors,42
0.9995,,0.1,1,,0,0,,0,0,,0,0,,1.0,1,,0,0,,0,0,,0,0,,0.05,1,,5.0,1,,0,0,,0,0,shadow_hand_scissors,42
0.9962,,0.1,1,,0,0,,0,0,,0,0,,1.0,1,,0,0,,0,0,,0,0,,0.05,1,,20.0,1,,0,0,,0,0,shadow_hand_scissors,42
0.9969,,0.5,1,,0,0,,0,0,,0,0,,1.0,1,,0,0,,0,0,,0,0,,0.05,1,,10.0,1,,0,0,,0,0,shadow_hand_scissors,42
0.9981,,0.5,1,,0,0,,0,0,,0,0,,1.0,1,,0,0,,0,0,,0,0,,0.05,1,,5.0,1,,0,0,,0,0,shadow_hand_scissors,42
0.9999,,0.5,1,,0,0,,0,0,,0,0,,1.0,1,,0,0,,0,0,,0,0,,0.05,1,,20.0,1,,0,0,,0,0,shadow_hand_scissors,42
1.0,,1.0,1,,0,0,,0,0,,0,0,,1.0,1,,0,0,,0,0,,0,0,,0.05,1,,10.0,1,,0,0,,0,0,shadow_hand_scissors,42
0.9989,,1.0,1,,0,0,,0,0,,0,0,,1.0,1,,0,0,,0,0,,0,0,,0.05,1,,5.0,1,,0,0,,0,0,shadow_hand_scissors,42
0.9976,,1.0,1,,0,0,,0,0,,0,0,,1.0,1,,0,0,,0,0,,0,0,,0.05,1,,20.0,1,,0,0,,0,0,shadow_hand_scissors,42
0.9896,,0.1,1,,0,0,,0,0,,0,0,,0.1,1,,0,0,,0,0,,0,0,,0.05,1,,0,0,,0.01,1,,0,0,shadow_hand_scissors,42
0.9994,,0.1,1,,0,0,,0,0,,0,0,,0.1,1,,0,0,,0,0,,0,0,,0.05,1,,0,0,,0.1,1,,0,0,shadow_hand_scissors,42
0.9999,,0.1,1,,0,0,,0,0,,0,0,,0.1,1,,0,0,,0,0,,0,0,,0.05,1,,0,0,,1.0,1,,0,0,shadow_hand_scissors,42
0.9987,,0.5,1,,0,0,,0,0,,0,0,,0.1,1,,0,0,,0,0,,0,0,,0.05,1,,0,0,,0.01,1,,0,0,shadow_hand_scissors,42
0.9984,,0.5,1,,0,0,,0,0,,0,0,,0.1,1,,0,0,,0,0,,0,0,,0.05,1,,0,0,,0.1,1,,0,0,shadow_hand_scissors,42
1.0,,0.5,1,,0,0,,0,0,,0,0,,0.1,1,,0,0,,0,0,,0,0,,0.05,1,,0,0,,1.0,1,,0,0,shadow_hand_scissors,42
0.9846,,1.0,1,,0,0,,0,0,,0,0,,0.1,1,,0,0,,0,0,,0,0,,0.05,1,,0,0,,0.01,1,,0,0,shadow_hand_scissors,42
0.9691,,1.0,1,,0,0,,0,0,,0,0,,0.1,1,,0,0,,0,0,,0,0,,0.05,1,,0,0,,0.1,1,,0,0,shadow_hand_scissors,42
1.0,,1.0,1,,0,0,,0,0,,0,0,,0.1,1,,0,0,,0,0,,0,0,,0.05,1,,0,0,,1.0,1,,0,0,shadow_hand_scissors,42
0.9004,,0.1,1,,0,0,,0,0,,0,0,,0.1,1,,0,0,,0,0,,0,0,,0.5,1,,0,0,,0.01,1,,0,0,shadow_hand_scissors,42
0.9661,,0.1,1,,0,0,,0,0,,0,0,,0.1,1,,0,0,,0,0,,0,0,,0.5,1,,0,0,,0.1,1,,0,0,shadow_hand_scissors,42
1.0,,0.1,1,,0,0,,0,0,,0,0,,0.1,1,,0,0,,0,0,,0,0,,0.5,1,,0,0,,1.0,1,,0,0,shadow_hand_scissors,42
0.8047,,0.5,1,,0,0,,0,0,,0,0,,0.1,1,,0,0,,0,0,,0,0,,0.5,1,,0,0,,0.01,1,,0,0,shadow_hand_scissors,42
0.9806,,0.5,1,,0,0,,0,0,,0,0,,0.1,1,,0,0,,0,0,,0,0,,0.5,1,,0,0,,0.1,1,,0,0,shadow_hand_scissors,42
0.0004,,0.5,1,,0,0,,0,0,,0,0,,0.1,1,,0,0,,0,0,,0,0,,0.5,1,,0,0,,1.0,1,,0,0,shadow_hand_scissors,42
0.9973,,1.0,1,,0,0,,0,0,,0,0,,0.1,1,,0,0,,0,0,,0,0,,0.5,1,,0,0,,0.01,1,,0,0,shadow_hand_scissors,42
0.9044,,1.0,1,,0,0,,0,0,,0,0,,0.1,1,,0,0,,0,0,,0,0,,0.5,1,,0,0,,0.1,1,,0,0,shadow_hand_scissors,42
0.9304,,1.0,1,,0,0,,0,0,,0,0,,0.1,1,,0,0,,0,0,,0,0,,0.5,1,,0,0,,1.0,1,,0,0,shadow_hand_scissors,42
0.9994,,0.1,1,,0,0,,0,0,,0,0,,0.5,1,,0,0,,0,0,,0,0,,0.1,1,,0,0,,0.01,1,,0,0,shadow_hand_scissors,42
0.9985,,0.1,1,,0,0,,0,0,,0,0,,0.5,1,,0,0,,0,0,,0,0,,0.1,1,,0,0,,0.1,1,,0,0,shadow_hand_scissors,42
1.0,,0.1,1,,0,0,,0,0,,0,0,,0.5,1,,0,0,,0,0,,0,0,,0.1,1,,0,0,,1.0,1,,0,0,shadow_hand_scissors,42
1.0,,0.5,1,,0,0,,0,0,,0,0,,0.5,1,,0,0,,0,0,,0,0,,0.1,1,,0,0,,0.01,1,,0,0,shadow_hand_scissors,42
0.9992,,0.5,1,,0,0,,0,0,,0,0,,0.5,1,,0,0,,0,0,,0,0,,0.1,1,,0,0,,0.1,1,,0,0,shadow_hand_scissors,42
1.0,,0.5,1,,0,0,,0,0,,0,0,,0.5,1,,0,0,,0,0,,0,0,,0.1,1,,0,0,,1.0,1,,0,0,shadow_hand_scissors,42
0.9999,,1.0,1,,0,0,,0,0,,0,0,,0.5,1,,0,0,,0,0,,0,0,,0.1,1,,0,0,,0.01,1,,0,0,shadow_hand_scissors,42
0.9996,,1.0,1,,0,0,,0,0,,0,0,,0.5,1,,0,0,,0,0,,0,0,,0.1,1,,0,0,,0.1,1,,0,0,shadow_hand_scissors,42
1.0,,1.0,1,,0,0,,0,0,,0,0,,0.5,1,,0,0,,0,0,,0,0,,0.1,1,,0,0,,1.0,1,,0,0,shadow_hand_scissors,42
0.9987,,0.1,1,,0,0,,0,0,,0,0,,1.0,1,,0,0,,0,0,,0,0,,0.05,1,,0,0,,0.01,1,,0,0,shadow_hand_scissors,42
0.9999,,0.1,1,,0,0,,0,0,,0,0,,1.0,1,,0,0,,0,0,,0,0,,0.05,1,,0,0,,0.1,1,,0,0,shadow_hand_scissors,42
0.9782,,0.1,1,,0,0,,0,0,,0,0,,1.0,1,,0,0,,0,0,,0,0,,0.05,1,,0,0,,1.0,1,,0,0,shadow_hand_scissors,42
0.9981,,0.5,1,,0,0,,0,0,,0,0,,1.0,1,,0,0,,0,0,,0,0,,0.05,1,,0,0,,0.01,1,,0,0,shadow_hand_scissors,42
0.9917,,0.5,1,,0,0,,0,0,,0,0,,1.0,1,,0,0,,0,0,,0,0,,0.05,1,,0,0,,0.1,1,,0,0,shadow_hand_scissors,42
0.9967,,0.5,1,,0,0,,0,0,,0,0,,1.0,1,,0,0,,0,0,,0,0,,0.05,1,,0,0,,1.0,1,,0,0,shadow_hand_scissors,42
0.9973,,1.0,1,,0,0,,0,0,,0,0,,1.0,1,,0,0,,0,0,,0,0,,0.05,1,,0,0,,0.01,1,,0,0,shadow_hand_scissors,42
0.9999,,1.0,1,,0,0,,0,0,,0,0,,1.0,1,,0,0,,0,0,,0,0,,0.05,1,,0,0,,0.1,1,,0,0,shadow_hand_scissors,42
0.9929,,1.0,1,,0,0,,0,0,,0,0,,1.0,1,,0,0,,0,0,,0,0,,0.05,1,,0,0,,1.0,1,,0,0,shadow_hand_scissors,42
0.969,,0.1,1,,0,0,,0,0,,0,0,,0.1,1,,0,0,,0,0,,0,0,,0.1,1,,0,0,,0,0,,0,0,shadow_hand_scissors,42
0.9992,,0.5,1,,0,0,,0,0,,0,0,,0.1,1,,0,0,,0,0,,0,0,,0.1,1,,0,0,,0,0,,0,0,shadow_hand_scissors,42
0.9963,,1.0,1,,0,0,,0,0,,0,0,,0.1,1,,0,0,,0,0,,0,0,,0.1,1,,0,0,,0,0,,0,0,shadow_hand_scissors,42
0.9566,,0.1,1,,0,0,,0,0,,0,0,,0.1,1,,0,0,,0,0,,0,0,,0.5,1,,0,0,,0,0,,0,0,shadow_hand_scissors,42
0.9671,,0.5,1,,0,0,,0,0,,0,0,,0.1,1,,0,0,,0,0,,0,0,,0.5,1,,0,0,,0,0,,0,0,shadow_hand_scissors,42
0.996,,1.0,1,,0,0,,0,0,,0,0,,0.1,1,,0,0,,0,0,,0,0,,0.5,1,,0,0,,0,0,,0,0,shadow_hand_scissors,42
0.6412,,0.1,1,,0,0,,0,0,,0,0,,0.1,1,,0,0,,0,0,,0,0,,1.0,1,,0,0,,0,0,,0,0,shadow_hand_scissors,42
0.8869,,0.5,1,,0,0,,0,0,,0,0,,0.1,1,,0,0,,0,0,,0,0,,1.0,1,,0,0,,0,0,,0,0,shadow_hand_scissors,42
0.8185,,1.0,1,,0,0,,0,0,,0,0,,0.1,1,,0,0,,0,0,,0,0,,1.0,1,,0,0,,0,0,,0,0,shadow_hand_scissors,42
0.9987,,0.1,1,,0,0,,0,0,,0,0,,0.5,1,,0,0,,0,0,,0,0,,0.1,1,,0,0,,0,0,,0,0,shadow_hand_scissors,42
0.9999,,0.5,1,,0,0,,0,0,,0,0,,0.5,1,,0,0,,0,0,,0,0,,0.1,1,,0,0,,0,0,,0,0,shadow_hand_scissors,42
0.9347,,1.0,1,,0,0,,0,0,,0,0,,0.5,1,,0,0,,0,0,,0,0,,0.1,1,,0,0,,0,0,,0,0,shadow_hand_scissors,42
0.9727,,0.1,1,,0,0,,0,0,,0,0,,0.5,1,,0,0,,0,0,,0,0,,0.5,1,,0,0,,0,0,,0,0,shadow_hand_scissors,42
0.4536,,0.5,1,,0,0,,0,0,,0,0,,0.5,1,,0,0,,0,0,,0,0,,0.5,1,,0,0,,0,0,,0,0,shadow_hand_scissors,42
0.4478,,1.0,1,,0,0,,0,0,,0,0,,0.5,1,,0,0,,0,0,,0,0,,0.5,1,,0,0,,0,0,,0,0,shadow_hand_scissors,42
0.3083,,0.1,1,,0,0,,0,0,,0,0,,0.5,1,,0,0,,0,0,,0,0,,1.0,1,,0,0,,0,0,,0,0,shadow_hand_scissors,42
0.3699,,0.5,1,,0,0,,0,0,,0,0,,0.5,1,,0,0,,0,0,,0,0,,1.0,1,,0,0,,0,0,,0,0,shadow_hand_scissors,42
0.4236,,1.0,1,,0,0,,0,0,,0,0,,0.5,1,,0,0,,0,0,,0,0,,1.0,1,,0,0,,0,0,,0,0,shadow_hand_scissors,42
0.9969,,0.1,1,,0,0,,0,0,,0,0,,0.1,1,,0,0,,0,0,,0,0,,0.1,1,,0,0,,0,0,,0,0,shadow_hand_scissors,42
0.9995,,0.5,1,,0,0,,0,0,,0,0,,0.1,1,,0,0,,0,0,,0,0,,0.1,1,,0,0,,0,0,,0,0,shadow_hand_scissors,42
0.9982,,1.0,1,,0,0,,0,0,,0,0,,0.1,1,,0,0,,0,0,,0,0,,0.1,1,,0,0,,0,0,,0,0,shadow_hand_scissors,42
0.7094,,0.1,1,,0,0,,0,0,,0,0,,0.1,1,,0,0,,0,0,,0,0,,0.5,1,,0,0,,0,0,,0,0,shadow_hand_scissors,42
0.9933,,0.5,1,,0,0,,0,0,,0,0,,0.1,1,,0,0,,0,0,,0,0,,0.5,1,,0,0,,0,0,,0,0,shadow_hand_scissors,42
0.9964,,1.0,1,,0,0,,0,0,,0,0,,0.1,1,,0,0,,0,0,,0,0,,0.5,1,,0,0,,0,0,,0,0,shadow_hand_scissors,42
0.3373,,0.1,1,,0,0,,0,0,,0,0,,0.1,1,,0,0,,0,0,,0,0,,1.0,1,,0,0,,0,0,,0,0,shadow_hand_scissors,42
0.6851,,0.5,1,,0,0,,0,0,,0,0,,0.1,1,,0,0,,0,0,,0,0,,1.0,1,,0,0,,0,0,,0,0,shadow_hand_scissors,42
0.3471,,1.0,1,,0,0,,0,0,,0,0,,0.1,1,,0,0,,0,0,,0,0,,1.0,1,,0,0,,0,0,,0,0,shadow_hand_scissors,42
0.8053,,0.1,1,,0,0,,0,0,,0,0,,0.1,1,,0,0,,0.1,1,,0,0,,0.1,1,,0,0,,0,0,,0,0,shadow_hand_scissors,42
0.7355,,0.5,1,,0,0,,0,0,,0,0,,0.1,1,,0,0,,0.1,1,,0,0,,0.1,1,,0,0,,0,0,,0,0,shadow_hand_scissors,42
0.6124,,1.0,1,,0,0,,0,0,,0,0,,0.1,1,,0,0,,0.1,1,,0,0,,0.1,1,,0,0,,0,0,,0,0,shadow_hand_scissors,42
0.7402,,0.1,1,,0,0,,0,0,,0,0,,0.1,1,,0,0,,0.5,1,,0,0,,0.1,1,,0,0,,0,0,,0,0,shadow_hand_scissors,42
0.7077,,0.5,1,,0,0,,0,0,,0,0,,0.1,1,,0,0,,0.5,1,,0,0,,0.1,1,,0,0,,0,0,,0,0,shadow_hand_scissors,42
0.6725,,1.0,1,,0,0,,0,0,,0,0,,0.1,1,,0,0,,0.5,1,,0,0,,0.1,1,,0,0,,0,0,,0,0,shadow_hand_scissors,42
0.6279,,0.1,1,,0,0,,0,0,,0,0,,0.1,1,,0,0,,1.0,1,,0,0,,0.1,1,,0,0,,0,0,,0,0,shadow_hand_scissors,42
0.7646,,0.5,1,,0,0,,0,0,,0,0,,0.1,1,,0,0,,1.0,1,,0,0,,0.1,1,,0,0,,0,0,,0,0,shadow_hand_scissors,42
0.6385,,1.0,1,,0,0,,0,0,,0,0,,0.1,1,,0,0,,1.0,1,,0,0,,0.1,1,,0,0,,0,0,,0,0,shadow_hand_scissors,42
0.394,,0.1,1,,0,0,,0,0,,0,0,,0.1,1,,0,0,,0.1,1,,0,0,,0.5,1,,0,0,,0,0,,0,0,shadow_hand_scissors,42
0.4543,,0.5,1,,0,0,,0,0,,0,0,,0.1,1,,0,0,,0.1,1,,0,0,,0.5,1,,0,0,,0,0,,0,0,shadow_hand_scissors,42
0.7252,,1.0,1,,0,0,,0,0,,0,0,,0.1,1,,0,0,,0.1,1,,0,0,,0.5,1,,0,0,,0,0,,0,0,shadow_hand_scissors,42
0.5944,,0.1,1,,0,0,,0,0,,0,0,,0.1,1,,0,0,,0.5,1,,0,0,,0.5,1,,0,0,,0,0,,0,0,shadow_hand_scissors,42
0.3665,,0.5,1,,0,0,,0,0,,0,0,,0.1,1,,0,0,,0.5,1,,0,0,,0.5,1,,0,0,,0,0,,0,0,shadow_hand_scissors,42
0.3547,,1.0,1,,0,0,,0,0,,0,0,,0.1,1,,0,0,,0.5,1,,0,0,,0.5,1,,0,0,,0,0,,0,0,shadow_hand_scissors,42
0.5898,,0.1,1,,0,0,,0,0,,0,0,,0.1,1,,0,0,,1.0,1,,0,0,,0.5,1,,0,0,,0,0,,0,0,shadow_hand_scissors,42
0.408,,0.5,1,,0,0,,0,0,,0,0,,0.1,1,,0,0,,1.0,1,,0,0,,0.5,1,,0,0,,0,0,,0,0,shadow_hand_scissors,42
0.2449,,1.0,1,,0,0,,0,0,,0,0,,0.1,1,,0,0,,1.0,1,,0,0,,0.5,1,,0,0,,0,0,,0,0,shadow_hand_scissors,42
0.366,,0.1,1,,0,0,,0,0,,0,0,,0.5,1,,0,0,,0.1,1,,0,0,,1.0,1,,0,0,,0,0,,0,0,shadow_hand_scissors,42
0.3405,,0.5,1,,0,0,,0,0,,0,0,,0.5,1,,0,0,,0.1,1,,0,0,,1.0,1,,0,0,,0,0,,0,0,shadow_hand_scissors,42
0.4046,,1.0,1,,0,0,,0,0,,0,0,,0.5,1,,0,0,,0.1,1,,0,0,,1.0,1,,0,0,,0,0,,0,0,shadow_hand_scissors,42
0.4656,,0.1,1,,0,0,,0,0,,0,0,,0.5,1,,0,0,,0.5,1,,0,0,,1.0,1,,0,0,,0,0,,0,0,shadow_hand_scissors,42
0.3754,,0.5,1,,0,0,,0,0,,0,0,,0.5,1,,0,0,,0.5,1,,0,0,,1.0,1,,0,0,,0,0,,0,0,shadow_hand_scissors,42
0.4724,,1.0,1,,0,0,,0,0,,0,0,,0.5,1,,0,0,,0.5,1,,0,0,,1.0,1,,0,0,,0,0,,0,0,shadow_hand_scissors,42
0.3919,,0.1,1,,0,0,,0,0,,0,0,,0.5,1,,0,0,,1.0,1,,0,0,,1.0,1,,0,0,,0,0,,0,0,shadow_hand_scissors,42
0.3052,,0.5,1,,0,0,,0,0,,0,0,,0.5,1,,0,0,,1.0,1,,0,0,,1.0,1,,0,0,,0,0,,0,0,shadow_hand_scissors,42
0.1956,,1.0,1,,0,0,,0,0,,0,0,,0.5,1,,0,0,,1.0,1,,0,0,,1.0,1,,0,0,,0,0,,0,0,shadow_hand_scissors,42
0.3463,,0.1,1,,0,0,,0,0,,0,0,,1.0,1,,0,0,,0.1,1,,0,0,,0.1,1,,0,0,,0,0,,0,0,shadow_hand_scissors,42
0.2828,,0.5,1,,0,0,,0,0,,0,0,,1.0,1,,0,0,,0.1,1,,0,0,,0.1,1,,0,0,,0,0,,0,0,shadow_hand_scissors,42
0.4032,,1.0,1,,0,0,,0,0,,0,0,,1.0,1,,0,0,,0.1,1,,0,0,,0.1,1,,0,0,,0,0,,0,0,shadow_hand_scissors,42
0.4098,,0.1,1,,0,0,,0,0,,0,0,,1.0,1,,0,0,,0.5,1,,0,0,,0.1,1,,0,0,,0,0,,0,0,shadow_hand_scissors,42
0.5315,,0.5,1,,0,0,,0,0,,0,0,,1.0,1,,0,0,,0.5,1,,0,0,,0.1,1,,0,0,,0,0,,0,0,shadow_hand_scissors,42
0.245,,1.0,1,,0,0,,0,0,,0,0,,1.0,1,,0,0,,0.5,1,,0,0,,0.1,1,,0,0,,0,0,,0,0,shadow_hand_scissors,42
0.9851,,0,0,,0,0,,0,0,,0,0,,0.1,1,,0,0,,0.1,1,,0,0,,0.1,1,,0,0,,0,0,,0,0,shadow_hand_scissors,42
0.959,,0,0,,0,0,,0,0,,0,0,,0.1,1,,0,0,,0.5,1,,0,0,,0.1,1,,0,0,,0,0,,0,0,shadow_hand_scissors,42
0.9817,,0,0,,0,0,,0,0,,0,0,,0.1,1,,0,0,,1.0,1,,0,0,,0.1,1,,0,0,,0,0,,0,0,shadow_hand_scissors,42
0.9999,,0,0,,0,0,,0,0,,0,0,,0.5,1,,0,0,,0.1,1,,0,0,,0.1,1,,0,0,,0,0,,0,0,shadow_hand_scissors,42
0.8998,,0,0,,0,0,,0,0,,0,0,,0.5,1,,0,0,,0.5,1,,0,0,,0.1,1,,0,0,,0,0,,0,0,shadow_hand_scissors,42
0.7608,,0,0,,0,0,,0,0,,0,0,,0.5,1,,0,0,,1.0,1,,0,0,,0.1,1,,0,0,,0,0,,0,0,shadow_hand_scissors,42
0.9969,,0,0,,0,0,,0,0,,0,0,,1.0,1,,0,0,,0.1,1,,0,0,,0.1,1,,0,0,,0,0,,0,0,shadow_hand_scissors,42
0.9717,,0,0,,0,0,,0,0,,0,0,,1.0,1,,0,0,,0.5,1,,0,0,,0.1,1,,0,0,,0,0,,0,0,shadow_hand_scissors,42
0.5711,,0,0,,0,0,,0,0,,0,0,,1.0,1,,0,0,,1.0,1,,0,0,,0.1,1,,0,0,,0,0,,0,0,shadow_hand_scissors,42
0.9959,,0,0,,0,0,,0,0,,0,0,,0.1,1,,0,0,,0.1,1,,0,0,,0.5,1,,0,0,,0,0,,0,0,shadow_hand_scissors,42
0.9997,,0,0,,0,0,,0,0,,0,0,,0.1,1,,0,0,,0.5,1,,0,0,,0.5,1,,0,0,,0,0,,0,0,shadow_hand_scissors,42
0.8891,,0,0,,0,0,,0,0,,0,0,,0.1,1,,0,0,,1.0,1,,0,0,,0.5,1,,0,0,,0,0,,0,0,shadow_hand_scissors,42
0.9998,,0,0,,0,0,,0,0,,0,0,,0.5,1,,0,0,,0.1,1,,0,0,,0.5,1,,0,0,,0,0,,0,0,shadow_hand_scissors,42
0.9983,,0,0,,0,0,,0,0,,0,0,,0.5,1,,0,0,,0.5,1,,0,0,,0.5,1,,0,0,,0,0,,0,0,shadow_hand_scissors,42
0.99,,0,0,,0,0,,0,0,,0,0,,0.5,1,,0,0,,1.0,1,,0,0,,0.5,1,,0,0,,0,0,,0,0,shadow_hand_scissors,42
1.0,,0,0,,0,0,,0,0,,0,0,,1.0,1,,0,0,,0.1,1,,0,0,,0.5,1,,0,0,,0,0,,0,0,shadow_hand_scissors,42
0.9915,,0,0,,0,0,,0,0,,0,0,,1.0,1,,0,0,,0.5,1,,0,0,,0.5,1,,0,0,,0,0,,0,0,shadow_hand_scissors,42
0.416,,0,0,,0,0,,0,0,,0,0,,1.0,1,,0,0,,1.0,1,,0,0,,0.5,1,,0,0,,0,0,,0,0,shadow_hand_scissors,42
0.9944,,0,0,,0,0,,0,0,,0,0,,0.1,1,,0,0,,0.1,1,,0,0,,1.0,1,,0,0,,0,0,,0,0,shadow_hand_scissors,42
0.9953,,0,0,,0,0,,0,0,,0,0,,0.1,1,,0,0,,0.5,1,,0,0,,1.0,1,,0,0,,0,0,,0,0,shadow_hand_scissors,42
0.922,,0,0,,0,0,,0,0,,0,0,,0.1,1,,0,0,,1.0,1,,0,0,,1.0,1,,0,0,,0,0,,0,0,shadow_hand_scissors,42
0.9916,,0,0,,0,0,,0,0,,0,0,,0.5,1,,0,0,,0.1,1,,0,0,,1.0,1,,0,0,,0,0,,0,0,shadow_hand_scissors,42
0.9978,,0,0,,0,0,,0,0,,0,0,,0.5,1,,0,0,,0.5,1,,0,0,,1.0,1,,0,0,,0,0,,0,0,shadow_hand_scissors,42
0.9982,,0,0,,0,0,,0,0,,0,0,,0.5,1,,0,0,,1.0,1,,0,0,,1.0,1,,0,0,,0,0,,0,0,shadow_hand_scissors,42
0.9913,,0,0,,0,0,,0,0,,0,0,,1.0,1,,0,0,,0.1,1,,0,0,,1.0,1,,0,0,,0,0,,0,0,shadow_hand_scissors,42
0.9992,,0,0,,0,0,,0,0,,0,0,,1.0,1,,0,0,,0.5,1,,0,0,,1.0,1,,0,0,,0,0,,0,0,shadow_hand_scissors,42
0.8592,,0,0,,0,0,,0,0,,0,0,,1.0,1,,0,0,,1.0,1,,0,0,,1.0,1,,0,0,,0,0,,0,0,shadow_hand_scissors,42
0.2077,,0.1,1,,0,0,,0.1,1,,0,0,,0,0,,0,0,,0.1,1,,0,0,,0,0,,0,0,,0,0,,0,0,shadow_hand_scissors,42
0.1197,,0.05,1,,0,0,,0.1,1,,0,0,,0,0,,0,0,,0.1,1,,0,0,,0,0,,0,0,,0,0,,0,0,shadow_hand_scissors,42
0.207,,0.5,1,,0,0,,0.1,1,,0,0,,0,0,,0,0,,0.1,1,,0,0,,0,0,,0,0,,0,0,,0,0,shadow_hand_scissors,42
0.2152,,0.1,1,,0,0,,0.1,1,,0,0,,0,0,,0,0,,0.05,1,,0,0,,0,0,,0,0,,0,0,,0,0,shadow_hand_scissors,42
0.192,,0.05,1,,0,0,,0.1,1,,0,0,,0,0,,0,0,,0.05,1,,0,0,,0,0,,0,0,,0,0,,0,0,shadow_hand_scissors,42
0.207,,0.5,1,,0,0,,0.1,1,,0,0,,0,0,,0,0,,0.05,1,,0,0,,0,0,,0,0,,0,0,,0,0,shadow_hand_scissors,42
0.3597,,0.1,1,,0,0,,0.1,1,,0,0,,0,0,,0,0,,0.5,1,,0,0,,0,0,,0,0,,0,0,,0,0,shadow_hand_scissors,42
0.4184,,0.05,1,,0,0,,0.1,1,,0,0,,0,0,,0,0,,0.5,1,,0,0,,0,0,,0,0,,0,0,,0,0,shadow_hand_scissors,42
0.3339,,0.5,1,,0,0,,0.1,1,,0,0,,0,0,,0,0,,0.5,1,,0,0,,0,0,,0,0,,0,0,,0,0,shadow_hand_scissors,42
0.1027,,0.1,1,,0,0,,0.05,1,,0,0,,0,0,,0,0,,0.1,1,,0,0,,0,0,,0,0,,0,0,,0,0,shadow_hand_scissors,42
0.4378,,0.05,1,,0,0,,0.05,1,,0,0,,0,0,,0,0,,0.1,1,,0,0,,0,0,,0,0,,0,0,,0,0,shadow_hand_scissors,42
0.1758,,0.5,1,,0,0,,0.05,1,,0,0,,0,0,,0,0,,0.1,1,,0,0,,0,0,,0,0,,0,0,,0,0,shadow_hand_scissors,42
0.3487,,0.1,1,,0,0,,0.05,1,,0,0,,0,0,,0,0,,0.05,1,,0,0,,0,0,,0,0,,0,0,,0,0,shadow_hand_scissors,42
0.4189,,0.05,1,,0,0,,0.05,1,,0,0,,0,0,,0,0,,0.05,1,,0,0,,0,0,,0,0,,0,0,,0,0,shadow_hand_scissors,42
0.1753,,0.5,1,,0,0,,0.05,1,,0,0,,0,0,,0,0,,0.05,1,,0,0,,0,0,,0,0,,0,0,,0,0,shadow_hand_scissors,42
0.3772,,0.1,1,,0,0,,0.05,1,,0,0,,0,0,,0,0,,0.5,1,,0,0,,0,0,,0,0,,0,0,,0,0,shadow_hand_scissors,42
0.4972,,0.05,1,,0,0,,0.05,1,,0,0,,0,0,,0,0,,0.5,1,,0,0,,0,0,,0,0,,0,0,,0,0,shadow_hand_scissors,42
0.3634,,0.5,1,,0,0,,0.05,1,,0,0,,0,0,,0,0,,0.5,1,,0,0,,0,0,,0,0,,0,0,,0,0,shadow_hand_scissors,42
0.2257,,0.1,1,,0,0,,0.5,1,,0,0,,0,0,,0,0,,0.1,1,,0,0,,0,0,,0,0,,0,0,,0,0,shadow_hand_scissors,42
0.4104,,0.05,1,,0,0,,0.5,1,,0,0,,0,0,,0,0,,0.1,1,,0,0,,0,0,,0,0,,0,0,,0,0,shadow_hand_scissors,42
0.534,,0.5,1,,0,0,,0.5,1,,0,0,,0,0,,0,0,,0.1,1,,0,0,,0,0,,0,0,,0,0,,0,0,shadow_hand_scissors,42
0.662,,0.1,1,,0,0,,0.5,1,,0,0,,0,0,,0,0,,0.05,1,,0,0,,0,0,,0,0,,0,0,,0,0,shadow_hand_scissors,42
0.126,,0.05,1,,0,0,,0.5,1,,0,0,,0,0,,0,0,,0.05,1,,0,0,,0,0,,0,0,,0,0,,0,0,shadow_hand_scissors,42
0.14,,0.5,1,,0,0,,0.5,1,,0,0,,0,0,,0,0,,0.05,1,,0,0,,0,0,,0,0,,0,0,,0,0,shadow_hand_scissors,42
0.2214,,0.1,1,,0,0,,0.5,1,,0,0,,0,0,,0,0,,0.5,1,,0,0,,0,0,,0,0,,0,0,,0,0,shadow_hand_scissors,42
0.185,,0.05,1,,0,0,,0.5,1,,0,0,,0,0,,0,0,,0.5,1,,0,0,,0,0,,0,0,,0,0,,0,0,shadow_hand_scissors,42
0.1595,,0.5,1,,0,0,,0.5,1,,0,0,,0,0,,0,0,,0.5,1,,0,0,,0,0,,0,0,,0,0,,0,0,shadow_hand_scissors,42
0.437,,1.0,1,,0,0,,0,0,,0,0,,0,0,,1.0,1,,0,0,,1.0,1,,1.0,1,,0,0,,0,0,,0,0,shadow_hand_scissors,42
0.4354,,0.5,1,,0,0,,0,0,,0,0,,0,0,,1.0,1,,0,0,,1.0,1,,1.0,1,,0,0,,0,0,,0,0,shadow_hand_scissors,42
0.4012,,5.0,1,,0,0,,0,0,,0,0,,0,0,,1.0,1,,0,0,,1.0,1,,1.0,1,,0,0,,0,0,,0,0,shadow_hand_scissors,42
0.2562,,1.0,1,,0,0,,0,0,,0,0,,0,0,,0.5,1,,0,0,,1.0,1,,1.0,1,,0,0,,0,0,,0,0,shadow_hand_scissors,42
0.449,,0.5,1,,0,0,,0,0,,0,0,,0,0,,0.5,1,,0,0,,1.0,1,,1.0,1,,0,0,,0,0,,0,0,shadow_hand_scissors,42
0.3925,,5.0,1,,0,0,,0,0,,0,0,,0,0,,0.5,1,,0,0,,1.0,1,,1.0,1,,0,0,,0,0,,0,0,shadow_hand_scissors,42
0.1959,,1.0,1,,0,0,,0,0,,0,0,,0,0,,5.0,1,,0,0,,1.0,1,,1.0,1,,0,0,,0,0,,0,0,shadow_hand_scissors,42
0.3053,,0.5,1,,0,0,,0,0,,0,0,,0,0,,5.0,1,,0,0,,1.0,1,,1.0,1,,0,0,,0,0,,0,0,shadow_hand_scissors,42
0.3093,,5.0,1,,0,0,,0,0,,0,0,,0,0,,5.0,1,,0,0,,1.0,1,,1.0,1,,0,0,,0,0,,0,0,shadow_hand_scissors,42
0.4071,,1.0,1,,0,0,,0,0,,0,0,,0,0,,1.0,1,,0,0,,0.5,1,,1.0,1,,0,0,,0,0,,0,0,shadow_hand_scissors,42
0.4656,,0.5,1,,0,0,,0,0,,0,0,,0,0,,1.0,1,,0,0,,0.5,1,,1.0,1,,0,0,,0,0,,0,0,shadow_hand_scissors,42
0.4948,,5.0,1,,0,0,,0,0,,0,0,,0,0,,1.0,1,,0,0,,0.5,1,,1.0,1,,0,0,,0,0,,0,0,shadow_hand_scissors,42
0.7371,,1.0,1,,0,0,,0,0,,0,0,,0,0,,0.5,1,,0,0,,0.5,1,,1.0,1,,0,0,,0,0,,0,0,shadow_hand_scissors,42
0.5491,,0.5,1,,0,0,,0,0,,0,0,,0,0,,0.5,1,,0,0,,0.5,1,,1.0,1,,0,0,,0,0,,0,0,shadow_hand_scissors,42
0.4847,,5.0,1,,0,0,,0,0,,0,0,,0,0,,0.5,1,,0,0,,0.5,1,,1.0,1,,0,0,,0,0,,0,0,shadow_hand_scissors,42
0.2685,,1.0,1,,0,0,,0,0,,0,0,,0,0,,5.0,1,,0,0,,0.5,1,,1.0,1,,0,0,,0,0,,0,0,shadow_hand_scissors,42
0.4241,,0.5,1,,0,0,,0,0,,0,0,,0,0,,5.0,1,,0,0,,0.5,1,,1.0,1,,0,0,,0,0,,0,0,shadow_hand_scissors,42
0.5895,,5.0,1,,0,0,,0,0,,0,0,,0,0,,5.0,1,,0,0,,0.5,1,,1.0,1,,0,0,,0,0,,0,0,shadow_hand_scissors,42
0.3868,,1.0,1,,0,0,,0,0,,0,0,,0,0,,1.0,1,,0,0,,5.0,1,,0.5,1,,0,0,,0,0,,0,0,shadow_hand_scissors,42
0.4998,,0.5,1,,0,0,,0,0,,0,0,,0,0,,1.0,1,,0,0,,5.0,1,,0.5,1,,0,0,,0,0,,0,0,shadow_hand_scissors,42
0.4736,,5.0,1,,0,0,,0,0,,0,0,,0,0,,1.0,1,,0,0,,5.0,1,,0.5,1,,0,0,,0,0,,0,0,shadow_hand_scissors,42
0.4216,,1.0,1,,0,0,,0,0,,0,0,,0,0,,0.5,1,,0,0,,5.0,1,,0.5,1,,0,0,,0,0,,0,0,shadow_hand_scissors,42
0.6745,,0.5,1,,0,0,,0,0,,0,0,,0,0,,0.5,1,,0,0,,5.0,1,,0.5,1,,0,0,,0,0,,0,0,shadow_hand_scissors,42
0.4136,,5.0,1,,0,0,,0,0,,0,0,,0,0,,0.5,1,,0,0,,5.0,1,,0.5,1,,0,0,,0,0,,0,0,shadow_hand_scissors,42
0.387,,1.0,1,,0,0,,0,0,,0,0,,0,0,,5.0,1,,0,0,,5.0,1,,0.5,1,,0,0,,0,0,,0,0,shadow_hand_scissors,42
0.4842,,0.5,1,,0,0,,0,0,,0,0,,0,0,,5.0,1,,0,0,,5.0,1,,0.5,1,,0,0,,0,0,,0,0,shadow_hand_scissors,42
0.2189,,5.0,1,,0,0,,0,0,,0,0,,0,0,,5.0,1,,0,0,,5.0,1,,0.5,1,,0,0,,0,0,,0,0,shadow_hand_scissors,42
0.4264,,1.0,1,,0,0,,0,0,,0,0,,0,0,,1.0,1,,0,0,,1.0,1,,5.0,1,,0,0,,0,0,,0,0,shadow_hand_scissors,42
0.2909,,0.5,1,,0,0,,0,0,,0,0,,0,0,,1.0,1,,0,0,,1.0,1,,5.0,1,,0,0,,0,0,,0,0,shadow_hand_scissors,42
0.3223,,5.0,1,,0,0,,0,0,,0,0,,0,0,,1.0,1,,0,0,,1.0,1,,5.0,1,,0,0,,0,0,,0,0,shadow_hand_scissors,42
0.3663,,1.0,1,,0,0,,0,0,,0,0,,0,0,,0.5,1,,0,0,,1.0,1,,5.0,1,,0,0,,0,0,,0,0,shadow_hand_scissors,42
0.5739,,0.5,1,,0,0,,0,0,,0,0,,0,0,,0.5,1,,0,0,,1.0,1,,5.0,1,,0,0,,0,0,,0,0,shadow_hand_scissors,42
0.643,,5.0,1,,0,0,,0,0,,0,0,,0,0,,0.5,1,,0,0,,1.0,1,,5.0,1,,0,0,,0,0,,0,0,shadow_hand_scissors,42
0.2689,,1.0,1,,0,0,,0,0,,0,0,,0,0,,5.0,1,,0,0,,1.0,1,,5.0,1,,0,0,,0,0,,0,0,shadow_hand_scissors,42
0.4428,,0.5,1,,0,0,,0,0,,0,0,,0,0,,5.0,1,,0,0,,1.0,1,,5.0,1,,0,0,,0,0,,0,0,shadow_hand_scissors,42
0.2932,,5.0,1,,0,0,,0,0,,0,0,,0,0,,5.0,1,,0,0,,1.0,1,,5.0,1,,0,0,,0,0,,0,0,shadow_hand_scissors,42
0.4775,,0,0,,0,0,,0,0,,0.1,1,,0,0,,0.1,1,,0,0,,0,0,,1.0,1,,0,0,,0,0,,0,0,shadow_hand_scissors,42
0.6238,,0,0,,0,0,,0,0,,0.1,1,,0,0,,0.1,1,,0,0,,0,0,,0.5,1,,0,0,,0,0,,0,0,shadow_hand_scissors,42
0.4669,,0,0,,0,0,,0,0,,0.1,1,,0,0,,0.1,1,,0,0,,0,0,,5.0,1,,0,0,,0,0,,0,0,shadow_hand_scissors,42
0.387,,0,0,,0,0,,0,0,,0.5,1,,0,0,,0.1,1,,0,0,,0,0,,1.0,1,,0,0,,0,0,,0,0,shadow_hand_scissors,42
0.7018,,0,0,,0,0,,0,0,,0.5,1,,0,0,,0.1,1,,0,0,,0,0,,0.5,1,,0,0,,0,0,,0,0,shadow_hand_scissors,42
0.2929,,0,0,,0,0,,0,0,,0.5,1,,0,0,,0.1,1,,0,0,,0,0,,5.0,1,,0,0,,0,0,,0,0,shadow_hand_scissors,42
0.3948,,0,0,,0,0,,0,0,,1.0,1,,0,0,,0.1,1,,0,0,,0,0,,1.0,1,,0,0,,0,0,,0,0,shadow_hand_scissors,42
0.6929,,0,0,,0,0,,0,0,,1.0,1,,0,0,,0.1,1,,0,0,,0,0,,0.5,1,,0,0,,0,0,,0,0,shadow_hand_scissors,42
0.4244,,0,0,,0,0,,0,0,,1.0,1,,0,0,,0.1,1,,0,0,,0,0,,5.0,1,,0,0,,0,0,,0,0,shadow_hand_scissors,42
0.5247,,0,0,,0,0,,0,0,,0.1,1,,0,0,,0.5,1,,0,0,,0,0,,1.0,1,,0,0,,0,0,,0,0,shadow_hand_scissors,42
0.3133,,0,0,,0,0,,0,0,,0.1,1,,0,0,,0.5,1,,0,0,,0,0,,0.5,1,,0,0,,0,0,,0,0,shadow_hand_scissors,42
0.3329,,0,0,,0,0,,0,0,,0.1,1,,0,0,,0.5,1,,0,0,,0,0,,5.0,1,,0,0,,0,0,,0,0,shadow_hand_scissors,42
0.3079,,0,0,,0,0,,0,0,,0.5,1,,0,0,,0.5,1,,0,0,,0,0,,1.0,1,,0,0,,0,0,,0,0,shadow_hand_scissors,42
0.4997,,0,0,,0,0,,0,0,,0.5,1,,0,0,,0.5,1,,0,0,,0,0,,0.5,1,,0,0,,0,0,,0,0,shadow_hand_scissors,42
0.6078,,0,0,,0,0,,0,0,,0.5,1,,0,0,,0.5,1,,0,0,,0,0,,5.0,1,,0,0,,0,0,,0,0,shadow_hand_scissors,42
0.3334,,0,0,,0,0,,0,0,,1.0,1,,0,0,,0.5,1,,0,0,,0,0,,1.0,1,,0,0,,0,0,,0,0,shadow_hand_scissors,42
0.5669,,0,0,,0,0,,0,0,,1.0,1,,0,0,,0.5,1,,0,0,,0,0,,0.5,1,,0,0,,0,0,,0,0,shadow_hand_scissors,42
0.4847,,0,0,,0,0,,0,0,,1.0,1,,0,0,,0.5,1,,0,0,,0,0,,5.0,1,,0,0,,0,0,,0,0,shadow_hand_scissors,42
0.3793,,0,0,,0,0,,0,0,,0.1,1,,0,0,,1.0,1,,0,0,,0,0,,1.0,1,,0,0,,0,0,,0,0,shadow_hand_scissors,42
0.5056,,0,0,,0,0,,0,0,,0.1,1,,0,0,,1.0,1,,0,0,,0,0,,0.5,1,,0,0,,0,0,,0,0,shadow_hand_scissors,42
0.2665,,0,0,,0,0,,0,0,,0.1,1,,0,0,,1.0,1,,0,0,,0,0,,5.0,1,,0,0,,0,0,,0,0,shadow_hand_scissors,42
0.5914,,0,0,,0,0,,0,0,,0.5,1,,0,0,,1.0,1,,0,0,,0,0,,1.0,1,,0,0,,0,0,,0,0,shadow_hand_scissors,42
0.417,,0,0,,0,0,,0,0,,0.5,1,,0,0,,1.0,1,,0,0,,0,0,,0.5,1,,0,0,,0,0,,0,0,shadow_hand_scissors,42
0.2621,,0,0,,0,0,,0,0,,0.5,1,,0,0,,1.0,1,,0,0,,0,0,,5.0,1,,0,0,,0,0,,0,0,shadow_hand_scissors,42
0.38,,0,0,,0,0,,0,0,,1.0,1,,0,0,,1.0,1,,0,0,,0,0,,1.0,1,,0,0,,0,0,,0,0,shadow_hand_scissors,42
0.4059,,0,0,,0,0,,0,0,,1.0,1,,0,0,,1.0,1,,0,0,,0,0,,0.5,1,,0,0,,0,0,,0,0,shadow_hand_scissors,42
0.4169,,0,0,,0,0,,0,0,,1.0,1,,0,0,,1.0,1,,0,0,,0,0,,5.0,1,,0,0,,0,0,,0,0,shadow_hand_scissors,42
0.6783,,0.1,1,,0,0,,0.1,1,,0,0,,0,0,,0,0,,0.1,1,,0,0,,0,0,,0,0,,0,0,,0,0,shadow_hand_scissors,42
0.5441,,0.1,1,,0,0,,0.1,1,,0,0,,0,0,,0,0,,0.5,1,,0,0,,0,0,,0,0,,0,0,,0,0,shadow_hand_scissors,42
0.5067,,0.1,1,,0,0,,0.1,1,,0,0,,0,0,,0,0,,1.0,1,,0,0,,0,0,,0,0,,0,0,,0,0,shadow_hand_scissors,42
0.5756,,0.1,1,,0,0,,0.5,1,,0,0,,0,0,,0,0,,0.1,1,,0,0,,0,0,,0,0,,0,0,,0,0,shadow_hand_scissors,42
0.4747,,0.1,1,,0,0,,0.5,1,,0,0,,0,0,,0,0,,0.5,1,,0,0,,0,0,,0,0,,0,0,,0,0,shadow_hand_scissors,42
0.7795,,0.1,1,,0,0,,0.5,1,,0,0,,0,0,,0,0,,1.0,1,,0,0,,0,0,,0,0,,0,0,,0,0,shadow_hand_scissors,42
0.4064,,0.1,1,,0,0,,1.0,1,,0,0,,0,0,,0,0,,0.1,1,,0,0,,0,0,,0,0,,0,0,,0,0,shadow_hand_scissors,42
0.3087,,0.1,1,,0,0,,1.0,1,,0,0,,0,0,,0,0,,0.5,1,,0,0,,0,0,,0,0,,0,0,,0,0,shadow_hand_scissors,42
0.838,,0.1,1,,0,0,,1.0,1,,0,0,,0,0,,0,0,,1.0,1,,0,0,,0,0,,0,0,,0,0,,0,0,shadow_hand_scissors,42
0.6212,,0.5,1,,0,0,,0.1,1,,0,0,,0,0,,0,0,,0.1,1,,0,0,,0,0,,0,0,,0,0,,0,0,shadow_hand_scissors,42
0.537,,0.5,1,,0,0,,0.1,1,,0,0,,0,0,,0,0,,0.5,1,,0,0,,0,0,,0,0,,0,0,,0,0,shadow_hand_scissors,42
0.5023,,0.5,1,,0,0,,0.1,1,,0,0,,0,0,,0,0,,1.0,1,,0,0,,0,0,,0,0,,0,0,,0,0,shadow_hand_scissors,42
0.4617,,0.5,1,,0,0,,0.5,1,,0,0,,0,0,,0,0,,0.1,1,,0,0,,0,0,,0,0,,0,0,,0,0,shadow_hand_scissors,42
0.5054,,0.5,1,,0,0,,0.5,1,,0,0,,0,0,,0,0,,0.5,1,,0,0,,0,0,,0,0,,0,0,,0,0,shadow_hand_scissors,42
0.3033,,0.5,1,,0,0,,0.5,1,,0,0,,0,0,,0,0,,1.0,1,,0,0,,0,0,,0,0,,0,0,,0,0,shadow_hand_scissors,42
0.3303,,0.5,1,,0,0,,1.0,1,,0,0,,0,0,,0,0,,0.1,1,,0,0,,0,0,,0,0,,0,0,,0,0,shadow_hand_scissors,42
0.5128,,0.5,1,,0,0,,1.0,1,,0,0,,0,0,,0,0,,0.5,1,,0,0,,0,0,,0,0,,0,0,,0,0,shadow_hand_scissors,42
0.3669,,0.5,1,,0,0,,1.0,1,,0,0,,0,0,,0,0,,1.0,1,,0,0,,0,0,,0,0,,0,0,,0,0,shadow_hand_scissors,42
0.5699,,1.0,1,,0,0,,0.1,1,,0,0,,0,0,,0,0,,0.1,1,,0,0,,0,0,,0,0,,0,0,,0,0,shadow_hand_scissors,42
0.7687,,1.0,1,,0,0,,0.1,1,,0,0,,0,0,,0,0,,0.5,1,,0,0,,0,0,,0,0,,0,0,,0,0,shadow_hand_scissors,42
0.7127,,1.0,1,,0,0,,0.1,1,,0,0,,0,0,,0,0,,1.0,1,,0,0,,0,0,,0,0,,0,0,,0,0,shadow_hand_scissors,42
0.2191,,1.0,1,,0,0,,0.5,1,,0,0,,0,0,,0,0,,0.1,1,,0,0,,0,0,,0,0,,0,0,,0,0,shadow_hand_scissors,42
0.2531,,1.0,1,,0,0,,0.5,1,,0,0,,0,0,,0,0,,0.5,1,,0,0,,0,0,,0,0,,0,0,,0,0,shadow_hand_scissors,42
0.4815,,1.0,1,,0,0,,0.5,1,,0,0,,0,0,,0,0,,1.0,1,,0,0,,0,0,,0,0,,0,0,,0,0,shadow_hand_scissors,42
0.3872,,1.0,1,,0,0,,1.0,1,,0,0,,0,0,,0,0,,0.1,1,,0,0,,0,0,,0,0,,0,0,,0,0,shadow_hand_scissors,42
0.3521,,1.0,1,,0,0,,1.0,1,,0,0,,0,0,,0,0,,0.5,1,,0,0,,0,0,,0,0,,0,0,,0,0,shadow_hand_scissors,42
0.3913,,1.0,1,,0,0,,1.0,1,,0,0,,0,0,,0,0,,1.0,1,,0,0,,0,0,,0,0,,0,0,,0,0,shadow_hand_scissors,42
0.4896,,0,0,,0.1,1,,0,0,,0,0,,0,0,,0,0,,0,0,,0,0,,0.1,1,,0,0,,0,0,,0.01,1,shadow_hand_scissors,42
0.0892,,0,0,,0.1,1,,0,0,,0,0,,0,0,,0,0,,0,0,,0,0,,0.1,1,,0,0,,0,0,,0.1,1,shadow_hand_scissors,42
0.0154,,0,0,,0.1,1,,0,0,,0,0,,0,0,,0,0,,0,0,,0,0,,0.1,1,,0,0,,0,0,,1.0,1,shadow_hand_scissors,42
0.7031,,0,0,,0.1,1,,0,0,,0,0,,0,0,,0,0,,0,0,,0,0,,0.5,1,,0,0,,0,0,,0.01,1,shadow_hand_scissors,42
0.0761,,0,0,,0.1,1,,0,0,,0,0,,0,0,,0,0,,0,0,,0,0,,0.5,1,,0,0,,0,0,,0.1,1,shadow_hand_scissors,42
0.0224,,0,0,,0.1,1,,0,0,,0,0,,0,0,,0,0,,0,0,,0,0,,0.5,1,,0,0,,0,0,,1.0,1,shadow_hand_scissors,42
0.589,,0,0,,0.1,1,,0,0,,0,0,,0,0,,0,0,,0,0,,0,0,,1.0,1,,0,0,,0,0,,0.01,1,shadow_hand_scissors,42
0.1081,,0,0,,0.1,1,,0,0,,0,0,,0,0,,0,0,,0,0,,0,0,,1.0,1,,0,0,,0,0,,0.1,1,shadow_hand_scissors,42
0.0152,,0,0,,0.1,1,,0,0,,0,0,,0,0,,0,0,,0,0,,0,0,,1.0,1,,0,0,,0,0,,1.0,1,shadow_hand_scissors,42
0.5301,,0,0,,0.5,1,,0,0,,0,0,,0,0,,0,0,,0,0,,0,0,,0.1,1,,0,0,,0,0,,0.01,1,shadow_hand_scissors,42
0.1414,,0,0,,0.5,1,,0,0,,0,0,,0,0,,0,0,,0,0,,0,0,,0.1,1,,0,0,,0,0,,0.1,1,shadow_hand_scissors,42
0.1819,,0,0,,0.5,1,,0,0,,0,0,,0,0,,0,0,,0,0,,0,0,,0.1,1,,0,0,,0,0,,1.0,1,shadow_hand_scissors,42
0.2947,,0,0,,0.5,1,,0,0,,0,0,,0,0,,0,0,,0,0,,0,0,,0.5,1,,0,0,,0,0,,0.01,1,shadow_hand_scissors,42
0.1251,,0,0,,0.5,1,,0,0,,0,0,,0,0,,0,0,,0,0,,0,0,,0.5,1,,0,0,,0,0,,0.1,1,shadow_hand_scissors,42
0.0513,,0,0,,0.5,1,,0,0,,0,0,,0,0,,0,0,,0,0,,0,0,,0.5,1,,0,0,,0,0,,1.0,1,shadow_hand_scissors,42
0.4009,,0,0,,0.5,1,,0,0,,0,0,,0,0,,0,0,,0,0,,0,0,,1.0,1,,0,0,,0,0,,0.01,1,shadow_hand_scissors,42
0.1155,,0,0,,0.5,1,,0,0,,0,0,,0,0,,0,0,,0,0,,0,0,,1.0,1,,0,0,,0,0,,0.1,1,shadow_hand_scissors,42
0.071,,0,0,,0.5,1,,0,0,,0,0,,0,0,,0,0,,0,0,,0,0,,1.0,1,,0,0,,0,0,,1.0,1,shadow_hand_scissors,42
0.5187,,0,0,,1.0,1,,0,0,,0,0,,0,0,,0,0,,0,0,,0,0,,0.1,1,,0,0,,0,0,,0.01,1,shadow_hand_scissors,42
0.2969,,0,0,,1.0,1,,0,0,,0,0,,0,0,,0,0,,0,0,,0,0,,0.1,1,,0,0,,0,0,,0.1,1,shadow_hand_scissors,42
0.1072,,0,0,,1.0,1,,0,0,,0,0,,0,0,,0,0,,0,0,,0,0,,0.1,1,,0,0,,0,0,,1.0,1,shadow_hand_scissors,42
0.4532,,0,0,,1.0,1,,0,0,,0,0,,0,0,,0,0,,0,0,,0,0,,0.5,1,,0,0,,0,0,,0.01,1,shadow_hand_scissors,42
0.1533,,0,0,,1.0,1,,0,0,,0,0,,0,0,,0,0,,0,0,,0,0,,0.5,1,,0,0,,0,0,,0.1,1,shadow_hand_scissors,42
0.0557,,0,0,,1.0,1,,0,0,,0,0,,0,0,,0,0,,0,0,,0,0,,0.5,1,,0,0,,0,0,,1.0,1,shadow_hand_scissors,42
0.3539,,0,0,,1.0,1,,0,0,,0,0,,0,0,,0,0,,0,0,,0,0,,1.0,1,,0,0,,0,0,,0.01,1,shadow_hand_scissors,42
0.1124,,0,0,,1.0,1,,0,0,,0,0,,0,0,,0,0,,0,0,,0,0,,1.0,1,,0,0,,0,0,,0.1,1,shadow_hand_scissors,42
0.1467,,0,0,,1.0,1,,0,0,,0,0,,0,0,,0,0,,0,0,,0,0,,1.0,1,,0,0,,0,0,,1.0,1,shadow_hand_scissors,42
0.8129,,0,0,,0,0,,0,0,,0,0,,0.1,1,,0,0,,0,0,,0.1,1,,0.1,1,,0,0,,0,0,,0,0,shadow_hand_scissors,42
0.6398,,0,0,,0,0,,0,0,,0,0,,0.5,1,,0,0,,0,0,,0.1,1,,0.1,1,,0,0,,0,0,,0,0,shadow_hand_scissors,42
0.3484,,0,0,,0,0,,0,0,,0,0,,1.0,1,,0,0,,0,0,,0.1,1,,0.1,1,,0,0,,0,0,,0,0,shadow_hand_scissors,42
0.7066,,0,0,,0,0,,0,0,,0,0,,0.1,1,,0,0,,0,0,,0.5,1,,0.1,1,,0,0,,0,0,,0,0,shadow_hand_scissors,42
0.388,,0,0,,0,0,,0,0,,0,0,,0.5,1,,0,0,,0,0,,0.5,1,,0.1,1,,0,0,,0,0,,0,0,shadow_hand_scissors,42
0.557,,0,0,,0,0,,0,0,,0,0,,1.0,1,,0,0,,0,0,,0.5,1,,0.1,1,,0,0,,0,0,,0,0,shadow_hand_scissors,42
0.8032,,0,0,,0,0,,0,0,,0,0,,0.1,1,,0,0,,0,0,,1.0,1,,0.1,1,,0,0,,0,0,,0,0,shadow_hand_scissors,42
0.7005,,0,0,,0,0,,0,0,,0,0,,0.5,1,,0,0,,0,0,,1.0,1,,0.1,1,,0,0,,0,0,,0,0,shadow_hand_scissors,42
0.4473,,0,0,,0,0,,0,0,,0,0,,1.0,1,,0,0,,0,0,,1.0,1,,0.1,1,,0,0,,0,0,,0,0,shadow_hand_scissors,42
0.4181,,0,0,,0,0,,0,0,,0,0,,0.1,1,,0,0,,0,0,,0.1,1,,0.5,1,,0,0,,0,0,,0,0,shadow_hand_scissors,42
0.2001,,0,0,,0,0,,0,0,,0,0,,0.5,1,,0,0,,0,0,,0.1,1,,0.5,1,,0,0,,0,0,,0,0,shadow_hand_scissors,42
0.207,,0,0,,0,0,,0,0,,0,0,,1.0,1,,0,0,,0,0,,0.1,1,,0.5,1,,0,0,,0,0,,0,0,shadow_hand_scissors,42
0.3147,,0,0,,0,0,,0,0,,0,0,,0.1,1,,0,0,,0,0,,0.5,1,,0.5,1,,0,0,,0,0,,0,0,shadow_hand_scissors,42
0.4181,,0,0,,0,0,,0,0,,0,0,,0.5,1,,0,0,,0,0,,0.5,1,,0.5,1,,0,0,,0,0,,0,0,shadow_hand_scissors,42
0.5165,,0,0,,0,0,,0,0,,0,0,,1.0,1,,0,0,,0,0,,0.5,1,,0.5,1,,0,0,,0,0,,0,0,shadow_hand_scissors,42
0.3778,,0,0,,0,0,,0,0,,0,0,,0.1,1,,0,0,,0,0,,1.0,1,,0.5,1,,0,0,,0,0,,0,0,shadow_hand_scissors,42
0.3319,,0,0,,0,0,,0,0,,0,0,,0.5,1,,0,0,,0,0,,1.0,1,,0.5,1,,0,0,,0,0,,0,0,shadow_hand_scissors,42
0.3526,,0,0,,0,0,,0,0,,0,0,,1.0,1,,0,0,,0,0,,1.0,1,,0.5,1,,0,0,,0,0,,0,0,shadow_hand_scissors,42
0.4554,,0,0,,0,0,,0,0,,0,0,,0.1,1,,0,0,,0,0,,0.1,1,,1.0,1,,0,0,,0,0,,0,0,shadow_hand_scissors,42
0.3278,,0,0,,0,0,,0,0,,0,0,,0.5,1,,0,0,,0,0,,0.1,1,,1.0,1,,0,0,,0,0,,0,0,shadow_hand_scissors,42
0.2619,,0,0,,0,0,,0,0,,0,0,,1.0,1,,0,0,,0,0,,0.1,1,,1.0,1,,0,0,,0,0,,0,0,shadow_hand_scissors,42
0.2714,,0,0,,0,0,,0,0,,0,0,,0.1,1,,0,0,,0,0,,0.5,1,,1.0,1,,0,0,,0,0,,0,0,shadow_hand_scissors,42
0.3711,,0,0,,0,0,,0,0,,0,0,,0.5,1,,0,0,,0,0,,0.5,1,,1.0,1,,0,0,,0,0,,0,0,shadow_hand_scissors,42
0.296,,0,0,,0,0,,0,0,,0,0,,1.0,1,,0,0,,0,0,,0.5,1,,1.0,1,,0,0,,0,0,,0,0,shadow_hand_scissors,42
0.3646,,0,0,,0,0,,0,0,,0,0,,0.1,1,,0,0,,0,0,,1.0,1,,1.0,1,,0,0,,0,0,,0,0,shadow_hand_scissors,42
0.4814,,0,0,,0,0,,0,0,,0,0,,0.5,1,,0,0,,0,0,,1.0,1,,1.0,1,,0,0,,0,0,,0,0,shadow_hand_scissors,42
0.2041,,0,0,,0,0,,0,0,,0,0,,1.0,1,,0,0,,0,0,,1.0,1,,1.0,1,,0,0,,0,0,,0,0,shadow_hand_scissors,42
0.3465,,0.1,1,,0,0,,0,0,,0,0,,0,0,,0,0,,0.1,1,,0,0,,0.1,1,,0,0,,0,0,,0,0,shadow_hand_scissors,42
0.3777,,0.1,1,,0,0,,0,0,,0,0,,0,0,,0,0,,0.05,1,,0,0,,0.1,1,,0,0,,0,0,,0,0,shadow_hand_scissors,42
0.3672,,0.1,1,,0,0,,0,0,,0,0,,0,0,,0,0,,0.5,1,,0,0,,0.1,1,,0,0,,0,0,,0,0,shadow_hand_scissors,42
0.2477,,0.05,1,,0,0,,0,0,,0,0,,0,0,,0,0,,0.1,1,,0,0,,0.1,1,,0,0,,0,0,,0,0,shadow_hand_scissors,42
0.2568,,0.05,1,,0,0,,0,0,,0,0,,0,0,,0,0,,0.05,1,,0,0,,0.1,1,,0,0,,0,0,,0,0,shadow_hand_scissors,42
0.3268,,0.05,1,,0,0,,0,0,,0,0,,0,0,,0,0,,0.5,1,,0,0,,0.1,1,,0,0,,0,0,,0,0,shadow_hand_scissors,42
0.2603,,0.5,1,,0,0,,0,0,,0,0,,0,0,,0,0,,0.1,1,,0,0,,0.1,1,,0,0,,0,0,,0,0,shadow_hand_scissors,42
0.5414,,0.5,1,,0,0,,0,0,,0,0,,0,0,,0,0,,0.05,1,,0,0,,0.1,1,,0,0,,0,0,,0,0,shadow_hand_scissors,42
0.1801,,0.5,1,,0,0,,0,0,,0,0,,0,0,,0,0,,0.5,1,,0,0,,0.1,1,,0,0,,0,0,,0,0,shadow_hand_scissors,42
0.2246,,0.1,1,,0,0,,0,0,,0,0,,0,0,,0,0,,0.1,1,,0,0,,0.05,1,,0,0,,0,0,,0,0,shadow_hand_scissors,42
0.2891,,0.1,1,,0,0,,0,0,,0,0,,0,0,,0,0,,0.05,1,,0,0,,0.05,1,,0,0,,0,0,,0,0,shadow_hand_scissors,42
0.31,,0.1,1,,0,0,,0,0,,0,0,,0,0,,0,0,,0.5,1,,0,0,,0.05,1,,0,0,,0,0,,0,0,shadow_hand_scissors,42
0.5906,,0.05,1,,0,0,,0,0,,0,0,,0,0,,0,0,,0.1,1,,0,0,,0.05,1,,0,0,,0,0,,0,0,shadow_hand_scissors,42
0.288,,0.05,1,,0,0,,0,0,,0,0,,0,0,,0,0,,0.05,1,,0,0,,0.05,1,,0,0,,0,0,,0,0,shadow_hand_scissors,42
0.2154,,0.05,1,,0,0,,0,0,,0,0,,0,0,,0,0,,0.5,1,,0,0,,0.05,1,,0,0,,0,0,,0,0,shadow_hand_scissors,42
0.2482,,0.5,1,,0,0,,0,0,,0,0,,0,0,,0,0,,0.1,1,,0,0,,0.05,1,,0,0,,0,0,,0,0,shadow_hand_scissors,42
0.4403,,0.5,1,,0,0,,0,0,,0,0,,0,0,,0,0,,0.05,1,,0,0,,0.05,1,,0,0,,0,0,,0,0,shadow_hand_scissors,42
0.2888,,0.5,1,,0,0,,0,0,,0,0,,0,0,,0,0,,0.5,1,,0,0,,0.05,1,,0,0,,0,0,,0,0,shadow_hand_scissors,42
0.1572,,0.1,1,,0,0,,0,0,,0,0,,0,0,,0,0,,0.1,1,,0,0,,0.5,1,,0,0,,0,0,,0,0,shadow_hand_scissors,42
0.2121,,0.1,1,,0,0,,0,0,,0,0,,0,0,,0,0,,0.05,1,,0,0,,0.5,1,,0,0,,0,0,,0,0,shadow_hand_scissors,42
0.3499,,0.1,1,,0,0,,0,0,,0,0,,0,0,,0,0,,0.5,1,,0,0,,0.5,1,,0,0,,0,0,,0,0,shadow_hand_scissors,42
0.421,,0.05,1,,0,0,,0,0,,0,0,,0,0,,0,0,,0.1,1,,0,0,,0.5,1,,0,0,,0,0,,0,0,shadow_hand_scissors,42
0.2128,,0.05,1,,0,0,,0,0,,0,0,,0,0,,0,0,,0.05,1,,0,0,,0.5,1,,0,0,,0,0,,0,0,shadow_hand_scissors,42
0.2791,,0.05,1,,0,0,,0,0,,0,0,,0,0,,0,0,,0.5,1,,0,0,,0.5,1,,0,0,,0,0,,0,0,shadow_hand_scissors,42
0.3568,,0.5,1,,0,0,,0,0,,0,0,,0,0,,0,0,,0.1,1,,0,0,,0.5,1,,0,0,,0,0,,0,0,shadow_hand_scissors,42
0.236,,0.5,1,,0,0,,0,0,,0,0,,0,0,,0,0,,0.05,1,,0,0,,0.5,1,,0,0,,0,0,,0,0,shadow_hand_scissors,42
