score,r_alignment_reward,w_alignment_reward,active_alignment_reward,r_approach_reward,w_approach_reward,active_approach_reward,r_contact_reward,w_contact_reward,active_contact_reward,r_goal_reward,w_goal_reward,active_goal_reward,r_handle_reward,w_handle_reward,active_handle_reward,r_orientation_reward,w_orientation_reward,active_orientation_reward,r_progress_reward,w_progress_reward,active_progress_reward,r_push_reward,w_push_reward,active_push_reward,r_success_bonus,w_success_bonus,active_success_bonus,r_success_reward,w_success_reward,active_success_reward,r_velocity_reward,w_velocity_reward,active_velocity_reward,env_id,seed
0.007,,0,0,,0,0,,0.05,1,,0.1,1,,0.2,1,,0.5,1,,0,0,,0,0,,0,0,,1.0,1,,0.2,1,shadow_hand_push_block,42
0.0067,,0,0,,0,0,,0.05,1,,0.1,1,,0.2,1,,0.5,1,,0,0,,0,0,,0,0,,0.2,1,,0.2,1,shadow_hand_push_block,42
0.0091,,0,0,,0,0,,0.05,1,,0.1,1,,0.2,1,,0.1,1,,0,0,,0,0,,0,0,,1.0,1,,0.2,1,shadow_hand_push_block,42
0.0104,,0,0,,0,0,,0.05,1,,0.1,1,,0.2,1,,0.1,1,,0,0,,0,0,,0,0,,0.2,1,,0.2,1,shadow_hand_push_block,42
0.0005,,0,0,,0,0,,0.01,1,,0.1,1,,0.2,1,,0.5,1,,0,0,,0,0,,0,0,,1.0,1,,0.2,1,shadow_hand_push_block,42
0.0011,,0,0,,0,0,,0.01,1,,0.1,1,,0.2,1,,0.5,1,,0,0,,0,0,,0,0,,0.2,1,,0.2,1,shadow_hand_push_block,42
0.0122,,0,0,,0,0,,0.01,1,,0.1,1,,0.2,1,,0.1,1,,0,0,,0,0,,0,0,,1.0,1,,0.2,1,shadow_hand_push_block,42
0.0007,,0,0,,0,0,,0.01,1,,0.1,1,,0.2,1,,0.1,1,,0,0,,0,0,,0,0,,0.2,1,,0.2,1,shadow_hand_push_block,42
0.0047,,0,0,,0,0,,0.05,1,,0.1,1,,0.1,1,,0.5,1,,0,0,,0,0,,0,0,,1.0,1,,0.1,1,shadow_hand_push_block,42
0.0068,,0,0,,0,0,,0.05,1,,0.1,1,,0.1,1,,0.5,1,,0,0,,0,0,,0,0,,0.2,1,,0.1,1,shadow_hand_push_block,42
0.0161,,0,0,,0,0,,0.05,1,,0.1,1,,0.1,1,,0.1,1,,0,0,,0,0,,0,0,,1.0,1,,0.1,1,shadow_hand_push_block,42
0.0042,,0,0,,0,0,,0.05,1,,0.1,1,,0.1,1,,0.1,1,,0,0,,0,0,,0,0,,0.2,1,,0.1,1,shadow_hand_push_block,42
0.009,,0,0,,0,0,,0.01,1,,0.1,1,,0.1,1,,0.5,1,,0,0,,0,0,,0,0,,1.0,1,,0.1,1,shadow_hand_push_block,42
0.0055,,0,0,,0,0,,0.01,1,,0.1,1,,0.1,1,,0.5,1,,0,0,,0,0,,0,0,,0.2,1,,0.1,1,shadow_hand_push_block,42
0.0151,,0,0,,0,0,,0.01,1,,0.1,1,,0.1,1,,0.1,1,,0,0,,0,0,,0,0,,1.0,1,,0.1,1,shadow_hand_push_block,42
0.0038,,0,0,,0,0,,0.01,1,,0.1,1,,0.1,1,,0.1,1,,0,0,,0,0,,0,0,,0.2,1,,0.1,1,shadow_hand_push_block,42
0.0003,,0,0,,0,0,,0.05,1,,0.05,1,,0.1,1,,0.5,1,,0,0,,0,0,,0,0,,1.0,1,,0.1,1,shadow_hand_push_block,42
0.0164,,0,0,,0,0,,0.05,1,,0.05,1,,0.1,1,,0.5,1,,0,0,,0,0,,0,0,,0.2,1,,0.1,1,shadow_hand_push_block,42
0.014,,0,0,,0,0,,0.05,1,,0.05,1,,0.1,1,,0.1,1,,0,0,,0,0,,0,0,,1.0,1,,0.1,1,shadow_hand_push_block,42
0.0028,,0,0,,0,0,,0.05,1,,0.05,1,,0.1,1,,0.1,1,,0,0,,0,0,,0,0,,0.2,1,,0.1,1,shadow_hand_push_block,42
0.038,,0,0,,0,0,,0.01,1,,0.05,1,,0.1,1,,0.5,1,,0,0,,0,0,,0,0,,1.0,1,,0.1,1,shadow_hand_push_block,42
0.004,,0,0,,0,0,,0.01,1,,0.05,1,,0.1,1,,0.5,1,,0,0,,0,0,,0,0,,0.2,1,,0.1,1,shadow_hand_push_block,42
0.0048,,0,0,,0,0,,0.01,1,,0.05,1,,0.1,1,,0.1,1,,0,0,,0,0,,0,0,,1.0,1,,0.1,1,shadow_hand_push_block,42
0.0133,,0,0,,0,0,,0.01,1,,0.05,1,,0.1,1,,0.1,1,,0,0,,0,0,,0,0,,0.2,1,,0.1,1,shadow_hand_push_block,42
0.0036,,0,0,,0,0,,0.01,1,,0.3,1,,0.2,1,,0,0,,0,0,,0,0,,1.0,1,,0,0,,0.1,1,shadow_hand_push_block,42
0.013,,0,0,,0,0,,0.01,1,,0.3,1,,0.2,1,,0,0,,0,0,,0,0,,0.2,1,,0,0,,0.1,1,shadow_hand_push_block,42
0.0145,,0,0,,0,0,,0.05,1,,0.3,1,,0.2,1,,0,0,,0,0,,0,0,,1.0,1,,0,0,,0.1,1,shadow_hand_push_block,42
0.0109,,0,0,,0,0,,0.05,1,,0.3,1,,0.2,1,,0,0,,0,0,,0,0,,0.2,1,,0,0,,0.1,1,shadow_hand_push_block,42
0.0062,,0,0,,0,0,,0.01,1,,0.3,1,,0.2,1,,0,0,,0,0,,0,0,,1.0,1,,0,0,,0.05,1,shadow_hand_push_block,42
0.0002,,0,0,,0,0,,0.01,1,,0.3,1,,0.2,1,,0,0,,0,0,,0,0,,0.2,1,,0,0,,0.05,1,shadow_hand_push_block,42
0.0002,,0,0,,0,0,,0.05,1,,0.3,1,,0.2,1,,0,0,,0,0,,0,0,,1.0,1,,0,0,,0.05,1,shadow_hand_push_block,42
0.0002,,0,0,,0,0,,0.05,1,,0.3,1,,0.2,1,,0,0,,0,0,,0,0,,0.2,1,,0,0,,0.05,1,shadow_hand_push_block,42
0.0003,,0,0,,0,0,,0.01,1,,0.3,1,,0.1,1,,0,0,,0,0,,0,0,,1.0,1,,0,0,,0.1,1,shadow_hand_push_block,42
0.0005,,0,0,,0,0,,0.01,1,,0.3,1,,0.1,1,,0,0,,0,0,,0,0,,0.2,1,,0,0,,0.1,1,shadow_hand_push_block,42
0.0005,,0,0,,0,0,,0.05,1,,0.3,1,,0.1,1,,0,0,,0,0,,0,0,,1.0,1,,0,0,,0.1,1,shadow_hand_push_block,42
0.0006,,0,0,,0,0,,0.05,1,,0.3,1,,0.1,1,,0,0,,0,0,,0,0,,0.2,1,,0,0,,0.1,1,shadow_hand_push_block,42
0.0062,,0,0,,0,0,,0.01,1,,0.3,1,,0.1,1,,0,0,,0,0,,0,0,,1.0,1,,0,0,,0.05,1,shadow_hand_push_block,42
0.0059,,0,0,,0,0,,0.01,1,,0.3,1,,0.1,1,,0,0,,0,0,,0,0,,0.2,1,,0,0,,0.05,1,shadow_hand_push_block,42
0.0004,,0,0,,0,0,,0.05,1,,0.3,1,,0.1,1,,0,0,,0,0,,0,0,,1.0,1,,0,0,,0.05,1,shadow_hand_push_block,42
0.0041,,0,0,,0,0,,0.05,1,,0.3,1,,0.1,1,,0,0,,0,0,,0,0,,0.2,1,,0,0,,0.05,1,shadow_hand_push_block,42
0.0029,,0,0,,0,0,,0.01,1,,0.1,1,,0.1,1,,0,0,,0,0,,0,0,,1.0,1,,0,0,,0.1,1,shadow_hand_push_block,42
0.0004,,0,0,,0,0,,0.01,1,,0.1,1,,0.1,1,,0,0,,0,0,,0,0,,0.2,1,,0,0,,0.1,1,shadow_hand_push_block,42
0.0023,,0,0,,0,0,,0.05,1,,0.1,1,,0.1,1,,0,0,,0,0,,0,0,,1.0,1,,0,0,,0.1,1,shadow_hand_push_block,42
0.0002,,0,0,,0,0,,0.05,1,,0.1,1,,0.1,1,,0,0,,0,0,,0,0,,0.2,1,,0,0,,0.1,1,shadow_hand_push_block,42
0.0134,,0,0,,0,0,,0.01,1,,0.1,1,,0.1,1,,0,0,,0,0,,0,0,,1.0,1,,0,0,,0.05,1,shadow_hand_push_block,42
0.0006,,0,0,,0,0,,0.01,1,,0.1,1,,0.1,1,,0,0,,0,0,,0,0,,0.2,1,,0,0,,0.05,1,shadow_hand_push_block,42
0.0005,,0,0,,0,0,,0.05,1,,0.1,1,,0.1,1,,0,0,,0,0,,0,0,,1.0,1,,0,0,,0.05,1,shadow_hand_push_block,42
0.0009,,0,0,,0,0,,0.05,1,,0.1,1,,0.1,1,,0,0,,0,0,,0,0,,0.2,1,,0,0,,0.05,1,shadow_hand_push_block,42
0.0092,,0,0,,0,0,,1.0,1,,5.0,1,,2.0,1,,0,0,,0,0,,0,0,,0,0,,0,0,,2.0,1,shadow_hand_push_block,42
0.0042,,0,0,,0,0,,1.0,1,,5.0,1,,2.0,1,,0,0,,0,0,,0,0,,0,0,,0,0,,1.0,1,shadow_hand_push_block,42
0.0038,,0,0,,0,0,,0.5,1,,5.0,1,,2.0,1,,0,0,,0,0,,0,0,,0,0,,0,0,,2.0,1,shadow_hand_push_block,42
0.011,,0,0,,0,0,,0.5,1,,5.0,1,,2.0,1,,0,0,,0,0,,0,0,,0,0,,0,0,,1.0,1,shadow_hand_push_block,42
0.0016,,0,0,,0,0,,1.0,1,,5.0,1,,1.0,1,,0,0,,0,0,,0,0,,0,0,,0,0,,2.0,1,shadow_hand_push_block,42
0.001,,0,0,,0,0,,1.0,1,,5.0,1,,1.0,1,,0,0,,0,0,,0,0,,0,0,,0,0,,1.0,1,shadow_hand_push_block,42
0.0137,,0,0,,0,0,,0.5,1,,5.0,1,,1.0,1,,0,0,,0,0,,0,0,,0,0,,0,0,,2.0,1,shadow_hand_push_block,42
0.0154,,0,0,,0,0,,0.5,1,,5.0,1,,1.0,1,,0,0,,0,0,,0,0,,0,0,,0,0,,1.0,1,shadow_hand_push_block,42
0.0036,,0,0,,0,0,,1.0,1,,1.0,1,,2.0,1,,0,0,,0,0,,0,0,,0,0,,0,0,,2.0,1,shadow_hand_push_block,42
0.0123,,0,0,,0,0,,1.0,1,,1.0,1,,2.0,1,,0,0,,0,0,,0,0,,0,0,,0,0,,1.0,1,shadow_hand_push_block,42
0.0293,,0,0,,0,0,,1.0,1,,1.0,1,,2.0,1,,0,0,,0,0,,0,0,,0,0,,0,0,,5.0,1,shadow_hand_push_block,42
0.0014,,0,0,,0,0,,0.5,1,,1.0,1,,2.0,1,,0,0,,0,0,,0,0,,0,0,,0,0,,2.0,1,shadow_hand_push_block,42
0.0275,,0,0,,0,0,,0.5,1,,1.0,1,,2.0,1,,0,0,,0,0,,0,0,,0,0,,0,0,,1.0,1,shadow_hand_push_block,42
0.0038,,0,0,,0,0,,0.5,1,,1.0,1,,2.0,1,,0,0,,0,0,,0,0,,0,0,,0,0,,5.0,1,shadow_hand_push_block,42
0.0006,,0,0,,0,0,,5.0,1,,1.0,1,,2.0,1,,0,0,,0,0,,0,0,,0,0,,0,0,,2.0,1,shadow_hand_push_block,42
0.0179,,0,0,,0,0,,5.0,1,,1.0,1,,2.0,1,,0,0,,0,0,,0,0,,0,0,,0,0,,1.0,1,shadow_hand_push_block,42
0.0219,,0,0,,0,0,,5.0,1,,1.0,1,,2.0,1,,0,0,,0,0,,0,0,,0,0,,0,0,,5.0,1,shadow_hand_push_block,42
0.0319,,0,0,,0,0,,1.0,1,,10.0,1,,2.0,1,,0,0,,0,0,,0,0,,0,0,,0,0,,2.0,1,shadow_hand_push_block,42
0.0104,,0,0,,0,0,,1.0,1,,10.0,1,,2.0,1,,0,0,,0,0,,0,0,,0,0,,0,0,,1.0,1,shadow_hand_push_block,42
0.0121,,0,0,,0,0,,1.0,1,,10.0,1,,2.0,1,,0,0,,0,0,,0,0,,0,0,,0,0,,5.0,1,shadow_hand_push_block,42
0.0163,,0,0,,0,0,,0.5,1,,10.0,1,,2.0,1,,0,0,,0,0,,0,0,,0,0,,0,0,,2.0,1,shadow_hand_push_block,42
0.0003,,0,0,,0,0,,0.5,1,,10.0,1,,2.0,1,,0,0,,0,0,,0,0,,0,0,,0,0,,1.0,1,shadow_hand_push_block,42
0.0002,,0,0,,0,0,,0.5,1,,10.0,1,,2.0,1,,0,0,,0,0,,0,0,,0,0,,0,0,,5.0,1,shadow_hand_push_block,42
0.0145,,0,0,,0,0,,5.0,1,,10.0,1,,2.0,1,,0,0,,0,0,,0,0,,0,0,,0,0,,2.0,1,shadow_hand_push_block,42
0.0274,,0,0,,0,0,,5.0,1,,10.0,1,,2.0,1,,0,0,,0,0,,0,0,,0,0,,0,0,,1.0,1,shadow_hand_push_block,42
0.0005,,0,0,,0,0,,5.0,1,,10.0,1,,2.0,1,,0,0,,0,0,,0,0,,0,0,,0,0,,5.0,1,shadow_hand_push_block,42
0.0125,,0,0,,0,0,,0.01,1,,0.05,1,,0.03,1,,0,0,,0,0,,0,0,,0,0,,0,0,,0,0,shadow_hand_push_block,42
0.0002,,0,0,,0,0,,0.05,1,,0.05,1,,0.03,1,,0,0,,0,0,,0,0,,0,0,,0,0,,0,0,shadow_hand_push_block,42
0.0002,,0,0,,0,0,,0.005,1,,0.05,1,,0.03,1,,0,0,,0,0,,0,0,,0,0,,0,0,,0,0,shadow_hand_push_block,42
0.017,,0,0,,0,0,,0.01,1,,0.05,1,,0.01,1,,0,0,,0,0,,0,0,,0,0,,0,0,,0,0,shadow_hand_push_block,42
0.0015,,0,0,,0,0,,0.05,1,,0.05,1,,0.01,1,,0,0,,0,0,,0,0,,0,0,,0,0,,0,0,shadow_hand_push_block,42
0.0004,,0,0,,0,0,,0.005,1,,0.05,1,,0.01,1,,0,0,,0,0,,0,0,,0,0,,0,0,,0,0,shadow_hand_push_block,42
0.0002,,0,0,,0,0,,0.01,1,,0.05,1,,0.1,1,,0,0,,0,0,,0,0,,0,0,,0,0,,0,0,shadow_hand_push_block,42
0.0179,,0,0,,0,0,,0.05,1,,0.05,1,,0.1,1,,0,0,,0,0,,0,0,,0,0,,0,0,,0,0,shadow_hand_push_block,42
0.0057,,0,0,,0,0,,0.005,1,,0.05,1,,0.1,1,,0,0,,0,0,,0,0,,0,0,,0,0,,0,0,shadow_hand_push_block,42
0.0132,,0,0,,0,0,,0.01,1,,0.01,1,,0.03,1,,0,0,,0,0,,0,0,,0,0,,0,0,,0,0,shadow_hand_push_block,42
0.0096,,0,0,,0,0,,0.05,1,,0.01,1,,0.03,1,,0,0,,0,0,,0,0,,0,0,,0,0,,0,0,shadow_hand_push_block,42
0.0002,,0,0,,0,0,,0.005,1,,0.01,1,,0.03,1,,0,0,,0,0,,0,0,,0,0,,0,0,,0,0,shadow_hand_push_block,42
0.0002,,0,0,,0,0,,0.01,1,,0.01,1,,0.01,1,,0,0,,0,0,,0,0,,0,0,,0,0,,0,0,shadow_hand_push_block,42
0.0,,0,0,,0,0,,0.005,1,,0.01,1,,0.01,1,,0,0,,0,0,,0,0,,0,0,,0,0,,0,0,shadow_hand_push_block,42
0.0065,,0,0,,0,0,,0.01,1,,0.01,1,,0.1,1,,0,0,,0,0,,0,0,,0,0,,0,0,,0,0,shadow_hand_push_block,42
0.014,,0,0,,0,0,,0.05,1,,0.01,1,,0.1,1,,0,0,,0,0,,0,0,,0,0,,0,0,,0,0,shadow_hand_push_block,42
0.0062,,0,0,,0,0,,0.005,1,,0.01,1,,0.1,1,,0,0,,0,0,,0,0,,0,0,,0,0,,0,0,shadow_hand_push_block,42
0.0046,,0,0,,0,0,,0.01,1,,0.5,1,,0.03,1,,0,0,,0,0,,0,0,,0,0,,0,0,,0,0,shadow_hand_push_block,42
0.0075,,0,0,,0,0,,0.05,1,,0.5,1,,0.03,1,,0,0,,0,0,,0,0,,0,0,,0,0,,0,0,shadow_hand_push_block,42
0.009,,0,0,,0,0,,0.005,1,,0.5,1,,0.03,1,,0,0,,0,0,,0,0,,0,0,,0,0,,0,0,shadow_hand_push_block,42
0.014,,0,0,,0,0,,0.01,1,,0.5,1,,0.01,1,,0,0,,0,0,,0,0,,0,0,,0,0,,0,0,shadow_hand_push_block,42
0.0058,,0,0,,0,0,,0.05,1,,0.5,1,,0.01,1,,0,0,,0,0,,0,0,,0,0,,0,0,,0,0,shadow_hand_push_block,42
0.0254,,0,0,,0,0,,0.005,1,,0.5,1,,0.01,1,,0,0,,0,0,,0,0,,0,0,,0,0,,0,0,shadow_hand_push_block,42
0.0089,,0,0,,0,0,,0.01,1,,0.5,1,,0.1,1,,0,0,,0,0,,0,0,,0,0,,0,0,,0,0,shadow_hand_push_block,42
0.0029,,0,0,,0,0,,0.05,1,,0.5,1,,0.1,1,,0,0,,0,0,,0,0,,0,0,,0,0,,0,0,shadow_hand_push_block,42
0.0091,,0,0,,0,0,,0.005,1,,0.5,1,,0.1,1,,0,0,,0,0,,0,0,,0,0,,0,0,,0,0,shadow_hand_push_block,42
0.0097,,0,0,,0,0,,1.0,1,,0.5,1,,0.2,1,,0,0,,0,0,,0,0,,0,0,,0,0,,0.1,1,shadow_hand_push_block,42
0.0004,,0,0,,0,0,,1.0,1,,0.5,1,,0.2,1,,0,0,,0,0,,0,0,,0,0,,0,0,,0.05,1,shadow_hand_push_block,42
0.0064,,0,0,,0,0,,1.0,1,,0.5,1,,0.2,1,,0,0,,0,0,,0,0,,0,0,,0,0,,0.5,1,shadow_hand_push_block,42
0.0004,,0,0,,0,0,,0.5,1,,0.5,1,,0.2,1,,0,0,,0,0,,0,0,,0,0,,0,0,,0.1,1,shadow_hand_push_block,42
0.0071,,0,0,,0,0,,0.5,1,,0.5,1,,0.2,1,,0,0,,0,0,,0,0,,0,0,,0,0,,0.05,1,shadow_hand_push_block,42
0.013,,0,0,,0,0,,0.5,1,,0.5,1,,0.2,1,,0,0,,0,0,,0,0,,0,0,,0,0,,0.5,1,shadow_hand_push_block,42
0.0066,,0,0,,0,0,,5.0,1,,0.5,1,,0.2,1,,0,0,,0,0,,0,0,,0,0,,0,0,,0.1,1,shadow_hand_push_block,42
0.0002,,0,0,,0,0,,5.0,1,,0.5,1,,0.2,1,,0,0,,0,0,,0,0,,0,0,,0,0,,0.05,1,shadow_hand_push_block,42
0.015,,0,0,,0,0,,5.0,1,,0.5,1,,0.2,1,,0,0,,0,0,,0,0,,0,0,,0,0,,0.5,1,shadow_hand_push_block,42
0.0362,,0,0,,0,0,,1.0,1,,0.5,1,,0.1,1,,0,0,,0,0,,0,0,,0,0,,0,0,,0.1,1,shadow_hand_push_block,42
0.0144,,0,0,,0,0,,1.0,1,,0.5,1,,0.1,1,,0,0,,0,0,,0,0,,0,0,,0,0,,0.05,1,shadow_hand_push_block,42
0.0005,,0,0,,0,0,,1.0,1,,0.5,1,,0.1,1,,0,0,,0,0,,0,0,,0,0,,0,0,,0.5,1,shadow_hand_push_block,42
0.0722,,0,0,,0,0,,0.5,1,,0.5,1,,0.1,1,,0,0,,0,0,,0,0,,0,0,,0,0,,0.1,1,shadow_hand_push_block,42
0.0006,,0,0,,0,0,,0.5,1,,0.5,1,,0.1,1,,0,0,,0,0,,0,0,,0,0,,0,0,,0.05,1,shadow_hand_push_block,42
0.0007,,0,0,,0,0,,0.5,1,,0.5,1,,0.1,1,,0,0,,0,0,,0,0,,0,0,,0,0,,0.5,1,shadow_hand_push_block,42
0.0059,,0,0,,0,0,,5.0,1,,0.5,1,,0.1,1,,0,0,,0,0,,0,0,,0,0,,0,0,,0.1,1,shadow_hand_push_block,42
0.0169,,0,0,,0,0,,5.0,1,,0.5,1,,0.1,1,,0,0,,0,0,,0,0,,0,0,,0,0,,0.05,1,shadow_hand_push_block,42
0.0067,,0,0,,0,0,,5.0,1,,0.5,1,,0.1,1,,0,0,,0,0,,0,0,,0,0,,0,0,,0.5,1,shadow_hand_push_block,42
0.0205,,0,0,,0,0,,1.0,1,,0.1,1,,1.0,1,,0,0,,0,0,,0,0,,0,0,,0,0,,0.1,1,shadow_hand_push_block,42
0.0117,,0,0,,0,0,,1.0,1,,0.1,1,,1.0,1,,0,0,,0,0,,0,0,,0,0,,0,0,,0.05,1,shadow_hand_push_block,42
0.0129,,0,0,,0,0,,1.0,1,,0.1,1,,1.0,1,,0,0,,0,0,,0,0,,0,0,,0,0,,0.5,1,shadow_hand_push_block,42
0.0011,,0,0,,0,0,,0.5,1,,0.1,1,,1.0,1,,0,0,,0,0,,0,0,,0,0,,0,0,,0.1,1,shadow_hand_push_block,42
0.0064,,0,0,,0,0,,0.5,1,,0.1,1,,1.0,1,,0,0,,0,0,,0,0,,0,0,,0,0,,0.05,1,shadow_hand_push_block,42
0.038,,0,0,,0,0,,0.5,1,,0.1,1,,1.0,1,,0,0,,0,0,,0,0,,0,0,,0,0,,0.5,1,shadow_hand_push_block,42
0.0021,,0,0,,0,0,,5.0,1,,0.1,1,,1.0,1,,0,0,,0,0,,0,0,,0,0,,0,0,,0.1,1,shadow_hand_push_block,42
0.0114,,0,0,,0,0,,5.0,1,,0.1,1,,1.0,1,,0,0,,0,0,,0,0,,0,0,,0,0,,0.05,1,shadow_hand_push_block,42
0.0542,,0,0,,0,0,,5.0,1,,0.1,1,,1.0,1,,0,0,,0,0,,0,0,,0,0,,0,0,,0.5,1,shadow_hand_push_block,42
0.0128,,0,0,,0,0,,1.0,1,,1.0,1,,1.0,1,,0,0,,0,0,,0,0,,0,0,,0,0,,0.1,1,shadow_hand_push_block,42
0.0052,,0,0,,0,0,,1.0,1,,1.0,1,,1.0,1,,0,0,,0,0,,0,0,,0,0,,0,0,,0.05,1,shadow_hand_push_block,42
0.0103,,0,0,,0,0,,1.0,1,,1.0,1,,1.0,1,,0,0,,0,0,,0,0,,0,0,,0,0,,0.5,1,shadow_hand_push_block,42
0.0167,,0,0,,0,0,,0.5,1,,1.0,1,,1.0,1,,0,0,,0,0,,0,0,,0,0,,0,0,,0.1,1,shadow_hand_push_block,42
0.0159,,0,0,,0,0,,0.5,1,,1.0,1,,1.0,1,,0,0,,0,0,,0,0,,0,0,,0,0,,0.05,1,shadow_hand_push_block,42
0.0223,,0,0,,0,0,,0.5,1,,1.0,1,,1.0,1,,0,0,,0,0,,0,0,,0,0,,0,0,,0.5,1,shadow_hand_push_block,42
0.0259,,0,0,,0,0,,5.0,1,,1.0,1,,1.0,1,,0,0,,0,0,,0,0,,0,0,,0,0,,0.1,1,shadow_hand_push_block,42
0.0183,,0,0,,0,0,,5.0,1,,1.0,1,,1.0,1,,0,0,,0,0,,0,0,,0,0,,0,0,,0.05,1,shadow_hand_push_block,42
0.0026,,0,0,,0,0,,5.0,1,,1.0,1,,1.0,1,,0,0,,0,0,,0,0,,0,0,,0,0,,0.5,1,shadow_hand_push_block,42
0.0113,,0,0,,0,0,,0.1,1,,0.3,1,,0.2,1,,0,0,,1.0,1,,0,0,,0,0,,0,0,,0,0,shadow_hand_push_block,42
0.0066,,0,0,,0,0,,0.1,1,,0.3,1,,0.2,1,,0,0,,0.5,1,,0,0,,0,0,,0,0,,0,0,shadow_hand_push_block,42
0.0064,,0,0,,0,0,,0.1,1,,0.3,1,,0.2,1,,0,0,,5.0,1,,0,0,,0,0,,0,0,,0,0,shadow_hand_push_block,42
0.006,,0,0,,0,0,,0.05,1,,0.3,1,,0.2,1,,0,0,,1.0,1,,0,0,,0,0,,0,0,,0,0,shadow_hand_push_block,42
0.0034,,0,0,,0,0,,0.05,1,,0.3,1,,0.2,1,,0,0,,0.5,1,,0,0,,0,0,,0,0,,0,0,shadow_hand_push_block,42
0.0178,,0,0,,0,0,,0.05,1,,0.3,1,,0.2,1,,0,0,,5.0,1,,0,0,,0,0,,0,0,,0,0,shadow_hand_push_block,42
0.0122,,0,0,,0,0,,0.5,1,,0.3,1,,0.2,1,,0,0,,1.0,1,,0,0,,0,0,,0,0,,0,0,shadow_hand_push_block,42
0.0051,,0,0,,0,0,,0.5,1,,0.3,1,,0.2,1,,0,0,,0.5,1,,0,0,,0,0,,0,0,,0,0,shadow_hand_push_block,42
0.0155,,0,0,,0,0,,0.5,1,,0.3,1,,0.2,1,,0,0,,5.0,1,,0,0,,0,0,,0,0,,0,0,shadow_hand_push_block,42
0.0068,,0,0,,0,0,,0.1,1,,0.3,1,,0.1,1,,0,0,,1.0,1,,0,0,,0,0,,0,0,,0,0,shadow_hand_push_block,42
0.0085,,0,0,,0,0,,0.1,1,,0.3,1,,0.1,1,,0,0,,0.5,1,,0,0,,0,0,,0,0,,0,0,shadow_hand_push_block,42
0.0012,,0,0,,0,0,,0.1,1,,0.3,1,,0.1,1,,0,0,,5.0,1,,0,0,,0,0,,0,0,,0,0,shadow_hand_push_block,42
0.0096,,0,0,,0,0,,0.05,1,,0.3,1,,0.1,1,,0,0,,1.0,1,,0,0,,0,0,,0,0,,0,0,shadow_hand_push_block,42
0.0043,,0,0,,0,0,,0.05,1,,0.3,1,,0.1,1,,0,0,,0.5,1,,0,0,,0,0,,0,0,,0,0,shadow_hand_push_block,42
0.0093,,0,0,,0,0,,0.05,1,,0.3,1,,0.1,1,,0,0,,5.0,1,,0,0,,0,0,,0,0,,0,0,shadow_hand_push_block,42
0.0058,,0,0,,0,0,,0.5,1,,0.3,1,,0.1,1,,0,0,,1.0,1,,0,0,,0,0,,0,0,,0,0,shadow_hand_push_block,42
0.0153,,0,0,,0,0,,0.5,1,,0.3,1,,0.1,1,,0,0,,0.5,1,,0,0,,0,0,,0,0,,0,0,shadow_hand_push_block,42
0.0052,,0,0,,0,0,,0.5,1,,0.3,1,,0.1,1,,0,0,,5.0,1,,0,0,,0,0,,0,0,,0,0,shadow_hand_push_block,42
0.013,,0,0,,0,0,,0.1,1,,0.3,1,,1.0,1,,0,0,,1.0,1,,0,0,,0,0,,0,0,,0,0,shadow_hand_push_block,42
0.0239,,0,0,,0,0,,0.1,1,,0.3,1,,1.0,1,,0,0,,0.5,1,,0,0,,0,0,,0,0,,0,0,shadow_hand_push_block,42
0.0174,,0,0,,0,0,,0.1,1,,0.3,1,,1.0,1,,0,0,,5.0,1,,0,0,,0,0,,0,0,,0,0,shadow_hand_push_block,42
0.0459,,0,0,,0,0,,0.05,1,,0.3,1,,1.0,1,,0,0,,1.0,1,,0,0,,0,0,,0,0,,0,0,shadow_hand_push_block,42
0.0459,,0,0,,0,0,,0.05,1,,0.3,1,,1.0,1,,0,0,,0.5,1,,0,0,,0,0,,0,0,,0,0,shadow_hand_push_block,42
0.0097,,0,0,,0,0,,0.05,1,,0.3,1,,1.0,1,,0,0,,5.0,1,,0,0,,0,0,,0,0,,0,0,shadow_hand_push_block,42
0.0034,,0,0,,0,0,,0.5,1,,0.3,1,,1.0,1,,0,0,,1.0,1,,0,0,,0,0,,0,0,,0,0,shadow_hand_push_block,42
0.0374,,0,0,,0,0,,0.5,1,,0.3,1,,1.0,1,,0,0,,0.5,1,,0,0,,0,0,,0,0,,0,0,shadow_hand_push_block,42
0.0422,,0,0,,0,0,,0.5,1,,0.3,1,,1.0,1,,0,0,,5.0,1,,0,0,,0,0,,0,0,,0,0,shadow_hand_push_block,42
0.0079,,0,0,,0,0,,0.1,1,,0.1,1,,1.0,1,,0,0,,1.0,1,,0,0,,0,0,,0,0,,0,0,shadow_hand_push_block,42
0.0078,,0,0,,0,0,,0.1,1,,0.1,1,,1.0,1,,0,0,,0.5,1,,0,0,,0,0,,0,0,,0,0,shadow_hand_push_block,42
0.0131,,0,0,,0,0,,0.1,1,,0.1,1,,1.0,1,,0,0,,5.0,1,,0,0,,0,0,,0,0,,0,0,shadow_hand_push_block,42
0.0091,,0,0,,0,0,,0.05,1,,0.1,1,,1.0,1,,0,0,,1.0,1,,0,0,,0,0,,0,0,,0,0,shadow_hand_push_block,42
0.0048,,0,0,,0,0,,0.05,1,,0.1,1,,1.0,1,,0,0,,0.5,1,,0,0,,0,0,,0,0,,0,0,shadow_hand_push_block,42
0.0148,,0,0,,0,0,,0.05,1,,0.1,1,,1.0,1,,0,0,,5.0,1,,0,0,,0,0,,0,0,,0,0,shadow_hand_push_block,42
0.0023,,0,0,,0,0,,0.5,1,,0.1,1,,1.0,1,,0,0,,1.0,1,,0,0,,0,0,,0,0,,0,0,shadow_hand_push_block,42
0.0003,,0,0,,0,0,,0.5,1,,0.1,1,,1.0,1,,0,0,,0.5,1,,0,0,,0,0,,0,0,,0,0,shadow_hand_push_block,42
0.0152,,0,0,,0,0,,0.5,1,,0.1,1,,1.0,1,,0,0,,5.0,1,,0,0,,0,0,,0,0,,0,0,shadow_hand_push_block,42
0.0002,,0,0,,0,0,,0.02,1,,0.1,1,,0.05,1,,0,0,,0,0,,0,0,,0,0,,0,0,,0,0,shadow_hand_push_block,42
0.0156,,0,0,,0,0,,0.1,1,,0.1,1,,0.05,1,,0,0,,0,0,,0,0,,0,0,,0,0,,0,0,shadow_hand_push_block,42
0.0111,,0,0,,0,0,,0.02,1,,0.1,1,,0.01,1,,0,0,,0,0,,0,0,,0,0,,0,0,,0,0,shadow_hand_push_block,42
0.0265,,0,0,,0,0,,0.1,1,,0.1,1,,0.01,1,,0,0,,0,0,,0,0,,0,0,,0,0,,0,0,shadow_hand_push_block,42
0.0051,,0,0,,0,0,,0.02,1,,0.1,1,,0.1,1,,0,0,,0,0,,0,0,,0,0,,0,0,,0,0,shadow_hand_push_block,42
0.0263,,0,0,,0,0,,0.1,1,,0.1,1,,0.1,1,,0,0,,0,0,,0,0,,0,0,,0,0,,0,0,shadow_hand_push_block,42
0.0,,0,0,,0,0,,0.02,1,,0.05,1,,0.05,1,,0,0,,0,0,,0,0,,0,0,,0,0,,0,0,shadow_hand_push_block,42
0.0063,,0,0,,0,0,,0.1,1,,0.05,1,,0.05,1,,0,0,,0,0,,0,0,,0,0,,0,0,,0,0,shadow_hand_push_block,42
0.0051,,0,0,,0,0,,0.02,1,,0.05,1,,0.01,1,,0,0,,0,0,,0,0,,0,0,,0,0,,0,0,shadow_hand_push_block,42
0.0835,,0,0,,0,0,,0.1,1,,0.05,1,,0.01,1,,0,0,,0,0,,0,0,,0,0,,0,0,,0,0,shadow_hand_push_block,42
0.0009,,0,0,,0,0,,0.02,1,,0.05,1,,0.1,1,,0,0,,0,0,,0,0,,0,0,,0,0,,0,0,shadow_hand_push_block,42
0.0069,,0,0,,0,0,,0.1,1,,0.05,1,,0.1,1,,0,0,,0,0,,0,0,,0,0,,0,0,,0,0,shadow_hand_push_block,42
0.0012,,0,0,,0,0,,0.02,1,,0.5,1,,0.05,1,,0,0,,0,0,,0,0,,0,0,,0,0,,0,0,shadow_hand_push_block,42
0.0058,,0,0,,0,0,,0.1,1,,0.5,1,,0.05,1,,0,0,,0,0,,0,0,,0,0,,0,0,,0,0,shadow_hand_push_block,42
0.0672,,0,0,,0,0,,0.02,1,,0.5,1,,0.01,1,,0,0,,0,0,,0,0,,0,0,,0,0,,0,0,shadow_hand_push_block,42
0.0356,,0,0,,0,0,,0.1,1,,0.5,1,,0.01,1,,0,0,,0,0,,0,0,,0,0,,0,0,,0,0,shadow_hand_push_block,42
0.0016,,0,0,,0,0,,0.02,1,,0.5,1,,0.1,1,,0,0,,0,0,,0,0,,0,0,,0,0,,0,0,shadow_hand_push_block,42
0.0142,,0,0,,0,0,,0.1,1,,0.5,1,,0.1,1,,0,0,,0,0,,0,0,,0,0,,0,0,,0,0,shadow_hand_push_block,42
0.0004,,0.1,1,,0.05,1,,0.02,1,,0.2,1,,0,0,,0,0,,0,0,,0.1,1,,1.0,1,,0,0,,0,0,shadow_hand_push_block,42
0.0,,0.1,1,,0.05,1,,0.02,1,,0.2,1,,0,0,,0,0,,0,0,,0.1,1,,0.5,1,,0,0,,0,0,shadow_hand_push_block,42
0.0002,,0.1,1,,0.05,1,,0.02,1,,0.2,1,,0,0,,0,0,,0,0,,0.1,1,,5.0,1,,0,0,,0,0,shadow_hand_push_block,42
0.0002,,0.1,1,,0.05,1,,0.02,1,,0.1,1,,0,0,,0,0,,0,0,,0.1,1,,1.0,1,,0,0,,0,0,shadow_hand_push_block,42
0.0003,,0.1,1,,0.05,1,,0.02,1,,0.1,1,,0,0,,0,0,,0,0,,0.1,1,,0.5,1,,0,0,,0,0,shadow_hand_push_block,42
0.0004,,0.1,1,,0.05,1,,0.02,1,,0.1,1,,0,0,,0,0,,0,0,,0.1,1,,5.0,1,,0,0,,0,0,shadow_hand_push_block,42
0.0002,,0.1,1,,0.05,1,,0.02,1,,1.0,1,,0,0,,0,0,,0,0,,0.1,1,,1.0,1,,0,0,,0,0,shadow_hand_push_block,42
0.004,,0.1,1,,0.05,1,,0.02,1,,1.0,1,,0,0,,0,0,,0,0,,0.1,1,,0.5,1,,0,0,,0,0,shadow_hand_push_block,42
0.002,,0.1,1,,0.05,1,,0.02,1,,1.0,1,,0,0,,0,0,,0,0,,0.1,1,,5.0,1,,0,0,,0,0,shadow_hand_push_block,42
0.0127,,0.05,1,,0.05,1,,0.02,1,,0.2,1,,0,0,,0,0,,0,0,,0.1,1,,1.0,1,,0,0,,0,0,shadow_hand_push_block,42
0.0175,,0.05,1,,0.05,1,,0.02,1,,0.2,1,,0,0,,0,0,,0,0,,0.1,1,,0.5,1,,0,0,,0,0,shadow_hand_push_block,42
0.0075,,0.05,1,,0.05,1,,0.02,1,,0.2,1,,0,0,,0,0,,0,0,,0.1,1,,5.0,1,,0,0,,0,0,shadow_hand_push_block,42
0.0156,,0.05,1,,0.05,1,,0.02,1,,0.1,1,,0,0,,0,0,,0,0,,0.1,1,,1.0,1,,0,0,,0,0,shadow_hand_push_block,42
0.0002,,0.05,1,,0.05,1,,0.02,1,,0.1,1,,0,0,,0,0,,0,0,,0.1,1,,0.5,1,,0,0,,0,0,shadow_hand_push_block,42
0.0,,0.05,1,,0.05,1,,0.02,1,,0.1,1,,0,0,,0,0,,0,0,,0.1,1,,5.0,1,,0,0,,0,0,shadow_hand_push_block,42
0.0174,,0.05,1,,0.05,1,,0.02,1,,1.0,1,,0,0,,0,0,,0,0,,0.1,1,,1.0,1,,0,0,,0,0,shadow_hand_push_block,42
0.0104,,0.05,1,,0.05,1,,0.02,1,,1.0,1,,0,0,,0,0,,0,0,,0.1,1,,0.5,1,,0,0,,0,0,shadow_hand_push_block,42
0.0002,,0.05,1,,0.05,1,,0.02,1,,1.0,1,,0,0,,0,0,,0,0,,0.1,1,,5.0,1,,0,0,,0,0,shadow_hand_push_block,42
0.017,,0.05,1,,0.05,1,,0.01,1,,0.2,1,,0,0,,0,0,,0,0,,0.05,1,,1.0,1,,0,0,,0,0,shadow_hand_push_block,42
0.0002,,0.05,1,,0.05,1,,0.01,1,,0.2,1,,0,0,,0,0,,0,0,,0.05,1,,0.5,1,,0,0,,0,0,shadow_hand_push_block,42
0.0002,,0.05,1,,0.05,1,,0.01,1,,0.2,1,,0,0,,0,0,,0,0,,0.05,1,,5.0,1,,0,0,,0,0,shadow_hand_push_block,42
0.01,,0.05,1,,0.05,1,,0.01,1,,0.1,1,,0,0,,0,0,,0,0,,0.05,1,,1.0,1,,0,0,,0,0,shadow_hand_push_block,42
0.0202,,0.05,1,,0.05,1,,0.01,1,,0.1,1,,0,0,,0,0,,0,0,,0.05,1,,0.5,1,,0,0,,0,0,shadow_hand_push_block,42
0.0271,,0.05,1,,0.05,1,,0.01,1,,0.1,1,,0,0,,0,0,,0,0,,0.05,1,,5.0,1,,0,0,,0,0,shadow_hand_push_block,42
0.0132,,0.05,1,,0.05,1,,0.01,1,,1.0,1,,0,0,,0,0,,0,0,,0.05,1,,1.0,1,,0,0,,0,0,shadow_hand_push_block,42
0.0135,,0.05,1,,0.05,1,,0.01,1,,1.0,1,,0,0,,0,0,,0,0,,0.05,1,,0.5,1,,0,0,,0,0,shadow_hand_push_block,42
0.0118,,0.05,1,,0.05,1,,0.01,1,,1.0,1,,0,0,,0,0,,0,0,,0.05,1,,5.0,1,,0,0,,0,0,shadow_hand_push_block,42
0.0003,,0.05,1,,0.01,1,,0.01,1,,0.2,1,,0,0,,0,0,,0,0,,0.05,1,,1.0,1,,0,0,,0,0,shadow_hand_push_block,42
0.0093,,0.05,1,,0.01,1,,0.01,1,,0.2,1,,0,0,,0,0,,0,0,,0.05,1,,0.5,1,,0,0,,0,0,shadow_hand_push_block,42
0.0005,,0.05,1,,0.01,1,,0.01,1,,0.2,1,,0,0,,0,0,,0,0,,0.05,1,,5.0,1,,0,0,,0,0,shadow_hand_push_block,42
0.0172,,0.05,1,,0.01,1,,0.01,1,,0.1,1,,0,0,,0,0,,0,0,,0.05,1,,1.0,1,,0,0,,0,0,shadow_hand_push_block,42
0.0069,,0.05,1,,0.01,1,,0.01,1,,0.1,1,,0,0,,0,0,,0,0,,0.05,1,,0.5,1,,0,0,,0,0,shadow_hand_push_block,42
0.0003,,0.05,1,,0.01,1,,0.01,1,,0.1,1,,0,0,,0,0,,0,0,,0.05,1,,5.0,1,,0,0,,0,0,shadow_hand_push_block,42
0.0,,0.05,1,,0.01,1,,0.01,1,,1.0,1,,0,0,,0,0,,0,0,,0.05,1,,1.0,1,,0,0,,0,0,shadow_hand_push_block,42
0.0005,,0.05,1,,0.01,1,,0.01,1,,1.0,1,,0,0,,0,0,,0,0,,0.05,1,,0.5,1,,0,0,,0,0,shadow_hand_push_block,42
0.0007,,0.05,1,,0.01,1,,0.01,1,,1.0,1,,0,0,,0,0,,0,0,,0.05,1,,5.0,1,,0,0,,0,0,shadow_hand_push_block,42
