score,r_action_reward,w_action_reward,active_action_reward,r_completion_bonus,w_completion_bonus,active_completion_bonus,r_grasp_reward,w_grasp_reward,active_grasp_reward,r_opposite_pull_reward,w_opposite_pull_reward,active_opposite_pull_reward,r_position_reward,w_position_reward,active_position_reward,r_pull_reward,w_pull_reward,active_pull_reward,r_separation_progress_bonus,w_separation_progress_bonus,active_separation_progress_bonus,r_separation_progress_reward,w_separation_progress_reward,active_separation_progress_reward,r_separation_reward,w_separation_reward,active_separation_reward,r_separation_velocity_reward,w_separation_velocity_reward,active_separation_velocity_reward,r_stability_reward,w_stability_reward,active_stability_reward,r_success_bonus,w_success_bonus,active_success_bonus,env_id,seed
0.0249,,0.01,1,,0,0,,10.0,1,,0,0,,10.0,1,,0,0,,0,0,,0,0,,20.0,1,,0,0,,5.0,1,,0,0,shadow_hand_pen,42
0.0391,,0.05,1,,0,0,,10.0,1,,0,0,,10.0,1,,0,0,,0,0,,0,0,,20.0,1,,0,0,,5.0,1,,0,0,shadow_hand_pen,42
0.0195,,0.1,1,,0,0,,10.0,1,,0,0,,10.0,1,,0,0,,0,0,,0,0,,20.0,1,,0,0,,5.0,1,,0,0,shadow_hand_pen,42
0.0293,,0.01,1,,0,0,,10.0,1,,0,0,,5.0,1,,0,0,,0,0,,0,0,,20.0,1,,0,0,,5.0,1,,0,0,shadow_hand_pen,42
0.0244,,0.05,1,,0,0,,10.0,1,,0,0,,5.0,1,,0,0,,0,0,,0,0,,20.0,1,,0,0,,5.0,1,,0,0,shadow_hand_pen,42
0.0977,,0.01,1,,0,0,,10.0,1,,0,0,,20.0,1,,0,0,,0,0,,0,0,,20.0,1,,0,0,,5.0,1,,0,0,shadow_hand_pen,42
0.0869,,0.05,1,,0,0,,10.0,1,,0,0,,20.0,1,,0,0,,0,0,,0,0,,20.0,1,,0,0,,5.0,1,,0,0,shadow_hand_pen,42
0.0293,,0.1,1,,0,0,,10.0,1,,0,0,,20.0,1,,0,0,,0,0,,0,0,,20.0,1,,0,0,,5.0,1,,0,0,shadow_hand_pen,42
0.0142,,0.01,1,,0,0,,10.0,1,,0,0,,10.0,1,,0,0,,0,0,,0,0,,10.0,1,,0,0,,1.0,1,,0,0,shadow_hand_pen,42
0.0132,,0.05,1,,0,0,,10.0,1,,0,0,,10.0,1,,0,0,,0,0,,0,0,,10.0,1,,0,0,,1.0,1,,0,0,shadow_hand_pen,42
0.0273,,0.1,1,,0,0,,10.0,1,,0,0,,10.0,1,,0,0,,0,0,,0,0,,10.0,1,,0,0,,1.0,1,,0,0,shadow_hand_pen,42
0.0049,,0.01,1,,0,0,,10.0,1,,0,0,,5.0,1,,0,0,,0,0,,0,0,,10.0,1,,0,0,,1.0,1,,0,0,shadow_hand_pen,42
0.0278,,0.05,1,,0,0,,10.0,1,,0,0,,5.0,1,,0,0,,0,0,,0,0,,10.0,1,,0,0,,1.0,1,,0,0,shadow_hand_pen,42
0.0088,,0.1,1,,0,0,,10.0,1,,0,0,,5.0,1,,0,0,,0,0,,0,0,,10.0,1,,0,0,,1.0,1,,0,0,shadow_hand_pen,42
0.0244,,0.01,1,,0,0,,10.0,1,,0,0,,20.0,1,,0,0,,0,0,,0,0,,10.0,1,,0,0,,1.0,1,,0,0,shadow_hand_pen,42
0.0049,,0.05,1,,0,0,,10.0,1,,0,0,,20.0,1,,0,0,,0,0,,0,0,,10.0,1,,0,0,,1.0,1,,0,0,shadow_hand_pen,42
0.0151,,0.1,1,,0,0,,10.0,1,,0,0,,20.0,1,,0,0,,0,0,,0,0,,10.0,1,,0,0,,1.0,1,,0,0,shadow_hand_pen,42
0.0356,,0.01,1,,0,0,,5.0,1,,0,0,,10.0,1,,0,0,,0,0,,0,0,,40.0,1,,0,0,,10.0,1,,0,0,shadow_hand_pen,42
0.0303,,0.05,1,,0,0,,5.0,1,,0,0,,10.0,1,,0,0,,0,0,,0,0,,40.0,1,,0,0,,10.0,1,,0,0,shadow_hand_pen,42
0.0332,,0.1,1,,0,0,,5.0,1,,0,0,,10.0,1,,0,0,,0,0,,0,0,,40.0,1,,0,0,,10.0,1,,0,0,shadow_hand_pen,42
0.0215,,0.01,1,,0,0,,5.0,1,,0,0,,5.0,1,,0,0,,0,0,,0,0,,40.0,1,,0,0,,10.0,1,,0,0,shadow_hand_pen,42
0.0464,,0.05,1,,0,0,,5.0,1,,0,0,,5.0,1,,0,0,,0,0,,0,0,,40.0,1,,0,0,,10.0,1,,0,0,shadow_hand_pen,42
0.0571,,0.1,1,,0,0,,5.0,1,,0,0,,5.0,1,,0,0,,0,0,,0,0,,40.0,1,,0,0,,10.0,1,,0,0,shadow_hand_pen,42
0.0508,,0.01,1,,0,0,,5.0,1,,0,0,,20.0,1,,0,0,,0,0,,0,0,,40.0,1,,0,0,,10.0,1,,0,0,shadow_hand_pen,42
0.0576,,0.1,1,,0,0,,5.0,1,,0,0,,20.0,1,,0,0,,0,0,,0,0,,40.0,1,,0,0,,10.0,1,,0,0,shadow_hand_pen,42
0.0352,,0.01,1,,0,0,,20.0,1,,0,0,,10.0,1,,0,0,,0,0,,0,0,,20.0,1,,0,0,,5.0,1,,0,0,shadow_hand_pen,42
0.0293,,0.05,1,,0,0,,20.0,1,,0,0,,10.0,1,,0,0,,0,0,,0,0,,20.0,1,,0,0,,5.0,1,,0,0,shadow_hand_pen,42
0.0244,,0.1,1,,0,0,,20.0,1,,0,0,,10.0,1,,0,0,,0,0,,0,0,,20.0,1,,0,0,,5.0,1,,0,0,shadow_hand_pen,42
0.0405,,0.01,1,,0,0,,20.0,1,,0,0,,5.0,1,,0,0,,0,0,,0,0,,20.0,1,,0,0,,5.0,1,,0,0,shadow_hand_pen,42
0.0215,,0.05,1,,0,0,,20.0,1,,0,0,,5.0,1,,0,0,,0,0,,0,0,,20.0,1,,0,0,,5.0,1,,0,0,shadow_hand_pen,42
0.0225,,0.1,1,,0,0,,20.0,1,,0,0,,5.0,1,,0,0,,0,0,,0,0,,20.0,1,,0,0,,5.0,1,,0,0,shadow_hand_pen,42
0.2031,,0.01,1,,0,0,,20.0,1,,0,0,,20.0,1,,0,0,,0,0,,0,0,,20.0,1,,0,0,,5.0,1,,0,0,shadow_hand_pen,42
0.7065,,0.05,1,,0,0,,20.0,1,,0,0,,20.0,1,,0,0,,0,0,,0,0,,20.0,1,,0,0,,5.0,1,,0,0,shadow_hand_pen,42
0.0537,,0.1,1,,0,0,,20.0,1,,0,0,,20.0,1,,0,0,,0,0,,0,0,,20.0,1,,0,0,,5.0,1,,0,0,shadow_hand_pen,42
0.9956,,0.001,1,,0,0,,5.0,1,,0,0,,5.0,1,,1.0,1,,0,0,,0,0,,2.0,1,,0,0,,10.0,1,,0,0,shadow_hand_pen,42
0.0093,,0.001,1,,0,0,,5.0,1,,0,0,,5.0,1,,0.5,1,,0,0,,0,0,,2.0,1,,0,0,,10.0,1,,0,0,shadow_hand_pen,42
1.0,,0.01,1,,0,0,,5.0,1,,0,0,,5.0,1,,0.5,1,,0,0,,0,0,,2.0,1,,0,0,,10.0,1,,0,0,shadow_hand_pen,42
0.9995,,0.1,1,,0,0,,5.0,1,,0,0,,5.0,1,,1.0,1,,0,0,,0,0,,2.0,1,,0,0,,10.0,1,,0,0,shadow_hand_pen,42
0.0186,,0.1,1,,0,0,,5.0,1,,0,0,,5.0,1,,0.5,1,,0,0,,0,0,,2.0,1,,0,0,,10.0,1,,0,0,shadow_hand_pen,42
0.9946,,0.1,1,,0,0,,5.0,1,,0,0,,5.0,1,,5.0,1,,0,0,,0,0,,2.0,1,,0,0,,10.0,1,,0,0,shadow_hand_pen,42
0.0093,,0.001,1,,0,0,,5.0,1,,0,0,,1.0,1,,1.0,1,,0,0,,0,0,,2.0,1,,0,0,,5.0,1,,0,0,shadow_hand_pen,42
0.0068,,0.001,1,,0,0,,5.0,1,,0,0,,1.0,1,,0.5,1,,0,0,,0,0,,2.0,1,,0,0,,5.0,1,,0,0,shadow_hand_pen,42
0.0088,,0.01,1,,0,0,,5.0,1,,0,0,,1.0,1,,1.0,1,,0,0,,0,0,,2.0,1,,0,0,,5.0,1,,0,0,shadow_hand_pen,42
0.3867,,0.01,1,,0,0,,5.0,1,,0,0,,1.0,1,,5.0,1,,0,0,,0,0,,2.0,1,,0,0,,5.0,1,,0,0,shadow_hand_pen,42
0.0332,,0.1,1,,0,0,,5.0,1,,0,0,,1.0,1,,1.0,1,,0,0,,0,0,,2.0,1,,0,0,,5.0,1,,0,0,shadow_hand_pen,42
0.9854,,0.001,1,,0,0,,1.0,1,,0,0,,10.0,1,,1.0,1,,0,0,,0,0,,1.0,1,,0,0,,20.0,1,,0,0,shadow_hand_pen,42
0.999,,0.001,1,,0,0,,1.0,1,,0,0,,10.0,1,,0.5,1,,0,0,,0,0,,1.0,1,,0,0,,20.0,1,,0,0,shadow_hand_pen,42
0.9976,,0.001,1,,0,0,,1.0,1,,0,0,,10.0,1,,5.0,1,,0,0,,0,0,,1.0,1,,0,0,,20.0,1,,0,0,shadow_hand_pen,42
0.021,,0.01,1,,0,0,,1.0,1,,0,0,,10.0,1,,1.0,1,,0,0,,0,0,,1.0,1,,0,0,,20.0,1,,0,0,shadow_hand_pen,42
0.0225,,0.01,1,,0,0,,1.0,1,,0,0,,10.0,1,,0.5,1,,0,0,,0,0,,1.0,1,,0,0,,20.0,1,,0,0,shadow_hand_pen,42
0.9937,,0.01,1,,0,0,,1.0,1,,0,0,,10.0,1,,5.0,1,,0,0,,0,0,,1.0,1,,0,0,,20.0,1,,0,0,shadow_hand_pen,42
0.9556,,0.1,1,,0,0,,1.0,1,,0,0,,10.0,1,,1.0,1,,0,0,,0,0,,1.0,1,,0,0,,20.0,1,,0,0,shadow_hand_pen,42
1.0,,0.1,1,,0,0,,1.0,1,,0,0,,10.0,1,,0.5,1,,0,0,,0,0,,1.0,1,,0,0,,20.0,1,,0,0,shadow_hand_pen,42
0.9976,,0.1,1,,0,0,,1.0,1,,0,0,,10.0,1,,5.0,1,,0,0,,0,0,,1.0,1,,0,0,,20.0,1,,0,0,shadow_hand_pen,42
0.9956,,0.001,1,,0,0,,10.0,1,,0,0,,5.0,1,,1.0,1,,0,0,,0,0,,5.0,1,,0,0,,10.0,1,,0,0,shadow_hand_pen,42
0.8027,,0.001,1,,0,0,,10.0,1,,0,0,,5.0,1,,0.5,1,,0,0,,0,0,,5.0,1,,0,0,,10.0,1,,0,0,shadow_hand_pen,42
0.1001,,0.1,1,,0,0,,10.0,1,,0,0,,5.0,1,,1.0,1,,0,0,,0,0,,5.0,1,,0,0,,10.0,1,,0,0,shadow_hand_pen,42
0.9976,,0.1,1,,0,0,,10.0,1,,0,0,,5.0,1,,0.5,1,,0,0,,0,0,,5.0,1,,0,0,,10.0,1,,0,0,shadow_hand_pen,42
0.9541,,0.1,1,,0,0,,10.0,1,,0,0,,5.0,1,,5.0,1,,0,0,,0,0,,5.0,1,,0,0,,10.0,1,,0,0,shadow_hand_pen,42
0.0068,,0.01,1,,0,0,,10.0,1,,0,0,,10.0,1,,20.0,1,,1.0,1,,0,0,,5.0,1,,0,0,,2.0,1,,10.0,1,shadow_hand_pen,42
0.0088,,0.05,1,,0,0,,10.0,1,,0,0,,10.0,1,,20.0,1,,1.0,1,,0,0,,5.0,1,,0,0,,2.0,1,,5.0,1,shadow_hand_pen,42
0.0078,,0.1,1,,0,0,,10.0,1,,0,0,,10.0,1,,20.0,1,,1.0,1,,0,0,,5.0,1,,0,0,,2.0,1,,20.0,1,shadow_hand_pen,42
0.002,,0.01,1,,0,0,,10.0,1,,0,0,,5.0,1,,20.0,1,,1.0,1,,0,0,,5.0,1,,0,0,,1.0,1,,10.0,1,shadow_hand_pen,42
0.019,,0.1,1,,0,0,,10.0,1,,0,0,,5.0,1,,20.0,1,,1.0,1,,0,0,,5.0,1,,0,0,,1.0,1,,20.0,1,shadow_hand_pen,42
0.8062,,0.01,1,,0,0,,10.0,1,,0,0,,20.0,1,,20.0,1,,1.0,1,,0,0,,5.0,1,,0,0,,5.0,1,,10.0,1,shadow_hand_pen,42
0.6196,,0.05,1,,0,0,,10.0,1,,0,0,,20.0,1,,20.0,1,,1.0,1,,0,0,,5.0,1,,0,0,,5.0,1,,5.0,1,shadow_hand_pen,42
0.7295,,0.1,1,,0,0,,10.0,1,,0,0,,20.0,1,,20.0,1,,1.0,1,,0,0,,5.0,1,,0,0,,5.0,1,,20.0,1,shadow_hand_pen,42
0.9937,,0.01,1,,0,0,,10.0,1,,0,0,,10.0,1,,10.0,1,,0.5,1,,0,0,,5.0,1,,0,0,,2.0,1,,10.0,1,shadow_hand_pen,42
0.0029,,0.05,1,,0,0,,10.0,1,,0,0,,10.0,1,,10.0,1,,0.5,1,,0,0,,5.0,1,,0,0,,2.0,1,,5.0,1,shadow_hand_pen,42
0.0068,,0.1,1,,0,0,,10.0,1,,0,0,,10.0,1,,10.0,1,,0.5,1,,0,0,,5.0,1,,0,0,,2.0,1,,20.0,1,shadow_hand_pen,42
0.0054,,0.01,1,,0,0,,10.0,1,,0,0,,5.0,1,,10.0,1,,0.5,1,,0,0,,5.0,1,,0,0,,1.0,1,,10.0,1,shadow_hand_pen,42
0.0112,,0.05,1,,0,0,,10.0,1,,0,0,,5.0,1,,10.0,1,,0.5,1,,0,0,,5.0,1,,0,0,,1.0,1,,5.0,1,shadow_hand_pen,42
0.0029,,0.1,1,,0,0,,10.0,1,,0,0,,5.0,1,,10.0,1,,0.5,1,,0,0,,5.0,1,,0,0,,1.0,1,,20.0,1,shadow_hand_pen,42
0.0093,,0.05,1,,0,0,,10.0,1,,0,0,,20.0,1,,10.0,1,,0.5,1,,0,0,,5.0,1,,0,0,,5.0,1,,5.0,1,shadow_hand_pen,42
0.0083,,0.1,1,,0,0,,10.0,1,,0,0,,20.0,1,,10.0,1,,0.5,1,,0,0,,5.0,1,,0,0,,5.0,1,,20.0,1,shadow_hand_pen,42
0.8789,,0.05,1,,0,0,,5.0,1,,0,0,,10.0,1,,40.0,1,,5.0,1,,0,0,,1.0,1,,0,0,,2.0,1,,5.0,1,shadow_hand_pen,42
0.7368,,0.1,1,,0,0,,5.0,1,,0,0,,10.0,1,,40.0,1,,5.0,1,,0,0,,1.0,1,,0,0,,2.0,1,,20.0,1,shadow_hand_pen,42
0.0547,,0.01,1,,0,0,,5.0,1,,0,0,,5.0,1,,40.0,1,,5.0,1,,0,0,,1.0,1,,0,0,,1.0,1,,10.0,1,shadow_hand_pen,42
0.0054,,0.05,1,,0,0,,5.0,1,,0,0,,5.0,1,,40.0,1,,5.0,1,,0,0,,1.0,1,,0,0,,1.0,1,,5.0,1,shadow_hand_pen,42
0.0015,,0.1,1,,0,0,,5.0,1,,0,0,,5.0,1,,40.0,1,,5.0,1,,0,0,,1.0,1,,0,0,,1.0,1,,20.0,1,shadow_hand_pen,42
0.0039,,0.01,1,,0,0,,20.0,1,,0,0,,10.0,1,,20.0,1,,1.0,1,,0,0,,10.0,1,,0,0,,2.0,1,,10.0,1,shadow_hand_pen,42
0.0674,,0.05,1,,0,0,,20.0,1,,0,0,,10.0,1,,20.0,1,,1.0,1,,0,0,,10.0,1,,0,0,,2.0,1,,5.0,1,shadow_hand_pen,42
0.0259,,0.1,1,,0,0,,20.0,1,,0,0,,10.0,1,,20.0,1,,1.0,1,,0,0,,10.0,1,,0,0,,2.0,1,,20.0,1,shadow_hand_pen,42
0.0073,,0.01,1,,0,0,,20.0,1,,0,0,,5.0,1,,20.0,1,,1.0,1,,0,0,,10.0,1,,0,0,,1.0,1,,10.0,1,shadow_hand_pen,42
0.0137,,0.05,1,,0,0,,20.0,1,,0,0,,5.0,1,,20.0,1,,1.0,1,,0,0,,10.0,1,,0,0,,1.0,1,,5.0,1,shadow_hand_pen,42
0.0044,,0.1,1,,0,0,,20.0,1,,0,0,,5.0,1,,20.0,1,,1.0,1,,0,0,,10.0,1,,0,0,,1.0,1,,20.0,1,shadow_hand_pen,42
0.0151,,0.01,1,,0,0,,20.0,1,,0,0,,20.0,1,,20.0,1,,1.0,1,,0,0,,10.0,1,,0,0,,5.0,1,,10.0,1,shadow_hand_pen,42
0.145,,0.05,1,,0,0,,20.0,1,,0,0,,20.0,1,,20.0,1,,1.0,1,,0,0,,10.0,1,,0,0,,5.0,1,,5.0,1,shadow_hand_pen,42
0.6206,,0.1,1,,0,0,,20.0,1,,0,0,,20.0,1,,20.0,1,,1.0,1,,0,0,,10.0,1,,0,0,,5.0,1,,20.0,1,shadow_hand_pen,42
0.8931,,0.1,1,,0,0,,5.0,1,,0,0,,3.0,1,,1.0,1,,0,0,,0,0,,2.0,1,,0,0,,10.0,1,,5.0,1,shadow_hand_pen,42
0.731,,0.1,1,,0,0,,5.0,1,,0,0,,3.0,1,,1.0,1,,0,0,,0,0,,2.0,1,,0,0,,10.0,1,,20.0,1,shadow_hand_pen,42
0.8521,,0.5,1,,0,0,,5.0,1,,0,0,,1.0,1,,1.0,1,,0,0,,0,0,,2.0,1,,0,0,,10.0,1,,5.0,1,shadow_hand_pen,42
0.8315,,0.5,1,,0,0,,5.0,1,,0,0,,1.0,1,,1.0,1,,0,0,,0,0,,2.0,1,,0,0,,10.0,1,,20.0,1,shadow_hand_pen,42
0.8481,,1.0,1,,0,0,,5.0,1,,0,0,,10.0,1,,1.0,1,,0,0,,0,0,,2.0,1,,0,0,,10.0,1,,10.0,1,shadow_hand_pen,42
0.8218,,1.0,1,,0,0,,5.0,1,,0,0,,10.0,1,,1.0,1,,0,0,,0,0,,2.0,1,,0,0,,10.0,1,,5.0,1,shadow_hand_pen,42
0.1226,,1.0,1,,0,0,,5.0,1,,0,0,,10.0,1,,1.0,1,,0,0,,0,0,,2.0,1,,0,0,,10.0,1,,20.0,1,shadow_hand_pen,42
0.9771,,0.1,1,,0,0,,5.0,1,,0,0,,3.0,1,,0.5,1,,0,0,,0,0,,2.0,1,,0,0,,5.0,1,,10.0,1,shadow_hand_pen,42
0.667,,0.1,1,,0,0,,5.0,1,,0,0,,3.0,1,,0.5,1,,0,0,,0,0,,2.0,1,,0,0,,5.0,1,,5.0,1,shadow_hand_pen,42
0.874,,0.1,1,,0,0,,5.0,1,,0,0,,3.0,1,,0.5,1,,0,0,,0,0,,2.0,1,,0,0,,5.0,1,,20.0,1,shadow_hand_pen,42
0.9453,,0.5,1,,0,0,,5.0,1,,0,0,,1.0,1,,0.5,1,,0,0,,0,0,,2.0,1,,0,0,,5.0,1,,10.0,1,shadow_hand_pen,42
0.9819,,0.5,1,,0,0,,5.0,1,,0,0,,1.0,1,,0.5,1,,0,0,,0,0,,2.0,1,,0,0,,5.0,1,,5.0,1,shadow_hand_pen,42
0.8794,,0.5,1,,0,0,,5.0,1,,0,0,,1.0,1,,0.5,1,,0,0,,0,0,,2.0,1,,0,0,,5.0,1,,20.0,1,shadow_hand_pen,42
0.9053,,1.0,1,,0,0,,5.0,1,,0,0,,10.0,1,,0.5,1,,0,0,,0,0,,2.0,1,,0,0,,5.0,1,,10.0,1,shadow_hand_pen,42
0.9279,,1.0,1,,0,0,,5.0,1,,0,0,,10.0,1,,0.5,1,,0,0,,0,0,,2.0,1,,0,0,,5.0,1,,5.0,1,shadow_hand_pen,42
0.8545,,1.0,1,,0,0,,5.0,1,,0,0,,10.0,1,,0.5,1,,0,0,,0,0,,2.0,1,,0,0,,5.0,1,,20.0,1,shadow_hand_pen,42
0.0327,,0.1,1,,0,0,,1.0,1,,0,0,,3.0,1,,5.0,1,,0,0,,0,0,,1.0,1,,0,0,,20.0,1,,10.0,1,shadow_hand_pen,42
0.062,,0.1,1,,0,0,,1.0,1,,0,0,,3.0,1,,5.0,1,,0,0,,0,0,,1.0,1,,0,0,,20.0,1,,5.0,1,shadow_hand_pen,42
0.1357,,0.1,1,,0,0,,1.0,1,,0,0,,3.0,1,,5.0,1,,0,0,,0,0,,1.0,1,,0,0,,20.0,1,,20.0,1,shadow_hand_pen,42
0.043,,0.5,1,,0,0,,1.0,1,,0,0,,1.0,1,,5.0,1,,0,0,,0,0,,1.0,1,,0,0,,20.0,1,,10.0,1,shadow_hand_pen,42
0.0327,,0.5,1,,0,0,,1.0,1,,0,0,,1.0,1,,5.0,1,,0,0,,0,0,,1.0,1,,0,0,,20.0,1,,5.0,1,shadow_hand_pen,42
0.0996,,0.5,1,,0,0,,1.0,1,,0,0,,1.0,1,,5.0,1,,0,0,,0,0,,1.0,1,,0,0,,20.0,1,,20.0,1,shadow_hand_pen,42
0.9165,,1.0,1,,0,0,,1.0,1,,0,0,,10.0,1,,5.0,1,,0,0,,0,0,,1.0,1,,0,0,,20.0,1,,10.0,1,shadow_hand_pen,42
0.9121,,1.0,1,,0,0,,1.0,1,,0,0,,10.0,1,,5.0,1,,0,0,,0,0,,1.0,1,,0,0,,20.0,1,,5.0,1,shadow_hand_pen,42
0.064,,1.0,1,,0,0,,1.0,1,,0,0,,10.0,1,,5.0,1,,0,0,,0,0,,1.0,1,,0,0,,20.0,1,,20.0,1,shadow_hand_pen,42
0.7354,,0.1,1,,0,0,,10.0,1,,0,0,,3.0,1,,1.0,1,,0,0,,0,0,,5.0,1,,0,0,,10.0,1,,5.0,1,shadow_hand_pen,42
0.9395,,0.1,1,,0,0,,10.0,1,,0,0,,3.0,1,,1.0,1,,0,0,,0,0,,5.0,1,,0,0,,10.0,1,,20.0,1,shadow_hand_pen,42
0.9082,,0.5,1,,0,0,,10.0,1,,0,0,,1.0,1,,1.0,1,,0,0,,0,0,,5.0,1,,0,0,,10.0,1,,10.0,1,shadow_hand_pen,42
0.9126,,0.5,1,,0,0,,10.0,1,,0,0,,1.0,1,,1.0,1,,0,0,,0,0,,5.0,1,,0,0,,10.0,1,,5.0,1,shadow_hand_pen,42
0.5449,,0.5,1,,0,0,,10.0,1,,0,0,,1.0,1,,1.0,1,,0,0,,0,0,,5.0,1,,0,0,,10.0,1,,20.0,1,shadow_hand_pen,42
0.9727,,1.0,1,,0,0,,10.0,1,,0,0,,10.0,1,,1.0,1,,0,0,,0,0,,5.0,1,,0,0,,10.0,1,,5.0,1,shadow_hand_pen,42
0.9482,,1.0,1,,0,0,,10.0,1,,0,0,,10.0,1,,1.0,1,,0,0,,0,0,,5.0,1,,0,0,,10.0,1,,20.0,1,shadow_hand_pen,42
0.1143,,0.01,1,,0,0,,20.0,1,,10.0,1,,10.0,1,,0,0,,0,0,,50.0,1,,0,0,,10.0,1,,1.0,1,,10.0,1,shadow_hand_pen,42
0.6436,,0.1,1,,0,0,,20.0,1,,10.0,1,,10.0,1,,0,0,,0,0,,50.0,1,,0,0,,10.0,1,,1.0,1,,20.0,1,shadow_hand_pen,42
0.9243,,0.01,1,,0,0,,20.0,1,,10.0,1,,40.0,1,,0,0,,0,0,,50.0,1,,0,0,,10.0,1,,10.0,1,,10.0,1,shadow_hand_pen,42
0.021,,0.05,1,,0,0,,20.0,1,,10.0,1,,40.0,1,,0,0,,0,0,,50.0,1,,0,0,,10.0,1,,10.0,1,,5.0,1,shadow_hand_pen,42
0.0923,,0.1,1,,0,0,,20.0,1,,10.0,1,,40.0,1,,0,0,,0,0,,50.0,1,,0,0,,10.0,1,,10.0,1,,20.0,1,shadow_hand_pen,42
0.7466,,0.01,1,,0,0,,20.0,1,,5.0,1,,20.0,1,,0,0,,0,0,,50.0,1,,0,0,,5.0,1,,2.0,1,,10.0,1,shadow_hand_pen,42
0.0737,,0.01,1,,0,0,,20.0,1,,5.0,1,,10.0,1,,0,0,,0,0,,50.0,1,,0,0,,5.0,1,,1.0,1,,10.0,1,shadow_hand_pen,42
0.8013,,0.01,1,,0,0,,20.0,1,,5.0,1,,40.0,1,,0,0,,0,0,,50.0,1,,0,0,,5.0,1,,5.0,1,,10.0,1,shadow_hand_pen,42
0.0039,,0.05,1,,0,0,,20.0,1,,5.0,1,,40.0,1,,0,0,,0,0,,50.0,1,,0,0,,5.0,1,,5.0,1,,5.0,1,shadow_hand_pen,42
0.0039,,0.1,1,,0,0,,20.0,1,,5.0,1,,40.0,1,,0,0,,0,0,,50.0,1,,0,0,,5.0,1,,5.0,1,,20.0,1,shadow_hand_pen,42
0.999,,0.01,1,,0,0,,10.0,1,,20.0,1,,20.0,1,,0,0,,0,0,,25.0,1,,0,0,,20.0,1,,2.0,1,,10.0,1,shadow_hand_pen,42
0.9932,,0.1,1,,0,0,,10.0,1,,20.0,1,,20.0,1,,0,0,,0,0,,25.0,1,,0,0,,20.0,1,,2.0,1,,20.0,1,shadow_hand_pen,42
0.998,,0.05,1,,0,0,,10.0,1,,20.0,1,,10.0,1,,0,0,,0,0,,25.0,1,,0,0,,20.0,1,,1.0,1,,5.0,1,shadow_hand_pen,42
0.0352,,0.1,1,,0,0,,10.0,1,,20.0,1,,10.0,1,,0,0,,0,0,,25.0,1,,0,0,,20.0,1,,1.0,1,,20.0,1,shadow_hand_pen,42
0.8613,,0.01,1,,0,0,,10.0,1,,20.0,1,,40.0,1,,0,0,,0,0,,25.0,1,,0,0,,20.0,1,,5.0,1,,10.0,1,shadow_hand_pen,42
0.9297,,0.05,1,,0,0,,10.0,1,,20.0,1,,40.0,1,,0,0,,0,0,,25.0,1,,0,0,,20.0,1,,5.0,1,,5.0,1,shadow_hand_pen,42
0.0425,,0.05,1,,0,0,,40.0,1,,10.0,1,,20.0,1,,0,0,,0,0,,100.0,1,,0,0,,10.0,1,,2.0,1,,5.0,1,shadow_hand_pen,42
0.1489,,0.1,1,,0,0,,40.0,1,,10.0,1,,20.0,1,,0,0,,0,0,,100.0,1,,0,0,,10.0,1,,2.0,1,,20.0,1,shadow_hand_pen,42
0.0918,,0.01,1,,0,0,,40.0,1,,10.0,1,,10.0,1,,0,0,,0,0,,100.0,1,,0,0,,10.0,1,,1.0,1,,10.0,1,shadow_hand_pen,42
0.8223,,0.05,1,,0,0,,40.0,1,,10.0,1,,10.0,1,,0,0,,0,0,,100.0,1,,0,0,,10.0,1,,1.0,1,,5.0,1,shadow_hand_pen,42
0.9575,,0.1,1,,0,0,,40.0,1,,10.0,1,,10.0,1,,0,0,,0,0,,100.0,1,,0,0,,10.0,1,,1.0,1,,20.0,1,shadow_hand_pen,42
0.1743,,0.01,1,,0,0,,40.0,1,,10.0,1,,40.0,1,,0,0,,0,0,,100.0,1,,0,0,,10.0,1,,5.0,1,,10.0,1,shadow_hand_pen,42
0.0015,,0.05,1,,0,0,,40.0,1,,10.0,1,,40.0,1,,0,0,,0,0,,100.0,1,,0,0,,10.0,1,,5.0,1,,5.0,1,shadow_hand_pen,42
0.0679,,0.1,1,,0,0,,40.0,1,,10.0,1,,40.0,1,,0,0,,0,0,,100.0,1,,0,0,,10.0,1,,5.0,1,,20.0,1,shadow_hand_pen,42
0.0488,,0.1,1,,1.0,1,,5.0,1,,0,0,,5.0,1,,0,0,,0,0,,0,0,,2.0,1,,0,0,,10.0,1,,0,0,shadow_hand_pen,42
0.1533,,0.1,1,,0.5,1,,5.0,1,,0,0,,5.0,1,,0,0,,0,0,,0,0,,2.0,1,,0,0,,10.0,1,,0,0,shadow_hand_pen,42
0.0137,,0.1,1,,5.0,1,,5.0,1,,0,0,,5.0,1,,0,0,,0,0,,0,0,,2.0,1,,0,0,,10.0,1,,0,0,shadow_hand_pen,42
0.1523,,0.5,1,,1.0,1,,5.0,1,,0,0,,5.0,1,,0,0,,0,0,,0,0,,2.0,1,,0,0,,10.0,1,,0,0,shadow_hand_pen,42
0.0151,,0.5,1,,5.0,1,,5.0,1,,0,0,,5.0,1,,0,0,,0,0,,0,0,,2.0,1,,0,0,,10.0,1,,0,0,shadow_hand_pen,42
0.415,,1.0,1,,1.0,1,,5.0,1,,0,0,,5.0,1,,0,0,,0,0,,0,0,,2.0,1,,0,0,,10.0,1,,0,0,shadow_hand_pen,42
0.0205,,1.0,1,,0.5,1,,5.0,1,,0,0,,5.0,1,,0,0,,0,0,,0,0,,2.0,1,,0,0,,10.0,1,,0,0,shadow_hand_pen,42
0.4604,,1.0,1,,5.0,1,,5.0,1,,0,0,,5.0,1,,0,0,,0,0,,0,0,,2.0,1,,0,0,,10.0,1,,0,0,shadow_hand_pen,42
0.0015,,0.1,1,,1.0,1,,5.0,1,,0,0,,1.0,1,,0,0,,0,0,,0,0,,2.0,1,,0,0,,5.0,1,,0,0,shadow_hand_pen,42
0.0059,,0.1,1,,0.5,1,,5.0,1,,0,0,,1.0,1,,0,0,,0,0,,0,0,,2.0,1,,0,0,,5.0,1,,0,0,shadow_hand_pen,42
0.0029,,0.1,1,,5.0,1,,5.0,1,,0,0,,1.0,1,,0,0,,0,0,,0,0,,2.0,1,,0,0,,5.0,1,,0,0,shadow_hand_pen,42
0.0039,,0.5,1,,1.0,1,,5.0,1,,0,0,,1.0,1,,0,0,,0,0,,0,0,,2.0,1,,0,0,,5.0,1,,0,0,shadow_hand_pen,42
0.0068,,0.5,1,,0.5,1,,5.0,1,,0,0,,1.0,1,,0,0,,0,0,,0,0,,2.0,1,,0,0,,5.0,1,,0,0,shadow_hand_pen,42
0.0181,,0.5,1,,5.0,1,,5.0,1,,0,0,,1.0,1,,0,0,,0,0,,0,0,,2.0,1,,0,0,,5.0,1,,0,0,shadow_hand_pen,42
0.0068,,1.0,1,,1.0,1,,5.0,1,,0,0,,1.0,1,,0,0,,0,0,,0,0,,2.0,1,,0,0,,5.0,1,,0,0,shadow_hand_pen,42
0.0024,,1.0,1,,0.5,1,,5.0,1,,0,0,,1.0,1,,0,0,,0,0,,0,0,,2.0,1,,0,0,,5.0,1,,0,0,shadow_hand_pen,42
0.0078,,1.0,1,,5.0,1,,5.0,1,,0,0,,1.0,1,,0,0,,0,0,,0,0,,2.0,1,,0,0,,5.0,1,,0,0,shadow_hand_pen,42
0.0259,,0.1,1,,1.0,1,,1.0,1,,0,0,,10.0,1,,0,0,,0,0,,0,0,,1.0,1,,0,0,,20.0,1,,0,0,shadow_hand_pen,42
0.0205,,0.1,1,,0.5,1,,1.0,1,,0,0,,10.0,1,,0,0,,0,0,,0,0,,1.0,1,,0,0,,20.0,1,,0,0,shadow_hand_pen,42
0.0586,,0.1,1,,5.0,1,,1.0,1,,0,0,,10.0,1,,0,0,,0,0,,0,0,,1.0,1,,0,0,,20.0,1,,0,0,shadow_hand_pen,42
0.0322,,0.5,1,,1.0,1,,1.0,1,,0,0,,10.0,1,,0,0,,0,0,,0,0,,1.0,1,,0,0,,20.0,1,,0,0,shadow_hand_pen,42
0.0332,,0.5,1,,0.5,1,,1.0,1,,0,0,,10.0,1,,0,0,,0,0,,0,0,,1.0,1,,0,0,,20.0,1,,0,0,shadow_hand_pen,42
0.0781,,0.5,1,,5.0,1,,1.0,1,,0,0,,10.0,1,,0,0,,0,0,,0,0,,1.0,1,,0,0,,20.0,1,,0,0,shadow_hand_pen,42
0.0225,,1.0,1,,1.0,1,,1.0,1,,0,0,,10.0,1,,0,0,,0,0,,0,0,,1.0,1,,0,0,,20.0,1,,0,0,shadow_hand_pen,42
0.0273,,1.0,1,,0.5,1,,1.0,1,,0,0,,10.0,1,,0,0,,0,0,,0,0,,1.0,1,,0,0,,20.0,1,,0,0,shadow_hand_pen,42
0.0361,,1.0,1,,5.0,1,,1.0,1,,0,0,,10.0,1,,0,0,,0,0,,0,0,,1.0,1,,0,0,,20.0,1,,0,0,shadow_hand_pen,42
0.5073,,0.1,1,,1.0,1,,10.0,1,,0,0,,5.0,1,,0,0,,0,0,,0,0,,5.0,1,,0,0,,10.0,1,,0,0,shadow_hand_pen,42
0.4829,,0.1,1,,5.0,1,,10.0,1,,0,0,,5.0,1,,0,0,,0,0,,0,0,,5.0,1,,0,0,,10.0,1,,0,0,shadow_hand_pen,42
0.0142,,0.5,1,,1.0,1,,10.0,1,,0,0,,5.0,1,,0,0,,0,0,,0,0,,5.0,1,,0,0,,10.0,1,,0,0,shadow_hand_pen,42
0.5713,,0.5,1,,0.5,1,,10.0,1,,0,0,,5.0,1,,0,0,,0,0,,0,0,,5.0,1,,0,0,,10.0,1,,0,0,shadow_hand_pen,42
0.8491,,0.5,1,,5.0,1,,10.0,1,,0,0,,5.0,1,,0,0,,0,0,,0,0,,5.0,1,,0,0,,10.0,1,,0,0,shadow_hand_pen,42
0.3521,,1.0,1,,1.0,1,,10.0,1,,0,0,,5.0,1,,0,0,,0,0,,0,0,,5.0,1,,0,0,,10.0,1,,0,0,shadow_hand_pen,42
0.4473,,1.0,1,,5.0,1,,10.0,1,,0,0,,5.0,1,,0,0,,0,0,,0,0,,5.0,1,,0,0,,10.0,1,,0,0,shadow_hand_pen,42
