score,r_bucket_handle_reward,w_bucket_handle_reward,active_bucket_handle_reward,r_bucket_holding_reward,w_bucket_holding_reward,active_bucket_holding_reward,r_kettle_handle_reward,w_kettle_handle_reward,active_kettle_handle_reward,r_kettle_holding_reward,w_kettle_holding_reward,active_kettle_holding_reward,r_kettle_spout_goal_reward,w_kettle_spout_goal_reward,active_kettle_spout_goal_reward,r_kettle_tilt_reward,w_kettle_tilt_reward,active_kettle_tilt_reward,r_object_goal_reward,w_object_goal_reward,active_object_goal_reward,r_object_velocity_reward,w_object_velocity_reward,active_object_velocity_reward,r_pour_alignment_reward,w_pour_alignment_reward,active_pour_alignment_reward,r_pour_reward,w_pour_reward,active_pour_reward,r_spill_penalty,w_spill_penalty,active_spill_penalty,r_spilling_penalty,w_spilling_penalty,active_spilling_penalty,r_spout_bucket_reward,w_spout_bucket_reward,active_spout_bucket_reward,r_velocity_reward,w_velocity_reward,active_velocity_reward,r_water_pouring_reward,w_water_pouring_reward,active_water_pouring_reward,r_water_transfer_reward,w_water_transfer_reward,active_water_transfer_reward,env_id,seed
0.9178,,1.0,1,,0,0,,1.0,1,,0,0,,0,0,,0,0,,0.1,1,,0,0,,0,0,,0,0,,0,0,,0,0,,1.0,1,,0,0,,0,0,,0,0,shadow_hand_kettle,42
0.981,,1.0,1,,0,0,,1.0,1,,0,0,,0,0,,0,0,,0.05,1,,0,0,,0,0,,0,0,,0,0,,0,0,,1.0,1,,0,0,,0,0,,0,0,shadow_hand_kettle,42
0.9801,,1.0,1,,0,0,,1.0,1,,0,0,,0,0,,0,0,,0.5,1,,0,0,,0,0,,0,0,,0,0,,0,0,,1.0,1,,0,0,,0,0,,0,0,shadow_hand_kettle,42
0.9506,,1.0,1,,0,0,,1.0,1,,0,0,,0,0,,0,0,,0.05,1,,0,0,,0,0,,0,0,,0,0,,0,0,,0.5,1,,0,0,,0,0,,0,0,shadow_hand_kettle,42
0.9648,,1.0,1,,0,0,,1.0,1,,0,0,,0,0,,0,0,,0.5,1,,0,0,,0,0,,0,0,,0,0,,0,0,,0.5,1,,0,0,,0,0,,0,0,shadow_hand_kettle,42
0.464,,1.0,1,,0,0,,1.0,1,,0,0,,0,0,,0,0,,0.1,1,,0,0,,0,0,,0,0,,0,0,,0,0,,5.0,1,,0,0,,0,0,,0,0,shadow_hand_kettle,42
0.2491,,1.0,1,,0,0,,1.0,1,,0,0,,0,0,,0,0,,0.05,1,,0,0,,0,0,,0,0,,0,0,,0,0,,5.0,1,,0,0,,0,0,,0,0,shadow_hand_kettle,42
0.0311,,1.0,1,,0,0,,1.0,1,,0,0,,0,0,,0,0,,0.5,1,,0,0,,0,0,,0,0,,0,0,,0,0,,5.0,1,,0,0,,0,0,,0,0,shadow_hand_kettle,42
0.9709,,0.5,1,,0,0,,1.0,1,,0,0,,0,0,,0,0,,0.05,1,,0,0,,0,0,,0,0,,0,0,,0,0,,1.0,1,,0,0,,0,0,,0,0,shadow_hand_kettle,42
0.9727,,0.5,1,,0,0,,1.0,1,,0,0,,0,0,,0,0,,0.1,1,,0,0,,0,0,,0,0,,0,0,,0,0,,0.5,1,,0,0,,0,0,,0,0,shadow_hand_kettle,42
0.992,,0.5,1,,0,0,,1.0,1,,0,0,,0,0,,0,0,,0.05,1,,0,0,,0,0,,0,0,,0,0,,0,0,,0.5,1,,0,0,,0,0,,0,0,shadow_hand_kettle,42
0.9791,,0.5,1,,0,0,,1.0,1,,0,0,,0,0,,0,0,,0.5,1,,0,0,,0,0,,0,0,,0,0,,0,0,,0.5,1,,0,0,,0,0,,0,0,shadow_hand_kettle,42
0.1323,,0.5,1,,0,0,,1.0,1,,0,0,,0,0,,0,0,,0.1,1,,0,0,,0,0,,0,0,,0,0,,0,0,,5.0,1,,0,0,,0,0,,0,0,shadow_hand_kettle,42
0.0013,,0.5,1,,0,0,,1.0,1,,0,0,,0,0,,0,0,,0.05,1,,0,0,,0,0,,0,0,,0,0,,0,0,,5.0,1,,0,0,,0,0,,0,0,shadow_hand_kettle,42
0.3643,,0.5,1,,0,0,,1.0,1,,0,0,,0,0,,0,0,,0.5,1,,0,0,,0,0,,0,0,,0,0,,0,0,,5.0,1,,0,0,,0,0,,0,0,shadow_hand_kettle,42
0.938,,1.0,1,,0,0,,0.5,1,,0,0,,0,0,,0,0,,0.1,1,,0,0,,0,0,,0,0,,0,0,,0,0,,1.0,1,,0,0,,0,0,,0,0,shadow_hand_kettle,42
0.9224,,1.0,1,,0,0,,0.5,1,,0,0,,0,0,,0,0,,0.5,1,,0,0,,0,0,,0,0,,0,0,,0,0,,1.0,1,,0,0,,0,0,,0,0,shadow_hand_kettle,42
0.9867,,1.0,1,,0,0,,0.5,1,,0,0,,0,0,,0,0,,0.1,1,,0,0,,0,0,,0,0,,0,0,,0,0,,0.5,1,,0,0,,0,0,,0,0,shadow_hand_kettle,42
0.9633,,1.0,1,,0,0,,0.5,1,,0,0,,0,0,,0,0,,0.5,1,,0,0,,0,0,,0,0,,0,0,,0,0,,0.5,1,,0,0,,0,0,,0,0,shadow_hand_kettle,42
0.0084,,1.0,1,,0,0,,0.5,1,,0,0,,0,0,,0,0,,0.1,1,,0,0,,0,0,,0,0,,0,0,,0,0,,5.0,1,,0,0,,0,0,,0,0,shadow_hand_kettle,42
0.0603,,1.0,1,,0,0,,0.5,1,,0,0,,0,0,,0,0,,0.05,1,,0,0,,0,0,,0,0,,0,0,,0,0,,5.0,1,,0,0,,0,0,,0,0,shadow_hand_kettle,42
0.014,,1.0,1,,0,0,,0.5,1,,0,0,,0,0,,0,0,,0.5,1,,0,0,,0,0,,0,0,,0,0,,0,0,,5.0,1,,0,0,,0,0,,0,0,shadow_hand_kettle,42
0.9774,,5.0,1,,0,0,,2.0,1,,0,0,,0,0,,0,0,,0.1,1,,0,0,,0,0,,0,0,,0,0,,0,0,,1.0,1,,0,0,,0,0,,0,0,shadow_hand_kettle,42
0.9967,,5.0,1,,0,0,,2.0,1,,0,0,,0,0,,0,0,,0.05,1,,0,0,,0,0,,0,0,,0,0,,0,0,,1.0,1,,0,0,,0,0,,0,0,shadow_hand_kettle,42
0.985,,5.0,1,,0,0,,2.0,1,,0,0,,0,0,,0,0,,0.5,1,,0,0,,0,0,,0,0,,0,0,,0,0,,1.0,1,,0,0,,0,0,,0,0,shadow_hand_kettle,42
0.9848,,5.0,1,,0,0,,2.0,1,,0,0,,0,0,,0,0,,0.05,1,,0,0,,0,0,,0,0,,0,0,,0,0,,0.5,1,,0,0,,0,0,,0,0,shadow_hand_kettle,42
0.4281,,5.0,1,,0,0,,2.0,1,,0,0,,0,0,,0,0,,0.1,1,,0,0,,0,0,,0,0,,0,0,,0,0,,5.0,1,,0,0,,0,0,,0,0,shadow_hand_kettle,42
0.5285,,5.0,1,,0,0,,2.0,1,,0,0,,0,0,,0,0,,0.05,1,,0,0,,0,0,,0,0,,0,0,,0,0,,5.0,1,,0,0,,0,0,,0,0,shadow_hand_kettle,42
0.7857,,5.0,1,,0,0,,2.0,1,,0,0,,0,0,,0,0,,0.5,1,,0,0,,0,0,,0,0,,0,0,,0,0,,5.0,1,,0,0,,0,0,,0,0,shadow_hand_kettle,42
0.4172,,1.0,1,,0,0,,1.0,1,,0,0,,0,0,,1.0,1,,1.0,1,,0,0,,0,0,,0,0,,0,0,,0,0,,1.0,1,,0,0,,0,0,,0,0,shadow_hand_kettle,42
0.0176,,1.0,1,,0,0,,1.0,1,,0,0,,0,0,,0.5,1,,1.0,1,,0,0,,0,0,,0,0,,0,0,,0,0,,1.0,1,,0,0,,0,0,,0,0,shadow_hand_kettle,42
0.0064,,1.0,1,,0,0,,1.0,1,,0,0,,0,0,,0.5,1,,0.5,1,,0,0,,0,0,,0,0,,0,0,,0,0,,1.0,1,,0,0,,0,0,,0,0,shadow_hand_kettle,42
0.9924,,1.0,1,,0,0,,1.0,1,,0,0,,0,0,,1.0,1,,1.0,1,,0,0,,0,0,,0,0,,0,0,,0,0,,0.5,1,,0,0,,0,0,,0,0,shadow_hand_kettle,42
0.9606,,1.0,1,,0,0,,1.0,1,,0,0,,0,0,,0.5,1,,1.0,1,,0,0,,0,0,,0,0,,0,0,,0,0,,0.5,1,,0,0,,0,0,,0,0,shadow_hand_kettle,42
0.9622,,1.0,1,,0,0,,1.0,1,,0,0,,0,0,,1.0,1,,0.5,1,,0,0,,0,0,,0,0,,0,0,,0,0,,0.5,1,,0,0,,0,0,,0,0,shadow_hand_kettle,42
0.0863,,0.5,1,,0,0,,1.0,1,,0,0,,0,0,,1.0,1,,1.0,1,,0,0,,0,0,,0,0,,0,0,,0,0,,1.0,1,,0,0,,0,0,,0,0,shadow_hand_kettle,42
0.0583,,0.5,1,,0,0,,1.0,1,,0,0,,0,0,,0.5,1,,1.0,1,,0,0,,0,0,,0,0,,0,0,,0,0,,1.0,1,,0,0,,0,0,,0,0,shadow_hand_kettle,42
0.8837,,0.5,1,,0,0,,1.0,1,,0,0,,0,0,,1.0,1,,0.5,1,,0,0,,0,0,,0,0,,0,0,,0,0,,1.0,1,,0,0,,0,0,,0,0,shadow_hand_kettle,42
0.0165,,0.5,1,,0,0,,1.0,1,,0,0,,0,0,,0.5,1,,0.5,1,,0,0,,0,0,,0,0,,0,0,,0,0,,1.0,1,,0,0,,0,0,,0,0,shadow_hand_kettle,42
0.9939,,0.5,1,,0,0,,1.0,1,,0,0,,0,0,,1.0,1,,1.0,1,,0,0,,0,0,,0,0,,0,0,,0,0,,0.5,1,,0,0,,0,0,,0,0,shadow_hand_kettle,42
0.2432,,0.5,1,,0,0,,1.0,1,,0,0,,0,0,,0.5,1,,1.0,1,,0,0,,0,0,,0,0,,0,0,,0,0,,0.5,1,,0,0,,0,0,,0,0,shadow_hand_kettle,42
0.9326,,0.5,1,,0,0,,1.0,1,,0,0,,0,0,,1.0,1,,0.5,1,,0,0,,0,0,,0,0,,0,0,,0,0,,0.5,1,,0,0,,0,0,,0,0,shadow_hand_kettle,42
0.1589,,0.5,1,,0,0,,1.0,1,,0,0,,0,0,,0.5,1,,0.5,1,,0,0,,0,0,,0,0,,0,0,,0,0,,0.5,1,,0,0,,0,0,,0,0,shadow_hand_kettle,42
0.055,,1.0,1,,0,0,,0.5,1,,0,0,,0,0,,1.0,1,,1.0,1,,0,0,,0,0,,0,0,,0,0,,0,0,,1.0,1,,0,0,,0,0,,0,0,shadow_hand_kettle,42
0.0478,,1.0,1,,0,0,,0.5,1,,0,0,,0,0,,0.5,1,,1.0,1,,0,0,,0,0,,0,0,,0,0,,0,0,,1.0,1,,0,0,,0,0,,0,0,shadow_hand_kettle,42
0.017,,1.0,1,,0,0,,0.5,1,,0,0,,0,0,,1.0,1,,0.5,1,,0,0,,0,0,,0,0,,0,0,,0,0,,1.0,1,,0,0,,0,0,,0,0,shadow_hand_kettle,42
0.0037,,1.0,1,,0,0,,0.5,1,,0,0,,0,0,,0.5,1,,0.5,1,,0,0,,0,0,,0,0,,0,0,,0,0,,1.0,1,,0,0,,0,0,,0,0,shadow_hand_kettle,42
0.9613,,1.0,1,,0,0,,0.5,1,,0,0,,0,0,,1.0,1,,1.0,1,,0,0,,0,0,,0,0,,0,0,,0,0,,0.5,1,,0,0,,0,0,,0,0,shadow_hand_kettle,42
0.2155,,1.0,1,,0,0,,0.5,1,,0,0,,0,0,,0.5,1,,1.0,1,,0,0,,0,0,,0,0,,0,0,,0,0,,0.5,1,,0,0,,0,0,,0,0,shadow_hand_kettle,42
0.8742,,1.0,1,,0,0,,0.5,1,,0,0,,0,0,,1.0,1,,0.5,1,,0,0,,0,0,,0,0,,0,0,,0,0,,0.5,1,,0,0,,0,0,,0,0,shadow_hand_kettle,42
0.0165,,0.5,1,,0,0,,5.0,1,,0,0,,0,0,,1.0,1,,1.0,1,,0,0,,0,0,,0,0,,0,0,,0,0,,5.0,1,,0,0,,0,0,,0,0,shadow_hand_kettle,42
0.0023,,0.5,1,,0,0,,5.0,1,,0,0,,0,0,,0.5,1,,1.0,1,,0,0,,0,0,,0,0,,0,0,,0,0,,5.0,1,,0,0,,0,0,,0,0,shadow_hand_kettle,42
0.004,,0.5,1,,0,0,,5.0,1,,0,0,,0,0,,1.0,1,,0.5,1,,0,0,,0,0,,0,0,,0,0,,0,0,,5.0,1,,0,0,,0,0,,0,0,shadow_hand_kettle,42
0.0046,,0.5,1,,0,0,,5.0,1,,0,0,,0,0,,0.5,1,,0.5,1,,0,0,,0,0,,0,0,,0,0,,0,0,,5.0,1,,0,0,,0,0,,0,0,shadow_hand_kettle,42
0.1689,,5.0,1,,0,0,,1.0,1,,0,0,,0,0,,1.0,1,,5.0,1,,0,0,,0,0,,0,0,,0,0,,0,0,,1.0,1,,0,0,,0,0,,0,0,shadow_hand_kettle,42
0.3884,,5.0,1,,0,0,,1.0,1,,0,0,,0,0,,5.0,1,,5.0,1,,0,0,,0,0,,0,0,,0,0,,0,0,,1.0,1,,0,0,,0,0,,0,0,shadow_hand_kettle,42
0.0168,,5.0,1,,0,0,,1.0,1,,0,0,,0,0,,1.0,1,,0.5,1,,0,0,,0,0,,0,0,,0,0,,0,0,,1.0,1,,0,0,,0,0,,0,0,shadow_hand_kettle,42
0.9793,,1.0,1,,0,0,,1.0,1,,0,0,,0,0,,0,0,,0.5,1,,0,0,,0,0,,0,0,,0,0,,0,0,,1.0,1,,0,0,,0,0,,0,0,shadow_hand_kettle,42
0.9254,,1.0,1,,0,0,,1.0,1,,0,0,,0,0,,0,0,,5.0,1,,0,0,,0,0,,0,0,,0,0,,0,0,,1.0,1,,0,0,,0,0,,0,0,shadow_hand_kettle,42
0.9741,,1.0,1,,0,0,,1.0,1,,0,0,,0,0,,0,0,,1.0,1,,0,0,,0,0,,0,0,,0,0,,0,0,,0.5,1,,0,0,,0,0,,0,0,shadow_hand_kettle,42
0.9942,,1.0,1,,0,0,,1.0,1,,0,0,,0,0,,0,0,,0.5,1,,0,0,,0,0,,0,0,,0,0,,0,0,,0.5,1,,0,0,,0,0,,0,0,shadow_hand_kettle,42
0.9843,,1.0,1,,0,0,,1.0,1,,0,0,,0,0,,0,0,,5.0,1,,0,0,,0,0,,0,0,,0,0,,0,0,,0.5,1,,0,0,,0,0,,0,0,shadow_hand_kettle,42
0.0458,,1.0,1,,0,0,,1.0,1,,0,0,,0,0,,0,0,,1.0,1,,0,0,,0,0,,0,0,,0,0,,0,0,,5.0,1,,0,0,,0,0,,0,0,shadow_hand_kettle,42
0.0629,,1.0,1,,0,0,,1.0,1,,0,0,,0,0,,0,0,,0.5,1,,0,0,,0,0,,0,0,,0,0,,0,0,,5.0,1,,0,0,,0,0,,0,0,shadow_hand_kettle,42
0.002,,1.0,1,,0,0,,1.0,1,,0,0,,0,0,,0,0,,5.0,1,,0,0,,0,0,,0,0,,0,0,,0,0,,5.0,1,,0,0,,0,0,,0,0,shadow_hand_kettle,42
0.9631,,0.5,1,,0,0,,1.0,1,,0,0,,0,0,,0,0,,1.0,1,,0,0,,0,0,,0,0,,0,0,,0,0,,1.0,1,,0,0,,0,0,,0,0,shadow_hand_kettle,42
0.0256,,0.5,1,,0,0,,1.0,1,,0,0,,0,0,,0,0,,0.5,1,,0,0,,0,0,,0,0,,0,0,,0,0,,1.0,1,,0,0,,0,0,,0,0,shadow_hand_kettle,42
0.8172,,0.5,1,,0,0,,1.0,1,,0,0,,0,0,,0,0,,5.0,1,,0,0,,0,0,,0,0,,0,0,,0,0,,1.0,1,,0,0,,0,0,,0,0,shadow_hand_kettle,42
0.9517,,0.5,1,,0,0,,1.0,1,,0,0,,0,0,,0,0,,1.0,1,,0,0,,0,0,,0,0,,0,0,,0,0,,0.5,1,,0,0,,0,0,,0,0,shadow_hand_kettle,42
0.9671,,0.5,1,,0,0,,1.0,1,,0,0,,0,0,,0,0,,0.5,1,,0,0,,0,0,,0,0,,0,0,,0,0,,0.5,1,,0,0,,0,0,,0,0,shadow_hand_kettle,42
0.0017,,0.5,1,,0,0,,1.0,1,,0,0,,0,0,,0,0,,1.0,1,,0,0,,0,0,,0,0,,0,0,,0,0,,5.0,1,,0,0,,0,0,,0,0,shadow_hand_kettle,42
0.0041,,0.5,1,,0,0,,1.0,1,,0,0,,0,0,,0,0,,0.5,1,,0,0,,0,0,,0,0,,0,0,,0,0,,5.0,1,,0,0,,0,0,,0,0,shadow_hand_kettle,42
0.0484,,0.5,1,,0,0,,1.0,1,,0,0,,0,0,,0,0,,5.0,1,,0,0,,0,0,,0,0,,0,0,,0,0,,5.0,1,,0,0,,0,0,,0,0,shadow_hand_kettle,42
0.0114,,5.0,1,,0,0,,0.5,1,,0,0,,0,0,,0,0,,1.0,1,,0,0,,0,0,,0,0,,0,0,,0,0,,1.0,1,,0,0,,0,0,,0,0,shadow_hand_kettle,42
0.9582,,5.0,1,,0,0,,0.5,1,,0,0,,0,0,,0,0,,0.5,1,,0,0,,0,0,,0,0,,0,0,,0,0,,1.0,1,,0,0,,0,0,,0,0,shadow_hand_kettle,42
0.9003,,5.0,1,,0,0,,0.5,1,,0,0,,0,0,,0,0,,5.0,1,,0,0,,0,0,,0,0,,0,0,,0,0,,1.0,1,,0,0,,0,0,,0,0,shadow_hand_kettle,42
0.7193,,5.0,1,,0,0,,0.5,1,,0,0,,0,0,,0,0,,1.0,1,,0,0,,0,0,,0,0,,0,0,,0,0,,0.5,1,,0,0,,0,0,,0,0,shadow_hand_kettle,42
0.9549,,5.0,1,,0,0,,0.5,1,,0,0,,0,0,,0,0,,5.0,1,,0,0,,0,0,,0,0,,0,0,,0,0,,0.5,1,,0,0,,0,0,,0,0,shadow_hand_kettle,42
0.0066,,5.0,1,,0,0,,0.5,1,,0,0,,0,0,,0,0,,1.0,1,,0,0,,0,0,,0,0,,0,0,,0,0,,5.0,1,,0,0,,0,0,,0,0,shadow_hand_kettle,42
0.0037,,5.0,1,,0,0,,0.5,1,,0,0,,0,0,,0,0,,0.5,1,,0,0,,0,0,,0,0,,0,0,,0,0,,5.0,1,,0,0,,0,0,,0,0,shadow_hand_kettle,42
0.0057,,5.0,1,,0,0,,0.5,1,,0,0,,0,0,,0,0,,5.0,1,,0,0,,0,0,,0,0,,0,0,,0,0,,5.0,1,,0,0,,0,0,,0,0,shadow_hand_kettle,42
0.9903,,1.0,1,,0,0,,5.0,1,,0,0,,0,0,,0,0,,1.0,1,,0,0,,0,0,,0,0,,0,0,,0,0,,1.0,1,,0,0,,0,0,,0,0,shadow_hand_kettle,42
0.4624,,1.0,1,,0,0,,5.0,1,,0,0,,0,0,,0,0,,0.5,1,,0,0,,0,0,,0,0,,0,0,,0,0,,1.0,1,,0,0,,0,0,,0,0,shadow_hand_kettle,42
0.521,,1.0,1,,0,0,,5.0,1,,0,0,,0,0,,0,0,,5.0,1,,0,0,,0,0,,0,0,,0,0,,0,0,,1.0,1,,0,0,,0,0,,0,0,shadow_hand_kettle,42
0.9852,,1.0,1,,0,0,,5.0,1,,0,0,,0,0,,0,0,,1.0,1,,0,0,,0,0,,0,0,,0,0,,0,0,,0.5,1,,0,0,,0,0,,0,0,shadow_hand_kettle,42
0.9853,,1.0,1,,0,0,,5.0,1,,0,0,,0,0,,0,0,,5.0,1,,0,0,,0,0,,0,0,,0,0,,0,0,,0.5,1,,0,0,,0,0,,0,0,shadow_hand_kettle,42
0.1397,,1.0,1,,0,0,,5.0,1,,0,0,,0,0,,0,0,,1.0,1,,0,0,,0,0,,0,0,,0,0,,0,0,,5.0,1,,0,0,,0,0,,0,0,shadow_hand_kettle,42
0.2738,,1.0,1,,0,0,,5.0,1,,0,0,,0,0,,0,0,,0.5,1,,0,0,,0,0,,0,0,,0,0,,0,0,,5.0,1,,0,0,,0,0,,0,0,shadow_hand_kettle,42
0.436,,1.0,1,,0,0,,5.0,1,,0,0,,0,0,,0,0,,5.0,1,,0,0,,0,0,,0,0,,0,0,,0,0,,5.0,1,,0,0,,0,0,,0,0,shadow_hand_kettle,42
0.1474,,0.1,1,,0,0,,0.1,1,,0,0,,0,0,,0,0,,0.1,1,,0,0,,0,0,,0,0,,0,0,,0,0,,0.1,1,,0.01,1,,0,0,,0,0,shadow_hand_kettle,42
0.0042,,0.1,1,,0,0,,0.1,1,,0,0,,0,0,,0,0,,0.1,1,,0,0,,0,0,,0,0,,0,0,,0,0,,0.1,1,,0.1,1,,0,0,,0,0,shadow_hand_kettle,42
0.0015,,0.1,1,,0,0,,0.1,1,,0,0,,0,0,,0,0,,0.05,1,,0,0,,0,0,,0,0,,0,0,,0,0,,0.1,1,,0.01,1,,0,0,,0,0,shadow_hand_kettle,42
0.0022,,0.1,1,,0,0,,0.1,1,,0,0,,0,0,,0,0,,0.05,1,,0,0,,0,0,,0,0,,0,0,,0,0,,0.1,1,,0.1,1,,0,0,,0,0,shadow_hand_kettle,42
0.0013,,0.1,1,,0,0,,0.1,1,,0,0,,0,0,,0,0,,0.1,1,,0,0,,0,0,,0,0,,0,0,,0,0,,0.05,1,,0.01,1,,0,0,,0,0,shadow_hand_kettle,42
0.0045,,0.1,1,,0,0,,0.1,1,,0,0,,0,0,,0,0,,0.1,1,,0,0,,0,0,,0,0,,0,0,,0,0,,0.05,1,,0.1,1,,0,0,,0,0,shadow_hand_kettle,42
0.0039,,0.1,1,,0,0,,0.1,1,,0,0,,0,0,,0,0,,0.05,1,,0,0,,0,0,,0,0,,0,0,,0,0,,0.05,1,,0.01,1,,0,0,,0,0,shadow_hand_kettle,42
0.0226,,0.1,1,,0,0,,0.1,1,,0,0,,0,0,,0,0,,0.05,1,,0,0,,0,0,,0,0,,0,0,,0,0,,0.05,1,,0.1,1,,0,0,,0,0,shadow_hand_kettle,42
0.0028,,0.05,1,,0,0,,0.1,1,,0,0,,0,0,,0,0,,0.1,1,,0,0,,0,0,,0,0,,0,0,,0,0,,0.1,1,,0.01,1,,0,0,,0,0,shadow_hand_kettle,42
0.0016,,0.05,1,,0,0,,0.1,1,,0,0,,0,0,,0,0,,0.1,1,,0,0,,0,0,,0,0,,0,0,,0,0,,0.1,1,,0.1,1,,0,0,,0,0,shadow_hand_kettle,42
0.0015,,0.05,1,,0,0,,0.1,1,,0,0,,0,0,,0,0,,0.05,1,,0,0,,0,0,,0,0,,0,0,,0,0,,0.1,1,,0.01,1,,0,0,,0,0,shadow_hand_kettle,42
0.0034,,0.05,1,,0,0,,0.1,1,,0,0,,0,0,,0,0,,0.05,1,,0,0,,0,0,,0,0,,0,0,,0,0,,0.1,1,,0.1,1,,0,0,,0,0,shadow_hand_kettle,42
0.001,,0.05,1,,0,0,,0.1,1,,0,0,,0,0,,0,0,,0.1,1,,0,0,,0,0,,0,0,,0,0,,0,0,,0.05,1,,0.01,1,,0,0,,0,0,shadow_hand_kettle,42
0.0054,,0.05,1,,0,0,,0.1,1,,0,0,,0,0,,0,0,,0.1,1,,0,0,,0,0,,0,0,,0,0,,0,0,,0.05,1,,0.1,1,,0,0,,0,0,shadow_hand_kettle,42
0.0034,,0.05,1,,0,0,,0.1,1,,0,0,,0,0,,0,0,,0.05,1,,0,0,,0,0,,0,0,,0,0,,0,0,,0.05,1,,0.01,1,,0,0,,0,0,shadow_hand_kettle,42
0.0005,,0.05,1,,0,0,,0.1,1,,0,0,,0,0,,0,0,,0.05,1,,0,0,,0,0,,0,0,,0,0,,0,0,,0.05,1,,0.1,1,,0,0,,0,0,shadow_hand_kettle,42
0.007,,0.5,1,,0,0,,0.05,1,,0,0,,0,0,,0,0,,0.1,1,,0,0,,0,0,,0,0,,0,0,,0,0,,0.1,1,,0.01,1,,0,0,,0,0,shadow_hand_kettle,42
0.0061,,0.5,1,,0,0,,0.05,1,,0,0,,0,0,,0,0,,0.1,1,,0,0,,0,0,,0,0,,0,0,,0,0,,0.1,1,,0.1,1,,0,0,,0,0,shadow_hand_kettle,42
0.0084,,0.5,1,,0,0,,0.05,1,,0,0,,0,0,,0,0,,0.05,1,,0,0,,0,0,,0,0,,0,0,,0,0,,0.1,1,,0.01,1,,0,0,,0,0,shadow_hand_kettle,42
0.0064,,0.5,1,,0,0,,0.05,1,,0,0,,0,0,,0,0,,0.05,1,,0,0,,0,0,,0,0,,0,0,,0,0,,0.1,1,,0.1,1,,0,0,,0,0,shadow_hand_kettle,42
0.0059,,0.5,1,,0,0,,0.05,1,,0,0,,0,0,,0,0,,0.1,1,,0,0,,0,0,,0,0,,0,0,,0,0,,0.5,1,,0.01,1,,0,0,,0,0,shadow_hand_kettle,42
0.0015,,0.5,1,,0,0,,0.05,1,,0,0,,0,0,,0,0,,0.1,1,,0,0,,0,0,,0,0,,0,0,,0,0,,0.5,1,,0.1,1,,0,0,,0,0,shadow_hand_kettle,42
0.0101,,0.5,1,,0,0,,0.05,1,,0,0,,0,0,,0,0,,0.05,1,,0,0,,0,0,,0,0,,0,0,,0,0,,0.5,1,,0.01,1,,0,0,,0,0,shadow_hand_kettle,42
0.0226,,0.5,1,,0,0,,0.05,1,,0,0,,0,0,,0,0,,0.05,1,,0,0,,0,0,,0,0,,0,0,,0,0,,0.5,1,,0.1,1,,0,0,,0,0,shadow_hand_kettle,42
0.0121,,0.1,1,,0,0,,0.5,1,,0,0,,0,0,,0,0,,0.1,1,,0,0,,0,0,,0,0,,0,0,,0,0,,0.1,1,,0.01,1,,0,0,,0,0,shadow_hand_kettle,42
0.0028,,0.1,1,,0,0,,0.5,1,,0,0,,0,0,,0,0,,0.1,1,,0,0,,0,0,,0,0,,0,0,,0,0,,0.1,1,,0.05,1,,0,0,,0,0,shadow_hand_kettle,42
0.0022,,0.1,1,,0,0,,0.5,1,,0,0,,0,0,,0,0,,0.5,1,,0,0,,0,0,,0,0,,0,0,,0,0,,0.1,1,,0.01,1,,0,0,,0,0,shadow_hand_kettle,42
0.002,,0.1,1,,0,0,,0.5,1,,0,0,,0,0,,0,0,,0.5,1,,0,0,,0,0,,0,0,,0,0,,0,0,,0.1,1,,0.05,1,,0,0,,0,0,shadow_hand_kettle,42
0.0286,,0.1,1,,0,0,,0.5,1,,0,0,,0,0,,0,0,,0.1,1,,0,0,,0,0,,0,0,,0,0,,0,0,,0.05,1,,0.01,1,,0,0,,0,0,shadow_hand_kettle,42
0.0043,,0.1,1,,0,0,,0.5,1,,0,0,,0,0,,0,0,,0.1,1,,0,0,,0,0,,0,0,,0,0,,0,0,,0.05,1,,0.05,1,,0,0,,0,0,shadow_hand_kettle,42
0.053,,0.1,1,,0,0,,0.5,1,,0,0,,0,0,,0,0,,0.5,1,,0,0,,0,0,,0,0,,0,0,,0,0,,0.05,1,,0.01,1,,0,0,,0,0,shadow_hand_kettle,42
0.0047,,0.1,1,,0,0,,0.5,1,,0,0,,0,0,,0,0,,0.5,1,,0,0,,0,0,,0,0,,0,0,,0,0,,0.05,1,,0.05,1,,0,0,,0,0,shadow_hand_kettle,42
0.9725,,1.0,1,,0,0,,1.0,1,,0,0,,0,0,,0,0,,0,0,,0,0,,0,0,,0,0,,0,0,,1.0,1,,1.0,1,,0,0,,1.0,1,,0,0,shadow_hand_kettle,42
0.9956,,1.0,1,,0,0,,1.0,1,,0,0,,0,0,,0,0,,0,0,,0,0,,0,0,,0,0,,0,0,,0.5,1,,1.0,1,,0,0,,1.0,1,,0,0,shadow_hand_kettle,42
0.9811,,1.0,1,,0,0,,1.0,1,,0,0,,0,0,,0,0,,0,0,,0,0,,0,0,,0,0,,0,0,,0.5,1,,1.0,1,,0,0,,0.5,1,,0,0,shadow_hand_kettle,42
0.9789,,1.0,1,,0,0,,1.0,1,,0,0,,0,0,,0,0,,0,0,,0,0,,0,0,,0,0,,0,0,,0.5,1,,0.5,1,,0,0,,1.0,1,,0,0,shadow_hand_kettle,42
0.9962,,1.0,1,,0,0,,1.0,1,,0,0,,0,0,,0,0,,0,0,,0,0,,0,0,,0,0,,0,0,,1.0,1,,0.5,1,,0,0,,0.5,1,,0,0,shadow_hand_kettle,42
0.9982,,0.5,1,,0,0,,1.0,1,,0,0,,0,0,,0,0,,0,0,,0,0,,0,0,,0,0,,0,0,,0.5,1,,1.0,1,,0,0,,1.0,1,,0,0,shadow_hand_kettle,42
0.9561,,0.5,1,,0,0,,1.0,1,,0,0,,0,0,,0,0,,0,0,,0,0,,0,0,,0,0,,0,0,,1.0,1,,1.0,1,,0,0,,0.5,1,,0,0,shadow_hand_kettle,42
0.9664,,0.5,1,,0,0,,1.0,1,,0,0,,0,0,,0,0,,0,0,,0,0,,0,0,,0,0,,0,0,,0.5,1,,1.0,1,,0,0,,0.5,1,,0,0,shadow_hand_kettle,42
0.9312,,0.5,1,,0,0,,1.0,1,,0,0,,0,0,,0,0,,0,0,,0,0,,0,0,,0,0,,0,0,,1.0,1,,0.5,1,,0,0,,0.5,1,,0,0,shadow_hand_kettle,42
0.9797,,5.0,1,,0,0,,0.5,1,,0,0,,0,0,,0,0,,0,0,,0,0,,0,0,,0,0,,0,0,,5.0,1,,1.0,1,,0,0,,0.5,1,,0,0,shadow_hand_kettle,42
0.4813,,5.0,1,,0,0,,0.5,1,,0,0,,0,0,,0,0,,0,0,,0,0,,0,0,,0,0,,0,0,,1.0,1,,5.0,1,,0,0,,1.0,1,,0,0,shadow_hand_kettle,42
0.1755,,5.0,1,,0,0,,0.5,1,,0,0,,0,0,,0,0,,0,0,,0,0,,0,0,,0,0,,0,0,,5.0,1,,5.0,1,,0,0,,1.0,1,,0,0,shadow_hand_kettle,42
0.3492,,5.0,1,,0,0,,0.5,1,,0,0,,0,0,,0,0,,0,0,,0,0,,0,0,,0,0,,0,0,,1.0,1,,5.0,1,,0,0,,0.5,1,,0,0,shadow_hand_kettle,42
0.3508,,5.0,1,,0,0,,0.5,1,,0,0,,0,0,,0,0,,0,0,,0,0,,0,0,,0,0,,0,0,,5.0,1,,5.0,1,,0,0,,0.5,1,,0,0,shadow_hand_kettle,42
0.9783,,1.0,1,,0,0,,5.0,1,,0,0,,0,0,,0,0,,0,0,,0,0,,0,0,,0,0,,0,0,,1.0,1,,1.0,1,,0,0,,1.0,1,,0,0,shadow_hand_kettle,42
0.9956,,1.0,1,,0,0,,5.0,1,,0,0,,0,0,,0,0,,0,0,,0,0,,0,0,,0,0,,0,0,,0.5,1,,1.0,1,,0,0,,1.0,1,,0,0,shadow_hand_kettle,42
0.9957,,1.0,1,,0,0,,5.0,1,,0,0,,0,0,,0,0,,0,0,,0,0,,0,0,,0,0,,0,0,,1.0,1,,1.0,1,,0,0,,5.0,1,,0,0,shadow_hand_kettle,42
0.8946,,1.0,1,,0,0,,5.0,1,,0,0,,0,0,,0,0,,0,0,,0,0,,0,0,,0,0,,0,0,,0.5,1,,1.0,1,,0,0,,5.0,1,,0,0,shadow_hand_kettle,42
0.9914,,1.0,1,,0,0,,5.0,1,,0,0,,0,0,,0,0,,0,0,,0,0,,0,0,,0,0,,0,0,,0.5,1,,0.5,1,,0,0,,1.0,1,,0,0,shadow_hand_kettle,42
0.0506,,1.0,1,,0,0,,5.0,1,,0,0,,0,0,,0,0,,0,0,,0,0,,0,0,,0,0,,0,0,,1.0,1,,0.5,1,,0,0,,5.0,1,,0,0,shadow_hand_kettle,42
0.9627,,1.0,1,,0,0,,5.0,1,,0,0,,0,0,,0,0,,0,0,,0,0,,0,0,,0,0,,0,0,,0.5,1,,0.5,1,,0,0,,5.0,1,,0,0,shadow_hand_kettle,42
0.011,,0.1,1,,0,0,,0.1,1,,0,0,,0,0,,0,0,,0.1,1,,0,0,,0,0,,0.1,1,,0,0,,0,0,,0,0,,0,0,,0,0,,0,0,shadow_hand_kettle,42
0.0026,,0.1,1,,0,0,,0.1,1,,0,0,,0,0,,0,0,,0.05,1,,0,0,,0,0,,0.1,1,,0,0,,0,0,,0,0,,0,0,,0,0,,0,0,shadow_hand_kettle,42
0.0021,,0.1,1,,0,0,,0.1,1,,0,0,,0,0,,0,0,,0.5,1,,0,0,,0,0,,0.1,1,,0,0,,0,0,,0,0,,0,0,,0,0,,0,0,shadow_hand_kettle,42
0.0029,,0.1,1,,0,0,,0.1,1,,0,0,,0,0,,0,0,,0.1,1,,0,0,,0,0,,0.05,1,,0,0,,0,0,,0,0,,0,0,,0,0,,0,0,shadow_hand_kettle,42
0.0118,,0.1,1,,0,0,,0.1,1,,0,0,,0,0,,0,0,,0.05,1,,0,0,,0,0,,0.05,1,,0,0,,0,0,,0,0,,0,0,,0,0,,0,0,shadow_hand_kettle,42
0.0108,,0.1,1,,0,0,,0.1,1,,0,0,,0,0,,0,0,,0.5,1,,0,0,,0,0,,0.05,1,,0,0,,0,0,,0,0,,0,0,,0,0,,0,0,shadow_hand_kettle,42
0.0016,,0.1,1,,0,0,,0.1,1,,0,0,,0,0,,0,0,,0.1,1,,0,0,,0,0,,0.5,1,,0,0,,0,0,,0,0,,0,0,,0,0,,0,0,shadow_hand_kettle,42
0.0036,,0.1,1,,0,0,,0.1,1,,0,0,,0,0,,0,0,,0.05,1,,0,0,,0,0,,0.5,1,,0,0,,0,0,,0,0,,0,0,,0,0,,0,0,shadow_hand_kettle,42
0.0122,,0.1,1,,0,0,,0.1,1,,0,0,,0,0,,0,0,,0.5,1,,0,0,,0,0,,0.5,1,,0,0,,0,0,,0,0,,0,0,,0,0,,0,0,shadow_hand_kettle,42
0.0039,,0.05,1,,0,0,,0.1,1,,0,0,,0,0,,0,0,,0.1,1,,0,0,,0,0,,0.1,1,,0,0,,0,0,,0,0,,0,0,,0,0,,0,0,shadow_hand_kettle,42
0.018,,0.05,1,,0,0,,0.1,1,,0,0,,0,0,,0,0,,0.05,1,,0,0,,0,0,,0.1,1,,0,0,,0,0,,0,0,,0,0,,0,0,,0,0,shadow_hand_kettle,42
0.0396,,0.05,1,,0,0,,0.1,1,,0,0,,0,0,,0,0,,0.5,1,,0,0,,0,0,,0.1,1,,0,0,,0,0,,0,0,,0,0,,0,0,,0,0,shadow_hand_kettle,42
0.0051,,0.05,1,,0,0,,0.1,1,,0,0,,0,0,,0,0,,0.1,1,,0,0,,0,0,,0.05,1,,0,0,,0,0,,0,0,,0,0,,0,0,,0,0,shadow_hand_kettle,42
0.0097,,0.05,1,,0,0,,0.1,1,,0,0,,0,0,,0,0,,0.05,1,,0,0,,0,0,,0.05,1,,0,0,,0,0,,0,0,,0,0,,0,0,,0,0,shadow_hand_kettle,42
0.0012,,0.05,1,,0,0,,0.1,1,,0,0,,0,0,,0,0,,0.5,1,,0,0,,0,0,,0.05,1,,0,0,,0,0,,0,0,,0,0,,0,0,,0,0,shadow_hand_kettle,42
0.0006,,0.05,1,,0,0,,0.1,1,,0,0,,0,0,,0,0,,0.1,1,,0,0,,0,0,,0.5,1,,0,0,,0,0,,0,0,,0,0,,0,0,,0,0,shadow_hand_kettle,42
0.0018,,0.05,1,,0,0,,0.1,1,,0,0,,0,0,,0,0,,0.05,1,,0,0,,0,0,,0.5,1,,0,0,,0,0,,0,0,,0,0,,0,0,,0,0,shadow_hand_kettle,42
0.0083,,0.05,1,,0,0,,0.1,1,,0,0,,0,0,,0,0,,0.5,1,,0,0,,0,0,,0.5,1,,0,0,,0,0,,0,0,,0,0,,0,0,,0,0,shadow_hand_kettle,42
0.003,,0.5,1,,0,0,,0.05,1,,0,0,,0,0,,0,0,,0.1,1,,0,0,,0,0,,0.1,1,,0,0,,0,0,,0,0,,0,0,,0,0,,0,0,shadow_hand_kettle,42
0.0068,,0.5,1,,0,0,,0.05,1,,0,0,,0,0,,0,0,,0.05,1,,0,0,,0,0,,0.1,1,,0,0,,0,0,,0,0,,0,0,,0,0,,0,0,shadow_hand_kettle,42
0.002,,0.5,1,,0,0,,0.05,1,,0,0,,0,0,,0,0,,0.5,1,,0,0,,0,0,,0.1,1,,0,0,,0,0,,0,0,,0,0,,0,0,,0,0,shadow_hand_kettle,42
0.0181,,0.5,1,,0,0,,0.05,1,,0,0,,0,0,,0,0,,0.1,1,,0,0,,0,0,,0.05,1,,0,0,,0,0,,0,0,,0,0,,0,0,,0,0,shadow_hand_kettle,42
0.0018,,0.5,1,,0,0,,0.05,1,,0,0,,0,0,,0,0,,0.05,1,,0,0,,0,0,,0.05,1,,0,0,,0,0,,0,0,,0,0,,0,0,,0,0,shadow_hand_kettle,42
0.0015,,0.5,1,,0,0,,0.05,1,,0,0,,0,0,,0,0,,0.5,1,,0,0,,0,0,,0.05,1,,0,0,,0,0,,0,0,,0,0,,0,0,,0,0,shadow_hand_kettle,42
0.0083,,0.5,1,,0,0,,0.05,1,,0,0,,0,0,,0,0,,0.1,1,,0,0,,0,0,,0.5,1,,0,0,,0,0,,0,0,,0,0,,0,0,,0,0,shadow_hand_kettle,42
0.0511,,0.5,1,,0,0,,0.05,1,,0,0,,0,0,,0,0,,0.05,1,,0,0,,0,0,,0.5,1,,0,0,,0,0,,0,0,,0,0,,0,0,,0,0,shadow_hand_kettle,42
0.0017,,0.5,1,,0,0,,0.05,1,,0,0,,0,0,,0,0,,0.5,1,,0,0,,0,0,,0.5,1,,0,0,,0,0,,0,0,,0,0,,0,0,,0,0,shadow_hand_kettle,42
0.0039,,0.1,1,,0,0,,0.5,1,,0,0,,0,0,,0,0,,0.1,1,,0,0,,0,0,,0.1,1,,0,0,,0,0,,0,0,,0,0,,0,0,,0,0,shadow_hand_kettle,42
0.0069,,0.1,1,,0,0,,0.5,1,,0,0,,0,0,,0,0,,0.05,1,,0,0,,0,0,,0.1,1,,0,0,,0,0,,0,0,,0,0,,0,0,,0,0,shadow_hand_kettle,42
0.1564,,0.1,1,,0,0,,0.5,1,,0,0,,0,0,,0,0,,0.5,1,,0,0,,0,0,,0.1,1,,0,0,,0,0,,0,0,,0,0,,0,0,,0,0,shadow_hand_kettle,42
0.0013,,0.1,1,,0,0,,0.5,1,,0,0,,0,0,,0,0,,0.1,1,,0,0,,0,0,,0.05,1,,0,0,,0,0,,0,0,,0,0,,0,0,,0,0,shadow_hand_kettle,42
0.0022,,0.1,1,,0,0,,0.5,1,,0,0,,0,0,,0,0,,0.05,1,,0,0,,0,0,,0.05,1,,0,0,,0,0,,0,0,,0,0,,0,0,,0,0,shadow_hand_kettle,42
0.1026,,0.1,1,,0,0,,0.5,1,,0,0,,0,0,,0,0,,0.5,1,,0,0,,0,0,,0.05,1,,0,0,,0,0,,0,0,,0,0,,0,0,,0,0,shadow_hand_kettle,42
0.0017,,0.1,1,,0,0,,0.5,1,,0,0,,0,0,,0,0,,0.1,1,,0,0,,0,0,,0.5,1,,0,0,,0,0,,0,0,,0,0,,0,0,,0,0,shadow_hand_kettle,42
0.0058,,0.1,1,,0,0,,0.5,1,,0,0,,0,0,,0,0,,0.05,1,,0,0,,0,0,,0.5,1,,0,0,,0,0,,0,0,,0,0,,0,0,,0,0,shadow_hand_kettle,42
0.0063,,0.1,1,,0,0,,0.5,1,,0,0,,0,0,,0,0,,0.5,1,,0,0,,0,0,,0.5,1,,0,0,,0,0,,0,0,,0,0,,0,0,,0,0,shadow_hand_kettle,42
0.0041,,1.0,1,,0,0,,1.0,1,,0,0,,1.0,1,,0,0,,1.0,1,,0,0,,0,0,,0,0,,0,0,,0,0,,0,0,,0,0,,0,0,,0,0,shadow_hand_kettle,42
0.0024,,1.0,1,,0,0,,1.0,1,,0,0,,1.0,1,,0,0,,0.5,1,,0,0,,0,0,,0,0,,0,0,,0,0,,0,0,,0,0,,0,0,,0,0,shadow_hand_kettle,42
0.0045,,1.0,1,,0,0,,1.0,1,,0,0,,1.0,1,,0,0,,5.0,1,,0,0,,0,0,,0,0,,0,0,,0,0,,0,0,,0,0,,0,0,,0,0,shadow_hand_kettle,42
0.0046,,1.0,1,,0,0,,1.0,1,,0,0,,0.5,1,,0,0,,1.0,1,,0,0,,0,0,,0,0,,0,0,,0,0,,0,0,,0,0,,0,0,,0,0,shadow_hand_kettle,42
0.0022,,1.0,1,,0,0,,1.0,1,,0,0,,0.5,1,,0,0,,0.5,1,,0,0,,0,0,,0,0,,0,0,,0,0,,0,0,,0,0,,0,0,,0,0,shadow_hand_kettle,42
0.0055,,1.0,1,,0,0,,1.0,1,,0,0,,0.5,1,,0,0,,5.0,1,,0,0,,0,0,,0,0,,0,0,,0,0,,0,0,,0,0,,0,0,,0,0,shadow_hand_kettle,42
0.0045,,1.0,1,,0,0,,1.0,1,,0,0,,5.0,1,,0,0,,1.0,1,,0,0,,0,0,,0,0,,0,0,,0,0,,0,0,,0,0,,0,0,,0,0,shadow_hand_kettle,42
0.002,,1.0,1,,0,0,,1.0,1,,0,0,,5.0,1,,0,0,,0.5,1,,0,0,,0,0,,0,0,,0,0,,0,0,,0,0,,0,0,,0,0,,0,0,shadow_hand_kettle,42
0.0017,,1.0,1,,0,0,,1.0,1,,0,0,,5.0,1,,0,0,,5.0,1,,0,0,,0,0,,0,0,,0,0,,0,0,,0,0,,0,0,,0,0,,0,0,shadow_hand_kettle,42
0.0018,,0.5,1,,0,0,,1.0,1,,0,0,,1.0,1,,0,0,,1.0,1,,0,0,,0,0,,0,0,,0,0,,0,0,,0,0,,0,0,,0,0,,0,0,shadow_hand_kettle,42
0.003,,0.5,1,,0,0,,1.0,1,,0,0,,1.0,1,,0,0,,0.5,1,,0,0,,0,0,,0,0,,0,0,,0,0,,0,0,,0,0,,0,0,,0,0,shadow_hand_kettle,42
0.0042,,0.5,1,,0,0,,1.0,1,,0,0,,1.0,1,,0,0,,5.0,1,,0,0,,0,0,,0,0,,0,0,,0,0,,0,0,,0,0,,0,0,,0,0,shadow_hand_kettle,42
0.0033,,0.5,1,,0,0,,1.0,1,,0,0,,0.5,1,,0,0,,1.0,1,,0,0,,0,0,,0,0,,0,0,,0,0,,0,0,,0,0,,0,0,,0,0,shadow_hand_kettle,42
0.003,,0.5,1,,0,0,,1.0,1,,0,0,,0.5,1,,0,0,,0.5,1,,0,0,,0,0,,0,0,,0,0,,0,0,,0,0,,0,0,,0,0,,0,0,shadow_hand_kettle,42
0.0028,,0.5,1,,0,0,,1.0,1,,0,0,,0.5,1,,0,0,,5.0,1,,0,0,,0,0,,0,0,,0,0,,0,0,,0,0,,0,0,,0,0,,0,0,shadow_hand_kettle,42
0.0025,,0.5,1,,0,0,,1.0,1,,0,0,,5.0,1,,0,0,,1.0,1,,0,0,,0,0,,0,0,,0,0,,0,0,,0,0,,0,0,,0,0,,0,0,shadow_hand_kettle,42
0.0018,,0.5,1,,0,0,,1.0,1,,0,0,,5.0,1,,0,0,,0.5,1,,0,0,,0,0,,0,0,,0,0,,0,0,,0,0,,0,0,,0,0,,0,0,shadow_hand_kettle,42
0.0025,,0.5,1,,0,0,,1.0,1,,0,0,,5.0,1,,0,0,,5.0,1,,0,0,,0,0,,0,0,,0,0,,0,0,,0,0,,0,0,,0,0,,0,0,shadow_hand_kettle,42
0.2211,,5.0,1,,0,0,,5.0,1,,0,0,,1.0,1,,0,0,,1.0,1,,0,0,,0,0,,0,0,,0,0,,0,0,,0,0,,0,0,,0,0,,0,0,shadow_hand_kettle,42
0.0984,,5.0,1,,0,0,,5.0,1,,0,0,,1.0,1,,0,0,,0.5,1,,0,0,,0,0,,0,0,,0,0,,0,0,,0,0,,0,0,,0,0,,0,0,shadow_hand_kettle,42
0.0248,,5.0,1,,0,0,,5.0,1,,0,0,,1.0,1,,0,0,,5.0,1,,0,0,,0,0,,0,0,,0,0,,0,0,,0,0,,0,0,,0,0,,0,0,shadow_hand_kettle,42
0.0861,,5.0,1,,0,0,,5.0,1,,0,0,,0.5,1,,0,0,,1.0,1,,0,0,,0,0,,0,0,,0,0,,0,0,,0,0,,0,0,,0,0,,0,0,shadow_hand_kettle,42
0.0466,,5.0,1,,0,0,,5.0,1,,0,0,,0.5,1,,0,0,,0.5,1,,0,0,,0,0,,0,0,,0,0,,0,0,,0,0,,0,0,,0,0,,0,0,shadow_hand_kettle,42
0.0942,,5.0,1,,0,0,,5.0,1,,0,0,,0.5,1,,0,0,,5.0,1,,0,0,,0,0,,0,0,,0,0,,0,0,,0,0,,0,0,,0,0,,0,0,shadow_hand_kettle,42
0.2062,,5.0,1,,0,0,,5.0,1,,0,0,,5.0,1,,0,0,,1.0,1,,0,0,,0,0,,0,0,,0,0,,0,0,,0,0,,0,0,,0,0,,0,0,shadow_hand_kettle,42
0.0259,,5.0,1,,0,0,,5.0,1,,0,0,,5.0,1,,0,0,,0.5,1,,0,0,,0,0,,0,0,,0,0,,0,0,,0,0,,0,0,,0,0,,0,0,shadow_hand_kettle,42
0.0208,,5.0,1,,0,0,,5.0,1,,0,0,,5.0,1,,0,0,,5.0,1,,0,0,,0,0,,0,0,,0,0,,0,0,,0,0,,0,0,,0,0,,0,0,shadow_hand_kettle,42
0.0026,,1.0,1,,0,0,,0.5,1,,0,0,,1.0,1,,0,0,,1.0,1,,0,0,,0,0,,0,0,,0,0,,0,0,,0,0,,0,0,,0,0,,0,0,shadow_hand_kettle,42
0.005,,1.0,1,,0,0,,0.5,1,,0,0,,1.0,1,,0,0,,0.5,1,,0,0,,0,0,,0,0,,0,0,,0,0,,0,0,,0,0,,0,0,,0,0,shadow_hand_kettle,42
0.0029,,1.0,1,,0,0,,0.5,1,,0,0,,1.0,1,,0,0,,5.0,1,,0,0,,0,0,,0,0,,0,0,,0,0,,0,0,,0,0,,0,0,,0,0,shadow_hand_kettle,42
0.0042,,1.0,1,,0,0,,0.5,1,,0,0,,0.5,1,,0,0,,1.0,1,,0,0,,0,0,,0,0,,0,0,,0,0,,0,0,,0,0,,0,0,,0,0,shadow_hand_kettle,42
0.0048,,1.0,1,,0,0,,0.5,1,,0,0,,0.5,1,,0,0,,0.5,1,,0,0,,0,0,,0,0,,0,0,,0,0,,0,0,,0,0,,0,0,,0,0,shadow_hand_kettle,42
0.0134,,1.0,1,,0,0,,0.5,1,,0,0,,0.5,1,,0,0,,5.0,1,,0,0,,0,0,,0,0,,0,0,,0,0,,0,0,,0,0,,0,0,,0,0,shadow_hand_kettle,42
0.0043,,1.0,1,,0,0,,0.5,1,,0,0,,5.0,1,,0,0,,1.0,1,,0,0,,0,0,,0,0,,0,0,,0,0,,0,0,,0,0,,0,0,,0,0,shadow_hand_kettle,42
0.0015,,1.0,1,,0,0,,0.5,1,,0,0,,5.0,1,,0,0,,0.5,1,,0,0,,0,0,,0,0,,0,0,,0,0,,0,0,,0,0,,0,0,,0,0,shadow_hand_kettle,42
0.0026,,1.0,1,,0,0,,0.5,1,,0,0,,5.0,1,,0,0,,5.0,1,,0,0,,0,0,,0,0,,0,0,,0,0,,0,0,,0,0,,0,0,,0,0,shadow_hand_kettle,42
0.005,,10.0,1,,0,0,,10.0,1,,0,0,,0,0,,0,0,,0,0,,0,0,,0,0,,5.0,1,,0,0,,0,0,,0,0,,0,0,,0,0,,5.0,1,shadow_hand_kettle,42
0.0026,,10.0,1,,0,0,,10.0,1,,0,0,,0,0,,0,0,,0,0,,0,0,,0,0,,5.0,1,,0,0,,0,0,,0,0,,0,0,,0,0,,1.0,1,shadow_hand_kettle,42
0.0023,,10.0,1,,0,0,,10.0,1,,0,0,,0,0,,0,0,,0,0,,0,0,,0,0,,5.0,1,,0,0,,0,0,,0,0,,0,0,,0,0,,10.0,1,shadow_hand_kettle,42
0.004,,10.0,1,,0,0,,10.0,1,,0,0,,0,0,,0,0,,0,0,,0,0,,0,0,,1.0,1,,0,0,,0,0,,0,0,,0,0,,0,0,,5.0,1,shadow_hand_kettle,42
0.0023,,10.0,1,,0,0,,10.0,1,,0,0,,0,0,,0,0,,0,0,,0,0,,0,0,,1.0,1,,0,0,,0,0,,0,0,,0,0,,0,0,,1.0,1,shadow_hand_kettle,42
0.0024,,10.0,1,,0,0,,10.0,1,,0,0,,0,0,,0,0,,0,0,,0,0,,0,0,,1.0,1,,0,0,,0,0,,0,0,,0,0,,0,0,,10.0,1,shadow_hand_kettle,42
0.003,,10.0,1,,0,0,,10.0,1,,0,0,,0,0,,0,0,,0,0,,0,0,,0,0,,10.0,1,,0,0,,0,0,,0,0,,0,0,,0,0,,5.0,1,shadow_hand_kettle,42
0.032,,10.0,1,,0,0,,10.0,1,,0,0,,0,0,,0,0,,0,0,,0,0,,0,0,,10.0,1,,0,0,,0,0,,0,0,,0,0,,0,0,,1.0,1,shadow_hand_kettle,42
0.0194,,10.0,1,,0,0,,10.0,1,,0,0,,0,0,,0,0,,0,0,,0,0,,0,0,,10.0,1,,0,0,,0,0,,0,0,,0,0,,0,0,,10.0,1,shadow_hand_kettle,42
0.0548,,5.0,1,,0,0,,10.0,1,,0,0,,0,0,,0,0,,0,0,,0,0,,0,0,,5.0,1,,0,0,,0,0,,0,0,,0,0,,0,0,,5.0,1,shadow_hand_kettle,42
0.0053,,5.0,1,,0,0,,10.0,1,,0,0,,0,0,,0,0,,0,0,,0,0,,0,0,,5.0,1,,0,0,,0,0,,0,0,,0,0,,0,0,,1.0,1,shadow_hand_kettle,42
0.0009,,5.0,1,,0,0,,10.0,1,,0,0,,0,0,,0,0,,0,0,,0,0,,0,0,,5.0,1,,0,0,,0,0,,0,0,,0,0,,0,0,,10.0,1,shadow_hand_kettle,42
0.0122,,5.0,1,,0,0,,10.0,1,,0,0,,0,0,,0,0,,0,0,,0,0,,0,0,,1.0,1,,0,0,,0,0,,0,0,,0,0,,0,0,,5.0,1,shadow_hand_kettle,42
0.0012,,5.0,1,,0,0,,10.0,1,,0,0,,0,0,,0,0,,0,0,,0,0,,0,0,,1.0,1,,0,0,,0,0,,0,0,,0,0,,0,0,,1.0,1,shadow_hand_kettle,42
0.0027,,5.0,1,,0,0,,10.0,1,,0,0,,0,0,,0,0,,0,0,,0,0,,0,0,,1.0,1,,0,0,,0,0,,0,0,,0,0,,0,0,,10.0,1,shadow_hand_kettle,42
0.0018,,5.0,1,,0,0,,10.0,1,,0,0,,0,0,,0,0,,0,0,,0,0,,0,0,,10.0,1,,0,0,,0,0,,0,0,,0,0,,0,0,,5.0,1,shadow_hand_kettle,42
0.0018,,5.0,1,,0,0,,10.0,1,,0,0,,0,0,,0,0,,0,0,,0,0,,0,0,,10.0,1,,0,0,,0,0,,0,0,,0,0,,0,0,,1.0,1,shadow_hand_kettle,42
0.0019,,5.0,1,,0,0,,10.0,1,,0,0,,0,0,,0,0,,0,0,,0,0,,0,0,,10.0,1,,0,0,,0,0,,0,0,,0,0,,0,0,,10.0,1,shadow_hand_kettle,42
0.006,,20.0,1,,0,0,,5.0,1,,0,0,,0,0,,0,0,,0,0,,0,0,,0,0,,5.0,1,,0,0,,0,0,,0,0,,0,0,,0,0,,5.0,1,shadow_hand_kettle,42
0.0004,,20.0,1,,0,0,,5.0,1,,0,0,,0,0,,0,0,,0,0,,0,0,,0,0,,5.0,1,,0,0,,0,0,,0,0,,0,0,,0,0,,1.0,1,shadow_hand_kettle,42
0.0005,,20.0,1,,0,0,,5.0,1,,0,0,,0,0,,0,0,,0,0,,0,0,,0,0,,5.0,1,,0,0,,0,0,,0,0,,0,0,,0,0,,10.0,1,shadow_hand_kettle,42
0.0029,,20.0,1,,0,0,,5.0,1,,0,0,,0,0,,0,0,,0,0,,0,0,,0,0,,1.0,1,,0,0,,0,0,,0,0,,0,0,,0,0,,5.0,1,shadow_hand_kettle,42
0.0067,,20.0,1,,0,0,,5.0,1,,0,0,,0,0,,0,0,,0,0,,0,0,,0,0,,1.0,1,,0,0,,0,0,,0,0,,0,0,,0,0,,1.0,1,shadow_hand_kettle,42
0.0073,,20.0,1,,0,0,,5.0,1,,0,0,,0,0,,0,0,,0,0,,0,0,,0,0,,1.0,1,,0,0,,0,0,,0,0,,0,0,,0,0,,10.0,1,shadow_hand_kettle,42
0.0021,,20.0,1,,0,0,,5.0,1,,0,0,,0,0,,0,0,,0,0,,0,0,,0,0,,10.0,1,,0,0,,0,0,,0,0,,0,0,,0,0,,5.0,1,shadow_hand_kettle,42
0.0179,,20.0,1,,0,0,,5.0,1,,0,0,,0,0,,0,0,,0,0,,0,0,,0,0,,10.0,1,,0,0,,0,0,,0,0,,0,0,,0,0,,1.0,1,shadow_hand_kettle,42
0.0207,,20.0,1,,0,0,,5.0,1,,0,0,,0,0,,0,0,,0,0,,0,0,,0,0,,10.0,1,,0,0,,0,0,,0,0,,0,0,,0,0,,10.0,1,shadow_hand_kettle,42
0.0024,,5.0,1,,0,0,,20.0,1,,0,0,,0,0,,0,0,,0,0,,0,0,,0,0,,5.0,1,,0,0,,0,0,,0,0,,0,0,,0,0,,5.0,1,shadow_hand_kettle,42
0.0026,,5.0,1,,0,0,,20.0,1,,0,0,,0,0,,0,0,,0,0,,0,0,,0,0,,5.0,1,,0,0,,0,0,,0,0,,0,0,,0,0,,1.0,1,shadow_hand_kettle,42
0.0027,,5.0,1,,0,0,,20.0,1,,0,0,,0,0,,0,0,,0,0,,0,0,,0,0,,5.0,1,,0,0,,0,0,,0,0,,0,0,,0,0,,10.0,1,shadow_hand_kettle,42
0.005,,5.0,1,,0,0,,20.0,1,,0,0,,0,0,,0,0,,0,0,,0,0,,0,0,,1.0,1,,0,0,,0,0,,0,0,,0,0,,0,0,,5.0,1,shadow_hand_kettle,42
0.0044,,5.0,1,,0,0,,20.0,1,,0,0,,0,0,,0,0,,0,0,,0,0,,0,0,,1.0,1,,0,0,,0,0,,0,0,,0,0,,0,0,,1.0,1,shadow_hand_kettle,42
0.0019,,5.0,1,,0,0,,20.0,1,,0,0,,0,0,,0,0,,0,0,,0,0,,0,0,,1.0,1,,0,0,,0,0,,0,0,,0,0,,0,0,,10.0,1,shadow_hand_kettle,42
0.0021,,5.0,1,,0,0,,20.0,1,,0,0,,0,0,,0,0,,0,0,,0,0,,0,0,,10.0,1,,0,0,,0,0,,0,0,,0,0,,0,0,,5.0,1,shadow_hand_kettle,42
0.0009,,5.0,1,,0,0,,20.0,1,,0,0,,0,0,,0,0,,0,0,,0,0,,0,0,,10.0,1,,0,0,,0,0,,0,0,,0,0,,0,0,,1.0,1,shadow_hand_kettle,42
0.0006,,5.0,1,,0,0,,20.0,1,,0,0,,0,0,,0,0,,0,0,,0,0,,0,0,,10.0,1,,0,0,,0,0,,0,0,,0,0,,0,0,,10.0,1,shadow_hand_kettle,42
0.9916,,0.1,1,,0,0,,0.1,1,,0,0,,0,0,,0,0,,0,0,,0,0,,0.1,1,,0,0,,0,0,,0,0,,0,0,,0,0,,0,0,,0.1,1,shadow_hand_kettle,42
0.0075,,0.1,1,,0,0,,0.1,1,,0,0,,0,0,,0,0,,0,0,,0,0,,0.1,1,,0,0,,0,0,,0,0,,0,0,,0,0,,0,0,,0.05,1,shadow_hand_kettle,42
0.1437,,0.1,1,,0,0,,0.1,1,,0,0,,0,0,,0,0,,0,0,,0,0,,0.1,1,,0,0,,0,0,,0,0,,0,0,,0,0,,0,0,,0.5,1,shadow_hand_kettle,42
0.0115,,0.1,1,,0,0,,0.1,1,,0,0,,0,0,,0,0,,0,0,,0,0,,0.05,1,,0,0,,0,0,,0,0,,0,0,,0,0,,0,0,,0.1,1,shadow_hand_kettle,42
0.0058,,0.1,1,,0,0,,0.1,1,,0,0,,0,0,,0,0,,0,0,,0,0,,0.05,1,,0,0,,0,0,,0,0,,0,0,,0,0,,0,0,,0.05,1,shadow_hand_kettle,42
0.0165,,0.1,1,,0,0,,0.1,1,,0,0,,0,0,,0,0,,0,0,,0,0,,0.05,1,,0,0,,0,0,,0,0,,0,0,,0,0,,0,0,,0.5,1,shadow_hand_kettle,42
0.6988,,0.1,1,,0,0,,0.1,1,,0,0,,0,0,,0,0,,0,0,,0,0,,0.5,1,,0,0,,0,0,,0,0,,0,0,,0,0,,0,0,,0.1,1,shadow_hand_kettle,42
0.0063,,0.1,1,,0,0,,0.1,1,,0,0,,0,0,,0,0,,0,0,,0,0,,0.5,1,,0,0,,0,0,,0,0,,0,0,,0,0,,0,0,,0.05,1,shadow_hand_kettle,42
0.0058,,0.1,1,,0,0,,0.1,1,,0,0,,0,0,,0,0,,0,0,,0,0,,0.5,1,,0,0,,0,0,,0,0,,0,0,,0,0,,0,0,,0.5,1,shadow_hand_kettle,42
0.0056,,0.05,1,,0,0,,0.1,1,,0,0,,0,0,,0,0,,0,0,,0,0,,0.1,1,,0,0,,0,0,,0,0,,0,0,,0,0,,0,0,,0.1,1,shadow_hand_kettle,42
0.9147,,0.05,1,,0,0,,0.1,1,,0,0,,0,0,,0,0,,0,0,,0,0,,0.1,1,,0,0,,0,0,,0,0,,0,0,,0,0,,0,0,,0.05,1,shadow_hand_kettle,42
0.1492,,0.05,1,,0,0,,0.1,1,,0,0,,0,0,,0,0,,0,0,,0,0,,0.1,1,,0,0,,0,0,,0,0,,0,0,,0,0,,0,0,,0.5,1,shadow_hand_kettle,42
0.0022,,0.05,1,,0,0,,0.1,1,,0,0,,0,0,,0,0,,0,0,,0,0,,0.05,1,,0,0,,0,0,,0,0,,0,0,,0,0,,0,0,,0.1,1,shadow_hand_kettle,42
0.0004,,0.05,1,,0,0,,0.1,1,,0,0,,0,0,,0,0,,0,0,,0,0,,0.05,1,,0,0,,0,0,,0,0,,0,0,,0,0,,0,0,,0.05,1,shadow_hand_kettle,42
0.0005,,0.05,1,,0,0,,0.1,1,,0,0,,0,0,,0,0,,0,0,,0,0,,0.05,1,,0,0,,0,0,,0,0,,0,0,,0,0,,0,0,,0.5,1,shadow_hand_kettle,42
0.7909,,0.05,1,,0,0,,0.1,1,,0,0,,0,0,,0,0,,0,0,,0,0,,0.5,1,,0,0,,0,0,,0,0,,0,0,,0,0,,0,0,,0.1,1,shadow_hand_kettle,42
0.4785,,0.05,1,,0,0,,0.1,1,,0,0,,0,0,,0,0,,0,0,,0,0,,0.5,1,,0,0,,0,0,,0,0,,0,0,,0,0,,0,0,,0.05,1,shadow_hand_kettle,42
0.0078,,0.05,1,,0,0,,0.1,1,,0,0,,0,0,,0,0,,0,0,,0,0,,0.5,1,,0,0,,0,0,,0,0,,0,0,,0,0,,0,0,,0.5,1,shadow_hand_kettle,42
0.9985,,0.5,1,,0,0,,0.05,1,,0,0,,0,0,,0,0,,0,0,,0,0,,0.1,1,,0,0,,0,0,,0,0,,0,0,,0,0,,0,0,,0.1,1,shadow_hand_kettle,42
0.9348,,0.5,1,,0,0,,0.05,1,,0,0,,0,0,,0,0,,0,0,,0,0,,0.1,1,,0,0,,0,0,,0,0,,0,0,,0,0,,0,0,,0.05,1,shadow_hand_kettle,42
0.8061,,0.5,1,,0,0,,0.05,1,,0,0,,0,0,,0,0,,0,0,,0,0,,0.1,1,,0,0,,0,0,,0,0,,0,0,,0,0,,0,0,,0.5,1,shadow_hand_kettle,42
0.011,,0.5,1,,0,0,,0.05,1,,0,0,,0,0,,0,0,,0,0,,0,0,,0.05,1,,0,0,,0,0,,0,0,,0,0,,0,0,,0,0,,0.1,1,shadow_hand_kettle,42
0.0108,,0.5,1,,0,0,,0.05,1,,0,0,,0,0,,0,0,,0,0,,0,0,,0.05,1,,0,0,,0,0,,0,0,,0,0,,0,0,,0,0,,0.05,1,shadow_hand_kettle,42
0.0018,,0.5,1,,0,0,,0.05,1,,0,0,,0,0,,0,0,,0,0,,0,0,,0.05,1,,0,0,,0,0,,0,0,,0,0,,0,0,,0,0,,0.5,1,shadow_hand_kettle,42
0.7293,,0.5,1,,0,0,,0.05,1,,0,0,,0,0,,0,0,,0,0,,0,0,,0.5,1,,0,0,,0,0,,0,0,,0,0,,0,0,,0,0,,0.1,1,shadow_hand_kettle,42
0.2627,,0.5,1,,0,0,,0.05,1,,0,0,,0,0,,0,0,,0,0,,0,0,,0.5,1,,0,0,,0,0,,0,0,,0,0,,0,0,,0,0,,0.05,1,shadow_hand_kettle,42
0.8714,,0.5,1,,0,0,,0.05,1,,0,0,,0,0,,0,0,,0,0,,0,0,,0.5,1,,0,0,,0,0,,0,0,,0,0,,0,0,,0,0,,0.5,1,shadow_hand_kettle,42
0.9621,,0.1,1,,0,0,,0.5,1,,0,0,,0,0,,0,0,,0,0,,0,0,,0.1,1,,0,0,,0,0,,0,0,,0,0,,0,0,,0,0,,0.1,1,shadow_hand_kettle,42
0.9736,,0.1,1,,0,0,,0.5,1,,0,0,,0,0,,0,0,,0,0,,0,0,,0.1,1,,0,0,,0,0,,0,0,,0,0,,0,0,,0,0,,0.05,1,shadow_hand_kettle,42
0.6219,,0.1,1,,0,0,,0.5,1,,0,0,,0,0,,0,0,,0,0,,0,0,,0.1,1,,0,0,,0,0,,0,0,,0,0,,0,0,,0,0,,0.5,1,shadow_hand_kettle,42
0.0019,,0.1,1,,0,0,,0.5,1,,0,0,,0,0,,0,0,,0,0,,0,0,,0.05,1,,0,0,,0,0,,0,0,,0,0,,0,0,,0,0,,0.1,1,shadow_hand_kettle,42
0.9655,,0.1,1,,0,0,,0.5,1,,0,0,,0,0,,0,0,,0,0,,0,0,,0.05,1,,0,0,,0,0,,0,0,,0,0,,0,0,,0,0,,0.05,1,shadow_hand_kettle,42
0.0123,,0.1,1,,0,0,,0.5,1,,0,0,,0,0,,0,0,,0,0,,0,0,,0.05,1,,0,0,,0,0,,0,0,,0,0,,0,0,,0,0,,0.5,1,shadow_hand_kettle,42
0.6576,,0.1,1,,0,0,,0.5,1,,0,0,,0,0,,0,0,,0,0,,0,0,,0.5,1,,0,0,,0,0,,0,0,,0,0,,0,0,,0,0,,0.1,1,shadow_hand_kettle,42
0.9293,,0.1,1,,0,0,,0.5,1,,0,0,,0,0,,0,0,,0,0,,0,0,,0.5,1,,0,0,,0,0,,0,0,,0,0,,0,0,,0,0,,0.05,1,shadow_hand_kettle,42
0.688,,0.1,1,,0,0,,0.5,1,,0,0,,0,0,,0,0,,0,0,,0,0,,0.5,1,,0,0,,0,0,,0,0,,0,0,,0,0,,0,0,,0.5,1,shadow_hand_kettle,42
0.0016,,0.1,1,,0,0,,0.1,1,,0,0,,0,0,,0,0,,0.1,1,,0,0,,0,0,,0.1,1,,0,0,,0,0,,0,0,,0.1,1,,0,0,,0,0,shadow_hand_kettle,42
0.0016,,0.1,1,,0,0,,0.1,1,,0,0,,0,0,,0,0,,0.05,1,,0,0,,0,0,,0.1,1,,0,0,,0,0,,0,0,,0.1,1,,0,0,,0,0,shadow_hand_kettle,42
0.0012,,0.1,1,,0,0,,0.1,1,,0,0,,0,0,,0,0,,0.1,1,,0,0,,0,0,,0.1,1,,0,0,,0,0,,0,0,,0.05,1,,0,0,,0,0,shadow_hand_kettle,42
0.0011,,0.1,1,,0,0,,0.1,1,,0,0,,0,0,,0,0,,0.05,1,,0,0,,0,0,,0.1,1,,0,0,,0,0,,0,0,,0.05,1,,0,0,,0,0,shadow_hand_kettle,42
0.0043,,0.1,1,,0,0,,0.1,1,,0,0,,0,0,,0,0,,0.1,1,,0,0,,0,0,,0.05,1,,0,0,,0,0,,0,0,,0.1,1,,0,0,,0,0,shadow_hand_kettle,42
0.003,,0.1,1,,0,0,,0.1,1,,0,0,,0,0,,0,0,,0.5,1,,0,0,,0,0,,0.05,1,,0,0,,0,0,,0,0,,0.1,1,,0,0,,0,0,shadow_hand_kettle,42
0.0035,,0.1,1,,0,0,,0.1,1,,0,0,,0,0,,0,0,,0.1,1,,0,0,,0,0,,0.05,1,,0,0,,0,0,,0,0,,0.5,1,,0,0,,0,0,shadow_hand_kettle,42
0.0035,,0.1,1,,0,0,,0.1,1,,0,0,,0,0,,0,0,,0.05,1,,0,0,,0,0,,0.05,1,,0,0,,0,0,,0,0,,0.5,1,,0,0,,0,0,shadow_hand_kettle,42
0.0005,,0.05,1,,0,0,,0.1,1,,0,0,,0,0,,0,0,,0.1,1,,0,0,,0,0,,0.1,1,,0,0,,0,0,,0,0,,0.1,1,,0,0,,0,0,shadow_hand_kettle,42
0.0033,,0.05,1,,0,0,,0.1,1,,0,0,,0,0,,0,0,,0.05,1,,0,0,,0,0,,0.1,1,,0,0,,0,0,,0,0,,0.1,1,,0,0,,0,0,shadow_hand_kettle,42
0.0036,,0.05,1,,0,0,,0.1,1,,0,0,,0,0,,0,0,,0.1,1,,0,0,,0,0,,0.1,1,,0,0,,0,0,,0,0,,0.05,1,,0,0,,0,0,shadow_hand_kettle,42
0.0022,,0.05,1,,0,0,,0.1,1,,0,0,,0,0,,0,0,,0.05,1,,0,0,,0,0,,0.1,1,,0,0,,0,0,,0,0,,0.05,1,,0,0,,0,0,shadow_hand_kettle,42
0.0005,,0.05,1,,0,0,,0.1,1,,0,0,,0,0,,0,0,,0.1,1,,0,0,,0,0,,0.05,1,,0,0,,0,0,,0,0,,0.1,1,,0,0,,0,0,shadow_hand_kettle,42
0.0,,0.05,1,,0,0,,0.1,1,,0,0,,0,0,,0,0,,0.5,1,,0,0,,0,0,,0.05,1,,0,0,,0,0,,0,0,,0.1,1,,0,0,,0,0,shadow_hand_kettle,42
0.004,,0.05,1,,0,0,,0.1,1,,0,0,,0,0,,0,0,,0.1,1,,0,0,,0,0,,0.05,1,,0,0,,0,0,,0,0,,0.5,1,,0,0,,0,0,shadow_hand_kettle,42
0.006,,0.05,1,,0,0,,0.1,1,,0,0,,0,0,,0,0,,0.05,1,,0,0,,0,0,,0.05,1,,0,0,,0,0,,0,0,,0.5,1,,0,0,,0,0,shadow_hand_kettle,42
0.0043,,0.5,1,,0,0,,0.05,1,,0,0,,0,0,,0,0,,0.1,1,,0,0,,0,0,,0.1,1,,0,0,,0,0,,0,0,,0.1,1,,0,0,,0,0,shadow_hand_kettle,42
0.0013,,0.5,1,,0,0,,0.05,1,,0,0,,0,0,,0,0,,0.05,1,,0,0,,0,0,,0.1,1,,0,0,,0,0,,0,0,,0.1,1,,0,0,,0,0,shadow_hand_kettle,42
0.0021,,0.5,1,,0,0,,0.05,1,,0,0,,0,0,,0,0,,0.1,1,,0,0,,0,0,,0.1,1,,0,0,,0,0,,0,0,,0.05,1,,0,0,,0,0,shadow_hand_kettle,42
0.0013,,0.5,1,,0,0,,0.05,1,,0,0,,0,0,,0,0,,0.05,1,,0,0,,0,0,,0.1,1,,0,0,,0,0,,0,0,,0.05,1,,0,0,,0,0,shadow_hand_kettle,42
0.0019,,0.5,1,,0,0,,0.05,1,,0,0,,0,0,,0,0,,0.1,1,,0,0,,0,0,,0.5,1,,0,0,,0,0,,0,0,,0.1,1,,0,0,,0,0,shadow_hand_kettle,42
0.0285,,0.5,1,,0,0,,0.05,1,,0,0,,0,0,,0,0,,0.5,1,,0,0,,0,0,,0.5,1,,0,0,,0,0,,0,0,,0.1,1,,0,0,,0,0,shadow_hand_kettle,42
0.0015,,0.5,1,,0,0,,0.05,1,,0,0,,0,0,,0,0,,0.1,1,,0,0,,0,0,,0.5,1,,0,0,,0,0,,0,0,,0.5,1,,0,0,,0,0,shadow_hand_kettle,42
0.0024,,0.5,1,,0,0,,0.05,1,,0,0,,0,0,,0,0,,0.05,1,,0,0,,0,0,,0.5,1,,0,0,,0,0,,0,0,,0.5,1,,0,0,,0,0,shadow_hand_kettle,42
0.0321,,0.1,1,,0,0,,0.5,1,,0,0,,0,0,,0,0,,0.1,1,,0,0,,0,0,,0.1,1,,0,0,,0,0,,0,0,,0.1,1,,0,0,,0,0,shadow_hand_kettle,42
0.0021,,0.1,1,,0,0,,0.5,1,,0,0,,0,0,,0,0,,0.05,1,,0,0,,0,0,,0.1,1,,0,0,,0,0,,0,0,,0.1,1,,0,0,,0,0,shadow_hand_kettle,42
0.0018,,0.1,1,,0,0,,0.5,1,,0,0,,0,0,,0,0,,0.1,1,,0,0,,0,0,,0.1,1,,0,0,,0,0,,0,0,,0.05,1,,0,0,,0,0,shadow_hand_kettle,42
0.0032,,0.1,1,,0,0,,0.5,1,,0,0,,0,0,,0,0,,0.05,1,,0,0,,0,0,,0.1,1,,0,0,,0,0,,0,0,,0.05,1,,0,0,,0,0,shadow_hand_kettle,42
0.0007,,0.1,1,,0,0,,0.5,1,,0,0,,0,0,,0,0,,0.1,1,,0,0,,0,0,,0.5,1,,0,0,,0,0,,0,0,,0.1,1,,0,0,,0,0,shadow_hand_kettle,42
0.0029,,0.1,1,,0,0,,0.5,1,,0,0,,0,0,,0,0,,0.5,1,,0,0,,0,0,,0.5,1,,0,0,,0,0,,0,0,,0.1,1,,0,0,,0,0,shadow_hand_kettle,42
0.0029,,0.1,1,,0,0,,0.5,1,,0,0,,0,0,,0,0,,0.1,1,,0,0,,0,0,,0.5,1,,0,0,,0,0,,0,0,,0.5,1,,0,0,,0,0,shadow_hand_kettle,42
0.002,,0.1,1,,0,0,,0.5,1,,0,0,,0,0,,0,0,,0.05,1,,0,0,,0,0,,0.5,1,,0,0,,0,0,,0,0,,0.5,1,,0,0,,0,0,shadow_hand_kettle,42
0.0015,,0,0,,0,0,,0,0,,0,0,,0,0,,0,0,,1.0,1,,0,0,,0,0,,0,0,,0.5,1,,0,0,,1.0,1,,0,0,,0,0,,0,0,shadow_hand_kettle,42
0.752,,0,0,,0,0,,0,0,,0,0,,0,0,,0,0,,1.0,1,,0,0,,0,0,,0,0,,5.0,1,,0,0,,1.0,1,,0,0,,0,0,,0,0,shadow_hand_kettle,42
0.0053,,0,0,,0,0,,0,0,,0,0,,0,0,,0,0,,0.5,1,,0,0,,0,0,,0,0,,1.0,1,,0,0,,1.0,1,,0,0,,0,0,,0,0,shadow_hand_kettle,42
0.0127,,0,0,,0,0,,0,0,,0,0,,0,0,,0,0,,0.5,1,,0,0,,0,0,,0,0,,0.5,1,,0,0,,1.0,1,,0,0,,0,0,,0,0,shadow_hand_kettle,42
0.0,,0,0,,0,0,,0,0,,0,0,,0,0,,0,0,,5.0,1,,0,0,,0,0,,0,0,,1.0,1,,0,0,,1.0,1,,0,0,,0,0,,0,0,shadow_hand_kettle,42
0.003,,0,0,,0,0,,0,0,,0,0,,0,0,,0,0,,5.0,1,,0,0,,0,0,,0,0,,5.0,1,,0,0,,1.0,1,,0,0,,0,0,,0,0,shadow_hand_kettle,42
0.0,,0,0,,0,0,,0,0,,0,0,,0,0,,0,0,,1.0,1,,0,0,,0,0,,0,0,,1.0,1,,0,0,,0.5,1,,0,0,,0,0,,0,0,shadow_hand_kettle,42
0.028,,0,0,,0,0,,0,0,,0,0,,0,0,,0,0,,1.0,1,,0,0,,0,0,,0,0,,0.5,1,,0,0,,0.5,1,,0,0,,0,0,,0,0,shadow_hand_kettle,42
0.8701,,0,0,,0,0,,0,0,,0,0,,0,0,,0,0,,1.0,1,,0,0,,0,0,,0,0,,5.0,1,,0,0,,0.5,1,,0,0,,0,0,,0,0,shadow_hand_kettle,42
0.0682,,0,0,,0,0,,0,0,,0,0,,0,0,,0,0,,0.5,1,,0,0,,0,0,,0,0,,0.5,1,,0,0,,0.5,1,,0,0,,0,0,,0,0,shadow_hand_kettle,42
0.0029,,0,0,,0,0,,0,0,,0,0,,0,0,,0,0,,0.5,1,,0,0,,0,0,,0,0,,5.0,1,,0,0,,0.5,1,,0,0,,0,0,,0,0,shadow_hand_kettle,42
0.0,,0,0,,0,0,,0,0,,0,0,,0,0,,0,0,,5.0,1,,0,0,,0,0,,0,0,,1.0,1,,0,0,,0.5,1,,0,0,,0,0,,0,0,shadow_hand_kettle,42
0.0027,,0,0,,0,0,,0,0,,0,0,,0,0,,0,0,,5.0,1,,0,0,,0,0,,0,0,,0.5,1,,0,0,,0.5,1,,0,0,,0,0,,0,0,shadow_hand_kettle,42
0.0,,0,0,,0,0,,0,0,,0,0,,0,0,,0,0,,1.0,1,,0,0,,0,0,,0,0,,1.0,1,,0,0,,5.0,1,,0,0,,0,0,,0,0,shadow_hand_kettle,42
0.0,,0,0,,0,0,,0,0,,0,0,,0,0,,0,0,,1.0,1,,0,0,,0,0,,0,0,,0.5,1,,0,0,,5.0,1,,0,0,,0,0,,0,0,shadow_hand_kettle,42
0.0044,,0,0,,0,0,,0,0,,0,0,,0,0,,0,0,,1.0,1,,0,0,,0,0,,0,0,,5.0,1,,0,0,,5.0,1,,0,0,,0,0,,0,0,shadow_hand_kettle,42
0.002,,0,0,,0,0,,0,0,,0,0,,0,0,,0,0,,0.5,1,,0,0,,0,0,,0,0,,1.0,1,,0,0,,5.0,1,,0,0,,0,0,,0,0,shadow_hand_kettle,42
0.0005,,0,0,,0,0,,0,0,,0,0,,0,0,,0,0,,0.5,1,,0,0,,0,0,,0,0,,0.5,1,,0,0,,5.0,1,,0,0,,0,0,,0,0,shadow_hand_kettle,42
0.2074,,0,0,,0,0,,0,0,,0,0,,0,0,,0,0,,0.5,1,,0,0,,0,0,,0,0,,5.0,1,,0,0,,5.0,1,,0,0,,0,0,,0,0,shadow_hand_kettle,42
0.0,,0,0,,0,0,,0,0,,0,0,,0,0,,0,0,,5.0,1,,0,0,,0,0,,0,0,,1.0,1,,0,0,,5.0,1,,0,0,,0,0,,0,0,shadow_hand_kettle,42
0.0039,,0,0,,1.0,1,,0,0,,1.0,1,,1.0,1,,0,0,,0,0,,1.0,1,,0,0,,0,0,,0,0,,0,0,,0,0,,0,0,,0,0,,0,0,shadow_hand_kettle,42
0.0024,,0,0,,1.0,1,,0,0,,1.0,1,,1.0,1,,0,0,,0,0,,0.5,1,,0,0,,0,0,,0,0,,0,0,,0,0,,0,0,,0,0,,0,0,shadow_hand_kettle,42
0.006,,0,0,,1.0,1,,0,0,,1.0,1,,1.0,1,,0,0,,0,0,,5.0,1,,0,0,,0,0,,0,0,,0,0,,0,0,,0,0,,0,0,,0,0,shadow_hand_kettle,42
0.0015,,0,0,,1.0,1,,0,0,,1.0,1,,0.5,1,,0,0,,0,0,,1.0,1,,0,0,,0,0,,0,0,,0,0,,0,0,,0,0,,0,0,,0,0,shadow_hand_kettle,42
0.0024,,0,0,,1.0,1,,0,0,,1.0,1,,0.5,1,,0,0,,0,0,,0.5,1,,0,0,,0,0,,0,0,,0,0,,0,0,,0,0,,0,0,,0,0,shadow_hand_kettle,42
0.0022,,0,0,,1.0,1,,0,0,,1.0,1,,0.5,1,,0,0,,0,0,,5.0,1,,0,0,,0,0,,0,0,,0,0,,0,0,,0,0,,0,0,,0,0,shadow_hand_kettle,42
0.0045,,0,0,,1.0,1,,0,0,,1.0,1,,5.0,1,,0,0,,0,0,,1.0,1,,0,0,,0,0,,0,0,,0,0,,0,0,,0,0,,0,0,,0,0,shadow_hand_kettle,42
0.002,,0,0,,1.0,1,,0,0,,1.0,1,,5.0,1,,0,0,,0,0,,0.5,1,,0,0,,0,0,,0,0,,0,0,,0,0,,0,0,,0,0,,0,0,shadow_hand_kettle,42
0.0015,,0,0,,1.0,1,,0,0,,1.0,1,,5.0,1,,0,0,,0,0,,5.0,1,,0,0,,0,0,,0,0,,0,0,,0,0,,0,0,,0,0,,0,0,shadow_hand_kettle,42
0.0023,,0,0,,0.5,1,,0,0,,1.0,1,,1.0,1,,0,0,,0,0,,1.0,1,,0,0,,0,0,,0,0,,0,0,,0,0,,0,0,,0,0,,0,0,shadow_hand_kettle,42
0.0045,,0,0,,0.5,1,,0,0,,1.0,1,,1.0,1,,0,0,,0,0,,0.5,1,,0,0,,0,0,,0,0,,0,0,,0,0,,0,0,,0,0,,0,0,shadow_hand_kettle,42
0.0032,,0,0,,0.5,1,,0,0,,1.0,1,,1.0,1,,0,0,,0,0,,5.0,1,,0,0,,0,0,,0,0,,0,0,,0,0,,0,0,,0,0,,0,0,shadow_hand_kettle,42
0.0031,,0,0,,0.5,1,,0,0,,1.0,1,,0.5,1,,0,0,,0,0,,1.0,1,,0,0,,0,0,,0,0,,0,0,,0,0,,0,0,,0,0,,0,0,shadow_hand_kettle,42
0.0017,,0,0,,0.5,1,,0,0,,1.0,1,,0.5,1,,0,0,,0,0,,0.5,1,,0,0,,0,0,,0,0,,0,0,,0,0,,0,0,,0,0,,0,0,shadow_hand_kettle,42
0.0032,,0,0,,0.5,1,,0,0,,1.0,1,,0.5,1,,0,0,,0,0,,5.0,1,,0,0,,0,0,,0,0,,0,0,,0,0,,0,0,,0,0,,0,0,shadow_hand_kettle,42
0.0029,,0,0,,0.5,1,,0,0,,1.0,1,,5.0,1,,0,0,,0,0,,1.0,1,,0,0,,0,0,,0,0,,0,0,,0,0,,0,0,,0,0,,0,0,shadow_hand_kettle,42
0.0029,,0,0,,0.5,1,,0,0,,1.0,1,,5.0,1,,0,0,,0,0,,0.5,1,,0,0,,0,0,,0,0,,0,0,,0,0,,0,0,,0,0,,0,0,shadow_hand_kettle,42
0.0025,,0,0,,0.5,1,,0,0,,1.0,1,,5.0,1,,0,0,,0,0,,5.0,1,,0,0,,0,0,,0,0,,0,0,,0,0,,0,0,,0,0,,0,0,shadow_hand_kettle,42
0.0029,,0,0,,5.0,1,,0,0,,0.5,1,,1.0,1,,0,0,,0,0,,1.0,1,,0,0,,0,0,,0,0,,0,0,,0,0,,0,0,,0,0,,0,0,shadow_hand_kettle,42
0.0033,,0,0,,5.0,1,,0,0,,0.5,1,,1.0,1,,0,0,,0,0,,0.5,1,,0,0,,0,0,,0,0,,0,0,,0,0,,0,0,,0,0,,0,0,shadow_hand_kettle,42
0.0027,,0,0,,5.0,1,,0,0,,0.5,1,,1.0,1,,0,0,,0,0,,5.0,1,,0,0,,0,0,,0,0,,0,0,,0,0,,0,0,,0,0,,0,0,shadow_hand_kettle,42
0.0026,,0,0,,5.0,1,,0,0,,0.5,1,,0.5,1,,0,0,,0,0,,1.0,1,,0,0,,0,0,,0,0,,0,0,,0,0,,0,0,,0,0,,0,0,shadow_hand_kettle,42
0.0013,,0,0,,5.0,1,,0,0,,0.5,1,,0.5,1,,0,0,,0,0,,0.5,1,,0,0,,0,0,,0,0,,0,0,,0,0,,0,0,,0,0,,0,0,shadow_hand_kettle,42
0.0014,,0,0,,5.0,1,,0,0,,0.5,1,,0.5,1,,0,0,,0,0,,5.0,1,,0,0,,0,0,,0,0,,0,0,,0,0,,0,0,,0,0,,0,0,shadow_hand_kettle,42
0.0029,,0,0,,5.0,1,,0,0,,0.5,1,,5.0,1,,0,0,,0,0,,1.0,1,,0,0,,0,0,,0,0,,0,0,,0,0,,0,0,,0,0,,0,0,shadow_hand_kettle,42
0.0018,,0,0,,5.0,1,,0,0,,0.5,1,,5.0,1,,0,0,,0,0,,0.5,1,,0,0,,0,0,,0,0,,0,0,,0,0,,0,0,,0,0,,0,0,shadow_hand_kettle,42
0.0049,,0,0,,5.0,1,,0,0,,0.5,1,,5.0,1,,0,0,,0,0,,5.0,1,,0,0,,0,0,,0,0,,0,0,,0,0,,0,0,,0,0,,0,0,shadow_hand_kettle,42
0.0027,,0,0,,1.0,1,,0,0,,5.0,1,,1.0,1,,0,0,,0,0,,1.0,1,,0,0,,0,0,,0,0,,0,0,,0,0,,0,0,,0,0,,0,0,shadow_hand_kettle,42
0.0034,,0,0,,1.0,1,,0,0,,5.0,1,,1.0,1,,0,0,,0,0,,0.5,1,,0,0,,0,0,,0,0,,0,0,,0,0,,0,0,,0,0,,0,0,shadow_hand_kettle,42
0.0098,,0,0,,1.0,1,,0,0,,5.0,1,,1.0,1,,0,0,,0,0,,5.0,1,,0,0,,0,0,,0,0,,0,0,,0,0,,0,0,,0,0,,0,0,shadow_hand_kettle,42
0.0016,,0,0,,1.0,1,,0,0,,5.0,1,,0.5,1,,0,0,,0,0,,1.0,1,,0,0,,0,0,,0,0,,0,0,,0,0,,0,0,,0,0,,0,0,shadow_hand_kettle,42
0.0145,,0,0,,1.0,1,,0,0,,5.0,1,,0.5,1,,0,0,,0,0,,0.5,1,,0,0,,0,0,,0,0,,0,0,,0,0,,0,0,,0,0,,0,0,shadow_hand_kettle,42
0.0023,,0,0,,1.0,1,,0,0,,5.0,1,,0.5,1,,0,0,,0,0,,5.0,1,,0,0,,0,0,,0,0,,0,0,,0,0,,0,0,,0,0,,0,0,shadow_hand_kettle,42
0.0037,,0,0,,1.0,1,,0,0,,5.0,1,,5.0,1,,0,0,,0,0,,1.0,1,,0,0,,0,0,,0,0,,0,0,,0,0,,0,0,,0,0,,0,0,shadow_hand_kettle,42
0.0018,,0,0,,1.0,1,,0,0,,5.0,1,,5.0,1,,0,0,,0,0,,0.5,1,,0,0,,0,0,,0,0,,0,0,,0,0,,0,0,,0,0,,0,0,shadow_hand_kettle,42
0.005,,0,0,,1.0,1,,0,0,,5.0,1,,5.0,1,,0,0,,0,0,,5.0,1,,0,0,,0,0,,0,0,,0,0,,0,0,,0,0,,0,0,,0,0,shadow_hand_kettle,42
