score,r_approach_reward,w_approach_reward,active_approach_reward,r_close_reward,w_close_reward,active_close_reward,r_grasp_reward,w_grasp_reward,active_grasp_reward,r_move_bonus,w_move_bonus,active_move_bonus,r_move_reward,w_move_reward,active_move_reward,r_movement_penalty,w_movement_penalty,active_movement_penalty,r_object_angle_reward,w_object_angle_reward,active_object_angle_reward,r_object_velocity_reward,w_object_velocity_reward,active_object_velocity_reward,r_open_reward,w_open_reward,active_open_reward,r_progress_reward,w_progress_reward,active_progress_reward,r_stability_reward,w_stability_reward,active_stability_reward,r_success_bonus,w_success_bonus,active_success_bonus,r_success_reward,w_success_reward,active_success_reward,r_velocity_penalty,w_velocity_penalty,active_velocity_penalty,r_velocity_reward,w_velocity_reward,active_velocity_reward,env_id,seed
0.2672,,5.0,1,,0,0,,10.0,1,,0,0,,0,0,,0,0,,0,0,,0,0,,0,0,,2.0,1,,0,0,,1.0,1,,0,0,,0,0,,0.5,1,shadow_hand_door_open_outward,42
0.0005,,5.0,1,,0,0,,10.0,1,,0,0,,0,0,,0,0,,0,0,,0,0,,0,0,,2.0,1,,0,0,,0.5,1,,0,0,,0,0,,0.5,1,shadow_hand_door_open_outward,42
0.0,,5.0,1,,0,0,,10.0,1,,0,0,,0,0,,0,0,,0,0,,0,0,,0,0,,2.0,1,,0,0,,5.0,1,,0,0,,0,0,,0.5,1,shadow_hand_door_open_outward,42
0.9966,,5.0,1,,0,0,,10.0,1,,0,0,,0,0,,0,0,,0,0,,0,0,,0,0,,2.0,1,,0,0,,1.0,1,,0,0,,0,0,,0.1,1,shadow_hand_door_open_outward,42
0.9834,,5.0,1,,0,0,,10.0,1,,0,0,,0,0,,0,0,,0,0,,0,0,,0,0,,2.0,1,,0,0,,0.5,1,,0,0,,0,0,,0.1,1,shadow_hand_door_open_outward,42
0.9441,,5.0,1,,0,0,,10.0,1,,0,0,,0,0,,0,0,,0,0,,0,0,,0,0,,2.0,1,,0,0,,5.0,1,,0,0,,0,0,,0.1,1,shadow_hand_door_open_outward,42
0.9852,,5.0,1,,0,0,,10.0,1,,0,0,,0,0,,0,0,,0,0,,0,0,,0,0,,2.0,1,,0,0,,1.0,1,,0,0,,0,0,,1.0,1,shadow_hand_door_open_outward,42
0.0903,,5.0,1,,0,0,,10.0,1,,0,0,,0,0,,0,0,,0,0,,0,0,,0,0,,2.0,1,,0,0,,0.5,1,,0,0,,0,0,,1.0,1,shadow_hand_door_open_outward,42
0.8611,,5.0,1,,0,0,,10.0,1,,0,0,,0,0,,0,0,,0,0,,0,0,,0,0,,2.0,1,,0,0,,5.0,1,,0,0,,0,0,,1.0,1,shadow_hand_door_open_outward,42
0.6337,,1.0,1,,0,0,,5.0,1,,0,0,,0,0,,0,0,,0,0,,0,0,,0,0,,2.0,1,,0,0,,1.0,1,,0,0,,0,0,,0.5,1,shadow_hand_door_open_outward,42
0.8865,,1.0,1,,0,0,,5.0,1,,0,0,,0,0,,0,0,,0,0,,0,0,,0,0,,2.0,1,,0,0,,0.5,1,,0,0,,0,0,,0.5,1,shadow_hand_door_open_outward,42
0.2718,,1.0,1,,0,0,,5.0,1,,0,0,,0,0,,0,0,,0,0,,0,0,,0,0,,2.0,1,,0,0,,5.0,1,,0,0,,0,0,,0.5,1,shadow_hand_door_open_outward,42
0.7416,,1.0,1,,0,0,,5.0,1,,0,0,,0,0,,0,0,,0,0,,0,0,,0,0,,2.0,1,,0,0,,1.0,1,,0,0,,0,0,,0.1,1,shadow_hand_door_open_outward,42
0.9854,,1.0,1,,0,0,,5.0,1,,0,0,,0,0,,0,0,,0,0,,0,0,,0,0,,2.0,1,,0,0,,0.5,1,,0,0,,0,0,,0.1,1,shadow_hand_door_open_outward,42
0.5118,,1.0,1,,0,0,,5.0,1,,0,0,,0,0,,0,0,,0,0,,0,0,,0,0,,2.0,1,,0,0,,5.0,1,,0,0,,0,0,,0.1,1,shadow_hand_door_open_outward,42
0.9689,,1.0,1,,0,0,,5.0,1,,0,0,,0,0,,0,0,,0,0,,0,0,,0,0,,2.0,1,,0,0,,1.0,1,,0,0,,0,0,,1.0,1,shadow_hand_door_open_outward,42
0.9521,,1.0,1,,0,0,,5.0,1,,0,0,,0,0,,0,0,,0,0,,0,0,,0,0,,2.0,1,,0,0,,0.5,1,,0,0,,0,0,,1.0,1,shadow_hand_door_open_outward,42
0.9161,,1.0,1,,0,0,,5.0,1,,0,0,,0,0,,0,0,,0,0,,0,0,,0,0,,2.0,1,,0,0,,5.0,1,,0,0,,0,0,,1.0,1,shadow_hand_door_open_outward,42
0.9328,,10.0,1,,0,0,,20.0,1,,0,0,,0,0,,0,0,,0,0,,0,0,,0,0,,1.0,1,,0,0,,1.0,1,,0,0,,0,0,,0.5,1,shadow_hand_door_open_outward,42
0.4638,,10.0,1,,0,0,,20.0,1,,0,0,,0,0,,0,0,,0,0,,0,0,,0,0,,1.0,1,,0,0,,0.5,1,,0,0,,0,0,,0.5,1,shadow_hand_door_open_outward,42
0.9258,,10.0,1,,0,0,,20.0,1,,0,0,,0,0,,0,0,,0,0,,0,0,,0,0,,1.0,1,,0,0,,5.0,1,,0,0,,0,0,,0.5,1,shadow_hand_door_open_outward,42
0.797,,10.0,1,,0,0,,20.0,1,,0,0,,0,0,,0,0,,0,0,,0,0,,0,0,,1.0,1,,0,0,,1.0,1,,0,0,,0,0,,0.1,1,shadow_hand_door_open_outward,42
0.4155,,10.0,1,,0,0,,20.0,1,,0,0,,0,0,,0,0,,0,0,,0,0,,0,0,,1.0,1,,0,0,,0.5,1,,0,0,,0,0,,0.1,1,shadow_hand_door_open_outward,42
0.9403,,10.0,1,,0,0,,20.0,1,,0,0,,0,0,,0,0,,0,0,,0,0,,0,0,,1.0,1,,0,0,,5.0,1,,0,0,,0,0,,0.1,1,shadow_hand_door_open_outward,42
0.8787,,10.0,1,,0,0,,20.0,1,,0,0,,0,0,,0,0,,0,0,,0,0,,0,0,,1.0,1,,0,0,,1.0,1,,0,0,,0,0,,1.0,1,shadow_hand_door_open_outward,42
0.748,,10.0,1,,0,0,,20.0,1,,0,0,,0,0,,0,0,,0,0,,0,0,,0,0,,1.0,1,,0,0,,0.5,1,,0,0,,0,0,,1.0,1,shadow_hand_door_open_outward,42
0.3602,,10.0,1,,0,0,,20.0,1,,0,0,,0,0,,0,0,,0,0,,0,0,,0,0,,1.0,1,,0,0,,5.0,1,,0,0,,0,0,,1.0,1,shadow_hand_door_open_outward,42
0.5727,,10.0,1,,0,0,,20.0,1,,0,0,,0,0,,0,0,,0,0,,0,0,,0,0,,5.0,1,,0,0,,1.0,1,,0,0,,0,0,,0.5,1,shadow_hand_door_open_outward,42
0.411,,10.0,1,,0,0,,20.0,1,,0,0,,0,0,,0,0,,0,0,,0,0,,0,0,,5.0,1,,0,0,,0.5,1,,0,0,,0,0,,0.5,1,shadow_hand_door_open_outward,42
0.1811,,10.0,1,,0,0,,20.0,1,,0,0,,0,0,,0,0,,0,0,,0,0,,0,0,,5.0,1,,0,0,,5.0,1,,0,0,,0,0,,0.5,1,shadow_hand_door_open_outward,42
0.0057,,10.0,1,,0,0,,20.0,1,,0,0,,0,0,,0,0,,0,0,,0,0,,0,0,,5.0,1,,0,0,,1.0,1,,0,0,,0,0,,0.1,1,shadow_hand_door_open_outward,42
0.8427,,10.0,1,,0,0,,20.0,1,,0,0,,0,0,,0,0,,0,0,,0,0,,0,0,,5.0,1,,0,0,,0.5,1,,0,0,,0,0,,0.1,1,shadow_hand_door_open_outward,42
0.9754,,10.0,1,,0,0,,20.0,1,,0,0,,0,0,,0,0,,0,0,,0,0,,0,0,,5.0,1,,0,0,,5.0,1,,0,0,,0,0,,0.1,1,shadow_hand_door_open_outward,42
0.0035,,10.0,1,,0,0,,20.0,1,,0,0,,0,0,,0,0,,0,0,,0,0,,0,0,,5.0,1,,0,0,,1.0,1,,0,0,,0,0,,1.0,1,shadow_hand_door_open_outward,42
0.5262,,10.0,1,,0,0,,20.0,1,,0,0,,0,0,,0,0,,0,0,,0,0,,0,0,,5.0,1,,0,0,,0.5,1,,0,0,,0,0,,1.0,1,shadow_hand_door_open_outward,42
0.9976,,10.0,1,,0,0,,20.0,1,,0,0,,0,0,,0,0,,0,0,,0,0,,0,0,,5.0,1,,0,0,,5.0,1,,0,0,,0,0,,1.0,1,shadow_hand_door_open_outward,42
0.9123,,8.0,1,,0,0,,15.0,1,,0,0,,0,0,,0,0,,0,0,,0,0,,0,0,,5.0,1,,0,0,,1.0,1,,0,0,,0,0,,2.0,1,shadow_hand_door_open_outward,42
0.7158,,8.0,1,,0,0,,15.0,1,,0,0,,0,0,,0,0,,0,0,,0,0,,0,0,,5.0,1,,0,0,,0.5,1,,0,0,,0,0,,2.0,1,shadow_hand_door_open_outward,42
0.3522,,8.0,1,,0,0,,15.0,1,,0,0,,0,0,,0,0,,0,0,,0,0,,0,0,,5.0,1,,0,0,,5.0,1,,0,0,,0,0,,2.0,1,shadow_hand_door_open_outward,42
0.0005,,8.0,1,,0,0,,15.0,1,,0,0,,0,0,,0,0,,0,0,,0,0,,0,0,,5.0,1,,0,0,,1.0,1,,0,0,,0,0,,1.0,1,shadow_hand_door_open_outward,42
0.0039,,8.0,1,,0,0,,15.0,1,,0,0,,0,0,,0,0,,0,0,,0,0,,0,0,,5.0,1,,0,0,,0.5,1,,0,0,,0,0,,1.0,1,shadow_hand_door_open_outward,42
0.7862,,8.0,1,,0,0,,15.0,1,,0,0,,0,0,,0,0,,0,0,,0,0,,0,0,,5.0,1,,0,0,,5.0,1,,0,0,,0,0,,1.0,1,shadow_hand_door_open_outward,42
0.9331,,8.0,1,,0,0,,15.0,1,,0,0,,0,0,,0,0,,0,0,,0,0,,0,0,,5.0,1,,0,0,,1.0,1,,0,0,,0,0,,10.0,1,shadow_hand_door_open_outward,42
0.4629,,8.0,1,,0,0,,15.0,1,,0,0,,0,0,,0,0,,0,0,,0,0,,0,0,,5.0,1,,0,0,,0.5,1,,0,0,,0,0,,10.0,1,shadow_hand_door_open_outward,42
0.9946,,8.0,1,,0,0,,15.0,1,,0,0,,0,0,,0,0,,0,0,,0,0,,0,0,,5.0,1,,0,0,,5.0,1,,0,0,,0,0,,10.0,1,shadow_hand_door_open_outward,42
0.3969,,1.0,1,,0,0,,15.0,1,,0,0,,0,0,,0,0,,0,0,,0,0,,0,0,,5.0,1,,0,0,,1.0,1,,0,0,,0,0,,2.0,1,shadow_hand_door_open_outward,42
0.8348,,1.0,1,,0,0,,15.0,1,,0,0,,0,0,,0,0,,0,0,,0,0,,0,0,,5.0,1,,0,0,,0.5,1,,0,0,,0,0,,2.0,1,shadow_hand_door_open_outward,42
0.9408,,1.0,1,,0,0,,15.0,1,,0,0,,0,0,,0,0,,0,0,,0,0,,0,0,,5.0,1,,0,0,,5.0,1,,0,0,,0,0,,2.0,1,shadow_hand_door_open_outward,42
0.8382,,1.0,1,,0,0,,15.0,1,,0,0,,0,0,,0,0,,0,0,,0,0,,0,0,,5.0,1,,0,0,,1.0,1,,0,0,,0,0,,1.0,1,shadow_hand_door_open_outward,42
0.9983,,1.0,1,,0,0,,15.0,1,,0,0,,0,0,,0,0,,0,0,,0,0,,0,0,,5.0,1,,0,0,,0.5,1,,0,0,,0,0,,1.0,1,shadow_hand_door_open_outward,42
0.9519,,1.0,1,,0,0,,15.0,1,,0,0,,0,0,,0,0,,0,0,,0,0,,0,0,,5.0,1,,0,0,,5.0,1,,0,0,,0,0,,1.0,1,shadow_hand_door_open_outward,42
0.9615,,1.0,1,,0,0,,15.0,1,,0,0,,0,0,,0,0,,0,0,,0,0,,0,0,,5.0,1,,0,0,,1.0,1,,0,0,,0,0,,10.0,1,shadow_hand_door_open_outward,42
0.151,,1.0,1,,0,0,,15.0,1,,0,0,,0,0,,0,0,,0,0,,0,0,,0,0,,5.0,1,,0,0,,0.5,1,,0,0,,0,0,,10.0,1,shadow_hand_door_open_outward,42
0.0,,1.0,1,,0,0,,15.0,1,,0,0,,0,0,,0,0,,0,0,,0,0,,0,0,,5.0,1,,0,0,,5.0,1,,0,0,,0,0,,10.0,1,shadow_hand_door_open_outward,42
0.297,,10.0,1,,0,0,,5.0,1,,0,0,,0,0,,0,0,,0,0,,0,0,,0,0,,1.0,1,,0,0,,1.0,1,,0,0,,0,0,,2.0,1,shadow_hand_door_open_outward,42
0.8806,,10.0,1,,0,0,,5.0,1,,0,0,,0,0,,0,0,,0,0,,0,0,,0,0,,1.0,1,,0,0,,0.5,1,,0,0,,0,0,,2.0,1,shadow_hand_door_open_outward,42
0.9936,,10.0,1,,0,0,,5.0,1,,0,0,,0,0,,0,0,,0,0,,0,0,,0,0,,1.0,1,,0,0,,5.0,1,,0,0,,0,0,,2.0,1,shadow_hand_door_open_outward,42
0.2937,,10.0,1,,0,0,,5.0,1,,0,0,,0,0,,0,0,,0,0,,0,0,,0,0,,1.0,1,,0,0,,1.0,1,,0,0,,0,0,,1.0,1,shadow_hand_door_open_outward,42
0.001,,10.0,1,,0,0,,5.0,1,,0,0,,0,0,,0,0,,0,0,,0,0,,0,0,,1.0,1,,0,0,,0.5,1,,0,0,,0,0,,1.0,1,shadow_hand_door_open_outward,42
0.9976,,10.0,1,,0,0,,5.0,1,,0,0,,0,0,,0,0,,0,0,,0,0,,0,0,,1.0,1,,0,0,,5.0,1,,0,0,,0,0,,1.0,1,shadow_hand_door_open_outward,42
0.6027,,10.0,1,,0,0,,5.0,1,,0,0,,0,0,,0,0,,0,0,,0,0,,0,0,,1.0,1,,0,0,,1.0,1,,0,0,,0,0,,10.0,1,shadow_hand_door_open_outward,42
0.0723,,10.0,1,,0,0,,5.0,1,,0,0,,0,0,,0,0,,0,0,,0,0,,0,0,,1.0,1,,0,0,,0.5,1,,0,0,,0,0,,10.0,1,shadow_hand_door_open_outward,42
0.9391,,10.0,1,,0,0,,5.0,1,,0,0,,0,0,,0,0,,0,0,,0,0,,0,0,,1.0,1,,0,0,,5.0,1,,0,0,,0,0,,10.0,1,shadow_hand_door_open_outward,42
0.9575,,8.0,1,,0,0,,30.0,1,,0,0,,0,0,,0,0,,0,0,,0,0,,0,0,,10.0,1,,0,0,,1.0,1,,0,0,,0,0,,2.0,1,shadow_hand_door_open_outward,42
0.9412,,8.0,1,,0,0,,30.0,1,,0,0,,0,0,,0,0,,0,0,,0,0,,0,0,,10.0,1,,0,0,,0.5,1,,0,0,,0,0,,2.0,1,shadow_hand_door_open_outward,42
0.9881,,8.0,1,,0,0,,30.0,1,,0,0,,0,0,,0,0,,0,0,,0,0,,0,0,,10.0,1,,0,0,,5.0,1,,0,0,,0,0,,2.0,1,shadow_hand_door_open_outward,42
0.6852,,8.0,1,,0,0,,30.0,1,,0,0,,0,0,,0,0,,0,0,,0,0,,0,0,,10.0,1,,0,0,,1.0,1,,0,0,,0,0,,1.0,1,shadow_hand_door_open_outward,42
0.109,,8.0,1,,0,0,,30.0,1,,0,0,,0,0,,0,0,,0,0,,0,0,,0,0,,10.0,1,,0,0,,0.5,1,,0,0,,0,0,,1.0,1,shadow_hand_door_open_outward,42
0.0015,,8.0,1,,0,0,,30.0,1,,0,0,,0,0,,0,0,,0,0,,0,0,,0,0,,10.0,1,,0,0,,5.0,1,,0,0,,0,0,,1.0,1,shadow_hand_door_open_outward,42
0.3283,,8.0,1,,0,0,,30.0,1,,0,0,,0,0,,0,0,,0,0,,0,0,,0,0,,10.0,1,,0,0,,1.0,1,,0,0,,0,0,,10.0,1,shadow_hand_door_open_outward,42
0.4567,,8.0,1,,0,0,,30.0,1,,0,0,,0,0,,0,0,,0,0,,0,0,,0,0,,10.0,1,,0,0,,0.5,1,,0,0,,0,0,,10.0,1,shadow_hand_door_open_outward,42
0.9864,,8.0,1,,0,0,,30.0,1,,0,0,,0,0,,0,0,,0,0,,0,0,,0,0,,10.0,1,,0,0,,5.0,1,,0,0,,0,0,,10.0,1,shadow_hand_door_open_outward,42
0.768,,3.0,1,,0,0,,5.0,1,,0,0,,0,0,,0,0,,0,0,,0,0,,0,0,,0.5,1,,0,0,,1.0,1,,0,0,,0,0,,2.0,1,shadow_hand_door_open_outward,42
0.3509,,3.0,1,,0,0,,5.0,1,,0,0,,0,0,,0,0,,0,0,,0,0,,0,0,,0.5,1,,0,0,,0.5,1,,0,0,,0,0,,2.0,1,shadow_hand_door_open_outward,42
0.4505,,3.0,1,,0,0,,5.0,1,,0,0,,0,0,,0,0,,0,0,,0,0,,0,0,,0.5,1,,0,0,,5.0,1,,0,0,,0,0,,2.0,1,shadow_hand_door_open_outward,42
0.1725,,3.0,1,,0,0,,5.0,1,,0,0,,0,0,,0,0,,0,0,,0,0,,0,0,,0.5,1,,0,0,,1.0,1,,0,0,,0,0,,1.0,1,shadow_hand_door_open_outward,42
0.998,,3.0,1,,0,0,,5.0,1,,0,0,,0,0,,0,0,,0,0,,0,0,,0,0,,0.5,1,,0,0,,0.5,1,,0,0,,0,0,,1.0,1,shadow_hand_door_open_outward,42
0.9525,,3.0,1,,0,0,,5.0,1,,0,0,,0,0,,0,0,,0,0,,0,0,,0,0,,0.5,1,,0,0,,5.0,1,,0,0,,0,0,,1.0,1,shadow_hand_door_open_outward,42
0.9513,,3.0,1,,0,0,,5.0,1,,0,0,,0,0,,0,0,,0,0,,0,0,,0,0,,0.5,1,,0,0,,1.0,1,,0,0,,0,0,,5.0,1,shadow_hand_door_open_outward,42
0.3468,,3.0,1,,0,0,,5.0,1,,0,0,,0,0,,0,0,,0,0,,0,0,,0,0,,0.5,1,,0,0,,0.5,1,,0,0,,0,0,,5.0,1,shadow_hand_door_open_outward,42
0.959,,3.0,1,,0,0,,5.0,1,,0,0,,0,0,,0,0,,0,0,,0,0,,0,0,,0.5,1,,0,0,,5.0,1,,0,0,,0,0,,5.0,1,shadow_hand_door_open_outward,42
0.1506,,1.0,1,,0,0,,1.0,1,,0,0,,0,0,,0,0,,0,0,,0,0,,0,0,,0.5,1,,0,0,,1.0,1,,0,0,,0,0,,2.0,1,shadow_hand_door_open_outward,42
0.9695,,1.0,1,,0,0,,1.0,1,,0,0,,0,0,,0,0,,0,0,,0,0,,0,0,,0.5,1,,0,0,,0.5,1,,0,0,,0,0,,2.0,1,shadow_hand_door_open_outward,42
0.7207,,1.0,1,,0,0,,1.0,1,,0,0,,0,0,,0,0,,0,0,,0,0,,0,0,,0.5,1,,0,0,,5.0,1,,0,0,,0,0,,2.0,1,shadow_hand_door_open_outward,42
0.95,,1.0,1,,0,0,,1.0,1,,0,0,,0,0,,0,0,,0,0,,0,0,,0,0,,0.5,1,,0,0,,1.0,1,,0,0,,0,0,,1.0,1,shadow_hand_door_open_outward,42
0.7978,,1.0,1,,0,0,,1.0,1,,0,0,,0,0,,0,0,,0,0,,0,0,,0,0,,0.5,1,,0,0,,0.5,1,,0,0,,0,0,,1.0,1,shadow_hand_door_open_outward,42
0.9957,,1.0,1,,0,0,,1.0,1,,0,0,,0,0,,0,0,,0,0,,0,0,,0,0,,0.5,1,,0,0,,5.0,1,,0,0,,0,0,,1.0,1,shadow_hand_door_open_outward,42
0.5447,,1.0,1,,0,0,,1.0,1,,0,0,,0,0,,0,0,,0,0,,0,0,,0,0,,0.5,1,,0,0,,1.0,1,,0,0,,0,0,,5.0,1,shadow_hand_door_open_outward,42
0.9493,,1.0,1,,0,0,,1.0,1,,0,0,,0,0,,0,0,,0,0,,0,0,,0,0,,0.5,1,,0,0,,0.5,1,,0,0,,0,0,,5.0,1,shadow_hand_door_open_outward,42
0.9813,,1.0,1,,0,0,,1.0,1,,0,0,,0,0,,0,0,,0,0,,0,0,,0,0,,0.5,1,,0,0,,5.0,1,,0,0,,0,0,,5.0,1,shadow_hand_door_open_outward,42
0.6592,,10.0,1,,0,0,,10.0,1,,0,0,,0,0,,0,0,,0,0,,0,0,,0,0,,0.1,1,,0,0,,1.0,1,,0,0,,0,0,,2.0,1,shadow_hand_door_open_outward,42
0.0711,,10.0,1,,0,0,,10.0,1,,0,0,,0,0,,0,0,,0,0,,0,0,,0,0,,0.1,1,,0,0,,0.5,1,,0,0,,0,0,,2.0,1,shadow_hand_door_open_outward,42
0.9999,,10.0,1,,0,0,,10.0,1,,0,0,,0,0,,0,0,,0,0,,0,0,,0,0,,0.1,1,,0,0,,5.0,1,,0,0,,0,0,,2.0,1,shadow_hand_door_open_outward,42
0.5177,,10.0,1,,0,0,,10.0,1,,0,0,,0,0,,0,0,,0,0,,0,0,,0,0,,0.1,1,,0,0,,1.0,1,,0,0,,0,0,,1.0,1,shadow_hand_door_open_outward,42
0.4051,,10.0,1,,0,0,,10.0,1,,0,0,,0,0,,0,0,,0,0,,0,0,,0,0,,0.1,1,,0,0,,0.5,1,,0,0,,0,0,,1.0,1,shadow_hand_door_open_outward,42
0.6485,,10.0,1,,0,0,,10.0,1,,0,0,,0,0,,0,0,,0,0,,0,0,,0,0,,0.1,1,,0,0,,5.0,1,,0,0,,0,0,,1.0,1,shadow_hand_door_open_outward,42
0.9895,,10.0,1,,0,0,,10.0,1,,0,0,,0,0,,0,0,,0,0,,0,0,,0,0,,0.1,1,,0,0,,1.0,1,,0,0,,0,0,,5.0,1,shadow_hand_door_open_outward,42
0.9994,,10.0,1,,0,0,,10.0,1,,0,0,,0,0,,0,0,,0,0,,0,0,,0,0,,0.1,1,,0,0,,0.5,1,,0,0,,0,0,,5.0,1,shadow_hand_door_open_outward,42
0.9059,,10.0,1,,0,0,,10.0,1,,0,0,,0,0,,0,0,,0,0,,0,0,,0,0,,0.1,1,,0,0,,5.0,1,,0,0,,0,0,,5.0,1,shadow_hand_door_open_outward,42
0.9899,,3.0,1,,0,0,,5.0,1,,0,0,,0,0,,0,0,,0,0,,0,0,,0,0,,1.0,1,,0,0,,1.0,1,,0,0,,0,0,,2.0,1,shadow_hand_door_open_outward,42
0.9137,,3.0,1,,0,0,,5.0,1,,0,0,,0,0,,0,0,,0,0,,0,0,,0,0,,1.0,1,,0,0,,0.5,1,,0,0,,0,0,,2.0,1,shadow_hand_door_open_outward,42
0.5628,,3.0,1,,0,0,,5.0,1,,0,0,,0,0,,0,0,,0,0,,0,0,,0,0,,1.0,1,,0,0,,5.0,1,,0,0,,0,0,,2.0,1,shadow_hand_door_open_outward,42
0.9613,,3.0,1,,0,0,,5.0,1,,0,0,,0,0,,0,0,,0,0,,0,0,,0,0,,1.0,1,,0,0,,1.0,1,,0,0,,0,0,,1.0,1,shadow_hand_door_open_outward,42
0.7999,,3.0,1,,0,0,,5.0,1,,0,0,,0,0,,0,0,,0,0,,0,0,,0,0,,1.0,1,,0,0,,0.5,1,,0,0,,0,0,,1.0,1,shadow_hand_door_open_outward,42
0.4519,,3.0,1,,0,0,,5.0,1,,0,0,,0,0,,0,0,,0,0,,0,0,,0,0,,1.0,1,,0,0,,5.0,1,,0,0,,0,0,,1.0,1,shadow_hand_door_open_outward,42
0.4314,,3.0,1,,0,0,,5.0,1,,0,0,,0,0,,0,0,,0,0,,0,0,,0,0,,1.0,1,,0,0,,1.0,1,,0,0,,0,0,,5.0,1,shadow_hand_door_open_outward,42
0.9446,,3.0,1,,0,0,,5.0,1,,0,0,,0,0,,0,0,,0,0,,0,0,,0,0,,1.0,1,,0,0,,0.5,1,,0,0,,0,0,,5.0,1,shadow_hand_door_open_outward,42
0.9676,,3.0,1,,0,0,,5.0,1,,0,0,,0,0,,0,0,,0,0,,0,0,,0,0,,1.0,1,,0,0,,5.0,1,,0,0,,0,0,,5.0,1,shadow_hand_door_open_outward,42
0.6895,,8.0,1,,0,0,,15.0,1,,1.0,1,,0,0,,0,0,,5.0,1,,0,0,,0,0,,0,0,,0,0,,1.0,1,,0,0,,0,0,,2.0,1,shadow_hand_door_open_outward,42
0.0095,,8.0,1,,0,0,,15.0,1,,1.0,1,,0,0,,0,0,,5.0,1,,0,0,,0,0,,0,0,,0,0,,0.5,1,,0,0,,0,0,,2.0,1,shadow_hand_door_open_outward,42
1.0,,8.0,1,,0,0,,15.0,1,,1.0,1,,0,0,,0,0,,5.0,1,,0,0,,0,0,,0,0,,0,0,,5.0,1,,0,0,,0,0,,2.0,1,shadow_hand_door_open_outward,42
0.0015,,8.0,1,,0,0,,15.0,1,,1.0,1,,0,0,,0,0,,5.0,1,,0,0,,0,0,,0,0,,0,0,,1.0,1,,0,0,,0,0,,1.0,1,shadow_hand_door_open_outward,42
0.4609,,8.0,1,,0,0,,15.0,1,,1.0,1,,0,0,,0,0,,5.0,1,,0,0,,0,0,,0,0,,0,0,,0.5,1,,0,0,,0,0,,1.0,1,shadow_hand_door_open_outward,42
0.8818,,8.0,1,,0,0,,15.0,1,,1.0,1,,0,0,,0,0,,5.0,1,,0,0,,0,0,,0,0,,0,0,,5.0,1,,0,0,,0,0,,1.0,1,shadow_hand_door_open_outward,42
0.9694,,8.0,1,,0,0,,15.0,1,,1.0,1,,0,0,,0,0,,5.0,1,,0,0,,0,0,,0,0,,0,0,,1.0,1,,0,0,,0,0,,5.0,1,shadow_hand_door_open_outward,42
0.9928,,8.0,1,,0,0,,15.0,1,,1.0,1,,0,0,,0,0,,5.0,1,,0,0,,0,0,,0,0,,0,0,,0.5,1,,0,0,,0,0,,5.0,1,shadow_hand_door_open_outward,42
0.9459,,8.0,1,,0,0,,15.0,1,,1.0,1,,0,0,,0,0,,5.0,1,,0,0,,0,0,,0,0,,0,0,,5.0,1,,0,0,,0,0,,5.0,1,shadow_hand_door_open_outward,42
0.5206,,1.0,1,,0,0,,5.0,1,,1.0,1,,0,0,,0,0,,5.0,1,,0,0,,0,0,,0,0,,0,0,,1.0,1,,0,0,,0,0,,2.0,1,shadow_hand_door_open_outward,42
0.9638,,1.0,1,,0,0,,5.0,1,,1.0,1,,0,0,,0,0,,5.0,1,,0,0,,0,0,,0,0,,0,0,,0.5,1,,0,0,,0,0,,2.0,1,shadow_hand_door_open_outward,42
0.9317,,1.0,1,,0,0,,5.0,1,,1.0,1,,0,0,,0,0,,5.0,1,,0,0,,0,0,,0,0,,0,0,,5.0,1,,0,0,,0,0,,2.0,1,shadow_hand_door_open_outward,42
0.7808,,1.0,1,,0,0,,5.0,1,,1.0,1,,0,0,,0,0,,5.0,1,,0,0,,0,0,,0,0,,0,0,,1.0,1,,0,0,,0,0,,1.0,1,shadow_hand_door_open_outward,42
0.9617,,1.0,1,,0,0,,5.0,1,,1.0,1,,0,0,,0,0,,5.0,1,,0,0,,0,0,,0,0,,0,0,,0.5,1,,0,0,,0,0,,1.0,1,shadow_hand_door_open_outward,42
0.0731,,1.0,1,,0,0,,5.0,1,,1.0,1,,0,0,,0,0,,5.0,1,,0,0,,0,0,,0,0,,0,0,,5.0,1,,0,0,,0,0,,1.0,1,shadow_hand_door_open_outward,42
0.9834,,1.0,1,,0,0,,5.0,1,,1.0,1,,0,0,,0,0,,5.0,1,,0,0,,0,0,,0,0,,0,0,,1.0,1,,0,0,,0,0,,5.0,1,shadow_hand_door_open_outward,42
0.3344,,1.0,1,,0,0,,5.0,1,,1.0,1,,0,0,,0,0,,5.0,1,,0,0,,0,0,,0,0,,0,0,,0.5,1,,0,0,,0,0,,5.0,1,shadow_hand_door_open_outward,42
0.9647,,1.0,1,,0,0,,5.0,1,,1.0,1,,0,0,,0,0,,5.0,1,,0,0,,0,0,,0,0,,0,0,,5.0,1,,0,0,,0,0,,5.0,1,shadow_hand_door_open_outward,42
0.5888,,20.0,1,,0,0,,30.0,1,,0.5,1,,0,0,,0,0,,1.0,1,,0,0,,0,0,,0,0,,0,0,,1.0,1,,0,0,,0,0,,2.0,1,shadow_hand_door_open_outward,42
0.23,,20.0,1,,0,0,,30.0,1,,0.5,1,,0,0,,0,0,,1.0,1,,0,0,,0,0,,0,0,,0,0,,0.5,1,,0,0,,0,0,,2.0,1,shadow_hand_door_open_outward,42
0.7162,,20.0,1,,0,0,,30.0,1,,0.5,1,,0,0,,0,0,,1.0,1,,0,0,,0,0,,0,0,,0,0,,5.0,1,,0,0,,0,0,,2.0,1,shadow_hand_door_open_outward,42
0.6278,,20.0,1,,0,0,,30.0,1,,0.5,1,,0,0,,0,0,,1.0,1,,0,0,,0,0,,0,0,,0,0,,1.0,1,,0,0,,0,0,,1.0,1,shadow_hand_door_open_outward,42
0.8219,,20.0,1,,0,0,,30.0,1,,0.5,1,,0,0,,0,0,,1.0,1,,0,0,,0,0,,0,0,,0,0,,0.5,1,,0,0,,0,0,,1.0,1,shadow_hand_door_open_outward,42
0.7429,,20.0,1,,0,0,,30.0,1,,0.5,1,,0,0,,0,0,,1.0,1,,0,0,,0,0,,0,0,,0,0,,5.0,1,,0,0,,0,0,,1.0,1,shadow_hand_door_open_outward,42
0.3509,,20.0,1,,0,0,,30.0,1,,0.5,1,,0,0,,0,0,,1.0,1,,0,0,,0,0,,0,0,,0,0,,1.0,1,,0,0,,0,0,,5.0,1,shadow_hand_door_open_outward,42
0.6684,,20.0,1,,0,0,,30.0,1,,0.5,1,,0,0,,0,0,,1.0,1,,0,0,,0,0,,0,0,,0,0,,0.5,1,,0,0,,0,0,,5.0,1,shadow_hand_door_open_outward,42
0.8292,,20.0,1,,0,0,,30.0,1,,0.5,1,,0,0,,0,0,,1.0,1,,0,0,,0,0,,0,0,,0,0,,5.0,1,,0,0,,0,0,,5.0,1,shadow_hand_door_open_outward,42
0.9941,,8.0,1,,0,0,,15.0,1,,5.0,1,,0,0,,0,0,,10.0,1,,0,0,,0,0,,0,0,,0,0,,1.0,1,,0,0,,0,0,,2.0,1,shadow_hand_door_open_outward,42
0.0423,,8.0,1,,0,0,,15.0,1,,5.0,1,,0,0,,0,0,,10.0,1,,0,0,,0,0,,0,0,,0,0,,0.5,1,,0,0,,0,0,,2.0,1,shadow_hand_door_open_outward,42
0.9808,,8.0,1,,0,0,,15.0,1,,5.0,1,,0,0,,0,0,,10.0,1,,0,0,,0,0,,0,0,,0,0,,5.0,1,,0,0,,0,0,,2.0,1,shadow_hand_door_open_outward,42
0.9699,,8.0,1,,0,0,,15.0,1,,5.0,1,,0,0,,0,0,,10.0,1,,0,0,,0,0,,0,0,,0,0,,1.0,1,,0,0,,0,0,,1.0,1,shadow_hand_door_open_outward,42
0.3418,,8.0,1,,0,0,,15.0,1,,5.0,1,,0,0,,0,0,,10.0,1,,0,0,,0,0,,0,0,,0,0,,0.5,1,,0,0,,0,0,,1.0,1,shadow_hand_door_open_outward,42
0.5247,,8.0,1,,0,0,,15.0,1,,5.0,1,,0,0,,0,0,,10.0,1,,0,0,,0,0,,0,0,,0,0,,5.0,1,,0,0,,0,0,,1.0,1,shadow_hand_door_open_outward,42
0.0273,,8.0,1,,0,0,,15.0,1,,5.0,1,,0,0,,0,0,,10.0,1,,0,0,,0,0,,0,0,,0,0,,1.0,1,,0,0,,0,0,,5.0,1,shadow_hand_door_open_outward,42
0.9874,,8.0,1,,0,0,,15.0,1,,5.0,1,,0,0,,0,0,,10.0,1,,0,0,,0,0,,0,0,,0,0,,0.5,1,,0,0,,0,0,,5.0,1,shadow_hand_door_open_outward,42
0.9755,,8.0,1,,0,0,,15.0,1,,5.0,1,,0,0,,0,0,,10.0,1,,0,0,,0,0,,0,0,,0,0,,5.0,1,,0,0,,0,0,,5.0,1,shadow_hand_door_open_outward,42
0.9666,,10.0,1,,0,0,,20.0,1,,0,0,,0,0,,0,0,,5.0,1,,0,0,,0,0,,0,0,,0,0,,1.0,1,,0,0,,0,0,,2.0,1,shadow_hand_door_open_outward,42
0.9708,,10.0,1,,0,0,,20.0,1,,0,0,,0,0,,0,0,,5.0,1,,0,0,,0,0,,0,0,,0,0,,0.5,1,,0,0,,0,0,,2.0,1,shadow_hand_door_open_outward,42
0.4837,,10.0,1,,0,0,,20.0,1,,0,0,,0,0,,0,0,,5.0,1,,0,0,,0,0,,0,0,,0,0,,5.0,1,,0,0,,0,0,,2.0,1,shadow_hand_door_open_outward,42
0.8799,,10.0,1,,0,0,,20.0,1,,0,0,,0,0,,0,0,,5.0,1,,0,0,,0,0,,0,0,,0,0,,1.0,1,,0,0,,0,0,,1.0,1,shadow_hand_door_open_outward,42
0.7777,,10.0,1,,0,0,,20.0,1,,0,0,,0,0,,0,0,,5.0,1,,0,0,,0,0,,0,0,,0,0,,0.5,1,,0,0,,0,0,,1.0,1,shadow_hand_door_open_outward,42
0.0009,,10.0,1,,0,0,,20.0,1,,0,0,,0,0,,0,0,,5.0,1,,0,0,,0,0,,0,0,,0,0,,5.0,1,,0,0,,0,0,,1.0,1,shadow_hand_door_open_outward,42
0.5055,,10.0,1,,0,0,,20.0,1,,0,0,,0,0,,0,0,,5.0,1,,0,0,,0,0,,0,0,,0,0,,1.0,1,,0,0,,0,0,,5.0,1,shadow_hand_door_open_outward,42
0.2803,,10.0,1,,0,0,,20.0,1,,0,0,,0,0,,0,0,,5.0,1,,0,0,,0,0,,0,0,,0,0,,0.5,1,,0,0,,0,0,,5.0,1,shadow_hand_door_open_outward,42
0.8726,,10.0,1,,0,0,,20.0,1,,0,0,,0,0,,0,0,,5.0,1,,0,0,,0,0,,0,0,,0,0,,5.0,1,,0,0,,0,0,,5.0,1,shadow_hand_door_open_outward,42
0.9258,,5.0,1,,0,0,,10.0,1,,0,0,,0,0,,0,0,,5.0,1,,0,0,,0,0,,0,0,,0,0,,1.0,1,,0,0,,0,0,,2.0,1,shadow_hand_door_open_outward,42
0.9952,,5.0,1,,0,0,,10.0,1,,0,0,,0,0,,0,0,,5.0,1,,0,0,,0,0,,0,0,,0,0,,0.5,1,,0,0,,0,0,,2.0,1,shadow_hand_door_open_outward,42
0.632,,5.0,1,,0,0,,10.0,1,,0,0,,0,0,,0,0,,5.0,1,,0,0,,0,0,,0,0,,0,0,,5.0,1,,0,0,,0,0,,2.0,1,shadow_hand_door_open_outward,42
0.5488,,5.0,1,,0,0,,10.0,1,,0,0,,0,0,,0,0,,5.0,1,,0,0,,0,0,,0,0,,0,0,,1.0,1,,0,0,,0,0,,1.0,1,shadow_hand_door_open_outward,42
0.9868,,5.0,1,,0,0,,10.0,1,,0,0,,0,0,,0,0,,5.0,1,,0,0,,0,0,,0,0,,0,0,,0.5,1,,0,0,,0,0,,1.0,1,shadow_hand_door_open_outward,42
0.6262,,5.0,1,,0,0,,10.0,1,,0,0,,0,0,,0,0,,5.0,1,,0,0,,0,0,,0,0,,0,0,,5.0,1,,0,0,,0,0,,1.0,1,shadow_hand_door_open_outward,42
0.9336,,5.0,1,,0,0,,10.0,1,,0,0,,0,0,,0,0,,5.0,1,,0,0,,0,0,,0,0,,0,0,,1.0,1,,0,0,,0,0,,5.0,1,shadow_hand_door_open_outward,42
0.9946,,5.0,1,,0,0,,10.0,1,,0,0,,0,0,,0,0,,5.0,1,,0,0,,0,0,,0,0,,0,0,,0.5,1,,0,0,,0,0,,5.0,1,shadow_hand_door_open_outward,42
0.7934,,5.0,1,,0,0,,10.0,1,,0,0,,0,0,,0,0,,5.0,1,,0,0,,0,0,,0,0,,0,0,,5.0,1,,0,0,,0,0,,5.0,1,shadow_hand_door_open_outward,42
0.4446,,5.0,1,,0,0,,30.0,1,,0,0,,0,0,,0,0,,1.0,1,,0,0,,0,0,,0,0,,0,0,,1.0,1,,0,0,,0,0,,2.0,1,shadow_hand_door_open_outward,42
0.0975,,5.0,1,,0,0,,30.0,1,,0,0,,0,0,,0,0,,1.0,1,,0,0,,0,0,,0,0,,0,0,,0.5,1,,0,0,,0,0,,2.0,1,shadow_hand_door_open_outward,42
0.8719,,5.0,1,,0,0,,30.0,1,,0,0,,0,0,,0,0,,1.0,1,,0,0,,0,0,,0,0,,0,0,,5.0,1,,0,0,,0,0,,2.0,1,shadow_hand_door_open_outward,42
0.8564,,5.0,1,,0,0,,30.0,1,,0,0,,0,0,,0,0,,1.0,1,,0,0,,0,0,,0,0,,0,0,,1.0,1,,0,0,,0,0,,1.0,1,shadow_hand_door_open_outward,42
0.972,,5.0,1,,0,0,,30.0,1,,0,0,,0,0,,0,0,,1.0,1,,0,0,,0,0,,0,0,,0,0,,0.5,1,,0,0,,0,0,,1.0,1,shadow_hand_door_open_outward,42
0.6988,,5.0,1,,0,0,,30.0,1,,0,0,,0,0,,0,0,,1.0,1,,0,0,,0,0,,0,0,,0,0,,5.0,1,,0,0,,0,0,,1.0,1,shadow_hand_door_open_outward,42
0.9999,,5.0,1,,0,0,,30.0,1,,0,0,,0,0,,0,0,,1.0,1,,0,0,,0,0,,0,0,,0,0,,1.0,1,,0,0,,0,0,,5.0,1,shadow_hand_door_open_outward,42
0.9797,,5.0,1,,0,0,,30.0,1,,0,0,,0,0,,0,0,,1.0,1,,0,0,,0,0,,0,0,,0,0,,0.5,1,,0,0,,0,0,,5.0,1,shadow_hand_door_open_outward,42
0.8903,,5.0,1,,0,0,,30.0,1,,0,0,,0,0,,0,0,,1.0,1,,0,0,,0,0,,0,0,,0,0,,5.0,1,,0,0,,0,0,,5.0,1,shadow_hand_door_open_outward,42
0.5542,,10.0,1,,0,0,,20.0,1,,0,0,,0,0,,0,0,,10.0,1,,0,0,,0,0,,0,0,,0,0,,1.0,1,,0,0,,0,0,,2.0,1,shadow_hand_door_open_outward,42
0.9414,,10.0,1,,0,0,,20.0,1,,0,0,,0,0,,0,0,,10.0,1,,0,0,,0,0,,0,0,,0,0,,0.5,1,,0,0,,0,0,,2.0,1,shadow_hand_door_open_outward,42
0.6709,,10.0,1,,0,0,,20.0,1,,0,0,,0,0,,0,0,,10.0,1,,0,0,,0,0,,0,0,,0,0,,5.0,1,,0,0,,0,0,,2.0,1,shadow_hand_door_open_outward,42
0.8806,,10.0,1,,0,0,,20.0,1,,0,0,,0,0,,0,0,,10.0,1,,0,0,,0,0,,0,0,,0,0,,1.0,1,,0,0,,0,0,,1.0,1,shadow_hand_door_open_outward,42
0.5231,,10.0,1,,0,0,,20.0,1,,0,0,,0,0,,0,0,,10.0,1,,0,0,,0,0,,0,0,,0,0,,0.5,1,,0,0,,0,0,,1.0,1,shadow_hand_door_open_outward,42
0.9452,,10.0,1,,0,0,,20.0,1,,0,0,,0,0,,0,0,,10.0,1,,0,0,,0,0,,0,0,,0,0,,5.0,1,,0,0,,0,0,,1.0,1,shadow_hand_door_open_outward,42
0.8194,,10.0,1,,0,0,,20.0,1,,0,0,,0,0,,0,0,,10.0,1,,0,0,,0,0,,0,0,,0,0,,1.0,1,,0,0,,0,0,,5.0,1,shadow_hand_door_open_outward,42
0.9857,,10.0,1,,0,0,,20.0,1,,0,0,,0,0,,0,0,,10.0,1,,0,0,,0,0,,0,0,,0,0,,0.5,1,,0,0,,0,0,,5.0,1,shadow_hand_door_open_outward,42
0.9431,,10.0,1,,0,0,,20.0,1,,0,0,,0,0,,0,0,,10.0,1,,0,0,,0,0,,0,0,,0,0,,5.0,1,,0,0,,0,0,,5.0,1,shadow_hand_door_open_outward,42
0.7432,,5.0,1,,0,0,,10.0,1,,0,0,,0,0,,0,0,,0,0,,0.5,1,,2.0,1,,0,0,,1.0,1,,0,0,,0,0,,0,0,,0,0,shadow_hand_door_open_outward,42
0.3711,,5.0,1,,0,0,,10.0,1,,0,0,,0,0,,0,0,,0,0,,0.5,1,,2.0,1,,0,0,,0.5,1,,0,0,,0,0,,0,0,,0,0,shadow_hand_door_open_outward,42
0.6853,,5.0,1,,0,0,,10.0,1,,0,0,,0,0,,0,0,,0,0,,0.5,1,,2.0,1,,0,0,,5.0,1,,0,0,,0,0,,0,0,,0,0,shadow_hand_door_open_outward,42
0.4246,,1.0,1,,0,0,,10.0,1,,0,0,,0,0,,0,0,,0,0,,0.5,1,,2.0,1,,0,0,,1.0,1,,0,0,,0,0,,0,0,,0,0,shadow_hand_door_open_outward,42
0.8662,,1.0,1,,0,0,,10.0,1,,0,0,,0,0,,0,0,,0,0,,0.5,1,,2.0,1,,0,0,,0.5,1,,0,0,,0,0,,0,0,,0,0,shadow_hand_door_open_outward,42
0.8078,,1.0,1,,0,0,,10.0,1,,0,0,,0,0,,0,0,,0,0,,0.5,1,,2.0,1,,0,0,,5.0,1,,0,0,,0,0,,0,0,,0,0,shadow_hand_door_open_outward,42
0.5,,10.0,1,,0,0,,10.0,1,,0,0,,0,0,,0,0,,0,0,,0.5,1,,2.0,1,,0,0,,1.0,1,,0,0,,0,0,,0,0,,0,0,shadow_hand_door_open_outward,42
0.7661,,10.0,1,,0,0,,10.0,1,,0,0,,0,0,,0,0,,0,0,,0.5,1,,2.0,1,,0,0,,0.5,1,,0,0,,0,0,,0,0,,0,0,shadow_hand_door_open_outward,42
0.4533,,10.0,1,,0,0,,10.0,1,,0,0,,0,0,,0,0,,0,0,,0.5,1,,2.0,1,,0,0,,5.0,1,,0,0,,0,0,,0,0,,0,0,shadow_hand_door_open_outward,42
0.8575,,5.0,1,,0,0,,5.0,1,,0,0,,0,0,,0,0,,0,0,,0.1,1,,2.0,1,,0,0,,1.0,1,,0,0,,0,0,,0,0,,0,0,shadow_hand_door_open_outward,42
0.8724,,5.0,1,,0,0,,5.0,1,,0,0,,0,0,,0,0,,0,0,,0.1,1,,2.0,1,,0,0,,0.5,1,,0,0,,0,0,,0,0,,0,0,shadow_hand_door_open_outward,42
0.9885,,5.0,1,,0,0,,5.0,1,,0,0,,0,0,,0,0,,0,0,,0.1,1,,2.0,1,,0,0,,5.0,1,,0,0,,0,0,,0,0,,0,0,shadow_hand_door_open_outward,42
0.5875,,1.0,1,,0,0,,5.0,1,,0,0,,0,0,,0,0,,0,0,,0.1,1,,2.0,1,,0,0,,1.0,1,,0,0,,0,0,,0,0,,0,0,shadow_hand_door_open_outward,42
0.6856,,1.0,1,,0,0,,5.0,1,,0,0,,0,0,,0,0,,0,0,,0.1,1,,2.0,1,,0,0,,0.5,1,,0,0,,0,0,,0,0,,0,0,shadow_hand_door_open_outward,42
0.4434,,1.0,1,,0,0,,5.0,1,,0,0,,0,0,,0,0,,0,0,,0.1,1,,2.0,1,,0,0,,5.0,1,,0,0,,0,0,,0,0,,0,0,shadow_hand_door_open_outward,42
0.9979,,10.0,1,,0,0,,5.0,1,,0,0,,0,0,,0,0,,0,0,,0.1,1,,2.0,1,,0,0,,1.0,1,,0,0,,0,0,,0,0,,0,0,shadow_hand_door_open_outward,42
0.8516,,10.0,1,,0,0,,5.0,1,,0,0,,0,0,,0,0,,0,0,,0.1,1,,2.0,1,,0,0,,0.5,1,,0,0,,0,0,,0,0,,0,0,shadow_hand_door_open_outward,42
0.7103,,10.0,1,,0,0,,5.0,1,,0,0,,0,0,,0,0,,0,0,,0.1,1,,2.0,1,,0,0,,5.0,1,,0,0,,0,0,,0,0,,0,0,shadow_hand_door_open_outward,42
0.4596,,5.0,1,,0,0,,20.0,1,,0,0,,0,0,,0,0,,0,0,,1.0,1,,1.0,1,,0,0,,1.0,1,,0,0,,0,0,,0,0,,0,0,shadow_hand_door_open_outward,42
0.5787,,5.0,1,,0,0,,20.0,1,,0,0,,0,0,,0,0,,0,0,,1.0,1,,1.0,1,,0,0,,0.5,1,,0,0,,0,0,,0,0,,0,0,shadow_hand_door_open_outward,42
0.3854,,5.0,1,,0,0,,20.0,1,,0,0,,0,0,,0,0,,0,0,,1.0,1,,1.0,1,,0,0,,5.0,1,,0,0,,0,0,,0,0,,0,0,shadow_hand_door_open_outward,42
0.5294,,1.0,1,,0,0,,20.0,1,,0,0,,0,0,,0,0,,0,0,,1.0,1,,1.0,1,,0,0,,1.0,1,,0,0,,0,0,,0,0,,0,0,shadow_hand_door_open_outward,42
0.852,,1.0,1,,0,0,,20.0,1,,0,0,,0,0,,0,0,,0,0,,1.0,1,,1.0,1,,0,0,,0.5,1,,0,0,,0,0,,0,0,,0,0,shadow_hand_door_open_outward,42
0.848,,1.0,1,,0,0,,20.0,1,,0,0,,0,0,,0,0,,0,0,,1.0,1,,1.0,1,,0,0,,5.0,1,,0,0,,0,0,,0,0,,0,0,shadow_hand_door_open_outward,42
0.9954,,10.0,1,,0,0,,20.0,1,,0,0,,0,0,,0,0,,0,0,,1.0,1,,1.0,1,,0,0,,1.0,1,,0,0,,0,0,,0,0,,0,0,shadow_hand_door_open_outward,42
0.4833,,10.0,1,,0,0,,20.0,1,,0,0,,0,0,,0,0,,0,0,,1.0,1,,1.0,1,,0,0,,0.5,1,,0,0,,0,0,,0,0,,0,0,shadow_hand_door_open_outward,42
0.9845,,10.0,1,,0,0,,20.0,1,,0,0,,0,0,,0,0,,0,0,,1.0,1,,1.0,1,,0,0,,5.0,1,,0,0,,0,0,,0,0,,0,0,shadow_hand_door_open_outward,42
0.5704,,5.0,1,,0,0,,10.0,1,,0,0,,0,0,,0,0,,0,0,,0.5,1,,5.0,1,,0,0,,1.0,1,,0,0,,0,0,,0,0,,0,0,shadow_hand_door_open_outward,42
0.9379,,5.0,1,,0,0,,10.0,1,,0,0,,0,0,,0,0,,0,0,,0.5,1,,5.0,1,,0,0,,0.5,1,,0,0,,0,0,,0,0,,0,0,shadow_hand_door_open_outward,42
0.2543,,5.0,1,,0,0,,10.0,1,,0,0,,0,0,,0,0,,0,0,,0.5,1,,5.0,1,,0,0,,5.0,1,,0,0,,0,0,,0,0,,0,0,shadow_hand_door_open_outward,42
0.0875,,1.0,1,,0,0,,10.0,1,,0,0,,0,0,,0,0,,0,0,,0.5,1,,5.0,1,,0,0,,1.0,1,,0,0,,0,0,,0,0,,0,0,shadow_hand_door_open_outward,42
0.9171,,1.0,1,,0,0,,10.0,1,,0,0,,0,0,,0,0,,0,0,,0.5,1,,5.0,1,,0,0,,0.5,1,,0,0,,0,0,,0,0,,0,0,shadow_hand_door_open_outward,42
0.1061,,1.0,1,,0,0,,10.0,1,,0,0,,0,0,,0,0,,0,0,,0.5,1,,5.0,1,,0,0,,5.0,1,,0,0,,0,0,,0,0,,0,0,shadow_hand_door_open_outward,42
0.6211,,10.0,1,,0,0,,10.0,1,,0,0,,0,0,,0,0,,0,0,,0.5,1,,5.0,1,,0,0,,1.0,1,,0,0,,0,0,,0,0,,0,0,shadow_hand_door_open_outward,42
0.1222,,10.0,1,,0,0,,10.0,1,,0,0,,0,0,,0,0,,0,0,,0.5,1,,5.0,1,,0,0,,0.5,1,,0,0,,0,0,,0,0,,0,0,shadow_hand_door_open_outward,42
0.9939,,10.0,1,,0,0,,10.0,1,,0,0,,0,0,,0,0,,0,0,,0.5,1,,5.0,1,,0,0,,5.0,1,,0,0,,0,0,,0,0,,0,0,shadow_hand_door_open_outward,42
0.4907,,2.0,1,,0,0,,5.0,1,,0,0,,0,0,,0,0,,0,0,,0,0,,10.0,1,,0,0,,0,0,,0,0,,0,0,,0.1,1,,0,0,shadow_hand_door_open_outward,42
0.0222,,2.0,1,,0,0,,5.0,1,,0,0,,0,0,,0,0,,0,0,,0,0,,10.0,1,,0,0,,0,0,,0,0,,0,0,,0.05,1,,0,0,shadow_hand_door_open_outward,42
0.9937,,2.0,1,,0,0,,5.0,1,,0,0,,0,0,,0,0,,0,0,,0,0,,10.0,1,,0,0,,0,0,,0,0,,0,0,,0.5,1,,0,0,shadow_hand_door_open_outward,42
0.991,,1.0,1,,0,0,,5.0,1,,0,0,,0,0,,0,0,,0,0,,0,0,,10.0,1,,0,0,,0,0,,0,0,,0,0,,0.1,1,,0,0,shadow_hand_door_open_outward,42
0.9969,,1.0,1,,0,0,,5.0,1,,0,0,,0,0,,0,0,,0,0,,0,0,,10.0,1,,0,0,,0,0,,0,0,,0,0,,0.05,1,,0,0,shadow_hand_door_open_outward,42
0.9761,,1.0,1,,0,0,,5.0,1,,0,0,,0,0,,0,0,,0,0,,0,0,,10.0,1,,0,0,,0,0,,0,0,,0,0,,0.5,1,,0,0,shadow_hand_door_open_outward,42
0.9985,,5.0,1,,0,0,,5.0,1,,0,0,,0,0,,0,0,,0,0,,0,0,,10.0,1,,0,0,,0,0,,0,0,,0,0,,0.1,1,,0,0,shadow_hand_door_open_outward,42
0.0,,5.0,1,,0,0,,5.0,1,,0,0,,0,0,,0,0,,0,0,,0,0,,10.0,1,,0,0,,0,0,,0,0,,0,0,,0.05,1,,0,0,shadow_hand_door_open_outward,42
0.5463,,5.0,1,,0,0,,5.0,1,,0,0,,0,0,,0,0,,0,0,,0,0,,10.0,1,,0,0,,0,0,,0,0,,0,0,,0.5,1,,0,0,shadow_hand_door_open_outward,42
0.2782,,2.0,1,,0,0,,1.0,1,,0,0,,0,0,,0,0,,0,0,,0,0,,10.0,1,,0,0,,0,0,,0,0,,0,0,,0.1,1,,0,0,shadow_hand_door_open_outward,42
0.4026,,2.0,1,,0,0,,1.0,1,,0,0,,0,0,,0,0,,0,0,,0,0,,10.0,1,,0,0,,0,0,,0,0,,0,0,,0.05,1,,0,0,shadow_hand_door_open_outward,42
0.1842,,2.0,1,,0,0,,1.0,1,,0,0,,0,0,,0,0,,0,0,,0,0,,10.0,1,,0,0,,0,0,,0,0,,0,0,,0.5,1,,0,0,shadow_hand_door_open_outward,42
0.8039,,1.0,1,,0,0,,1.0,1,,0,0,,0,0,,0,0,,0,0,,0,0,,10.0,1,,0,0,,0,0,,0,0,,0,0,,0.1,1,,0,0,shadow_hand_door_open_outward,42
0.0189,,1.0,1,,0,0,,1.0,1,,0,0,,0,0,,0,0,,0,0,,0,0,,10.0,1,,0,0,,0,0,,0,0,,0,0,,0.05,1,,0,0,shadow_hand_door_open_outward,42
0.9624,,1.0,1,,0,0,,1.0,1,,0,0,,0,0,,0,0,,0,0,,0,0,,10.0,1,,0,0,,0,0,,0,0,,0,0,,0.5,1,,0,0,shadow_hand_door_open_outward,42
0.4471,,5.0,1,,0,0,,1.0,1,,0,0,,0,0,,0,0,,0,0,,0,0,,10.0,1,,0,0,,0,0,,0,0,,0,0,,0.1,1,,0,0,shadow_hand_door_open_outward,42
0.9996,,5.0,1,,0,0,,1.0,1,,0,0,,0,0,,0,0,,0,0,,0,0,,10.0,1,,0,0,,0,0,,0,0,,0,0,,0.05,1,,0,0,shadow_hand_door_open_outward,42
0.3819,,5.0,1,,0,0,,1.0,1,,0,0,,0,0,,0,0,,0,0,,0,0,,10.0,1,,0,0,,0,0,,0,0,,0,0,,0.5,1,,0,0,shadow_hand_door_open_outward,42
0.1415,,2.0,1,,0,0,,10.0,1,,0,0,,0,0,,0,0,,0,0,,0,0,,5.0,1,,0,0,,0,0,,0,0,,0,0,,0.1,1,,0,0,shadow_hand_door_open_outward,42
0.0005,,2.0,1,,0,0,,10.0,1,,0,0,,0,0,,0,0,,0,0,,0,0,,5.0,1,,0,0,,0,0,,0,0,,0,0,,0.05,1,,0,0,shadow_hand_door_open_outward,42
0.2773,,2.0,1,,0,0,,10.0,1,,0,0,,0,0,,0,0,,0,0,,0,0,,5.0,1,,0,0,,0,0,,0,0,,0,0,,0.5,1,,0,0,shadow_hand_door_open_outward,42
0.5225,,1.0,1,,0,0,,10.0,1,,0,0,,0,0,,0,0,,0,0,,0,0,,5.0,1,,0,0,,0,0,,0,0,,0,0,,0.1,1,,0,0,shadow_hand_door_open_outward,42
0.4301,,1.0,1,,0,0,,10.0,1,,0,0,,0,0,,0,0,,0,0,,0,0,,5.0,1,,0,0,,0,0,,0,0,,0,0,,0.05,1,,0,0,shadow_hand_door_open_outward,42
0.9918,,1.0,1,,0,0,,10.0,1,,0,0,,0,0,,0,0,,0,0,,0,0,,5.0,1,,0,0,,0,0,,0,0,,0,0,,0.5,1,,0,0,shadow_hand_door_open_outward,42
0.6179,,5.0,1,,0,0,,10.0,1,,0,0,,0,0,,0,0,,0,0,,0,0,,5.0,1,,0,0,,0,0,,0,0,,0,0,,0.1,1,,0,0,shadow_hand_door_open_outward,42
0.2573,,5.0,1,,0,0,,10.0,1,,0,0,,0,0,,0,0,,0,0,,0,0,,5.0,1,,0,0,,0,0,,0,0,,0,0,,0.05,1,,0,0,shadow_hand_door_open_outward,42
0.9983,,5.0,1,,0,0,,10.0,1,,0,0,,0,0,,0,0,,0,0,,0,0,,5.0,1,,0,0,,0,0,,0,0,,0,0,,0.5,1,,0,0,shadow_hand_door_open_outward,42
0.609,,2.0,1,,0,0,,5.0,1,,0,0,,0,0,,0,0,,0,0,,0,0,,20.0,1,,0,0,,0,0,,0,0,,0,0,,0.1,1,,0,0,shadow_hand_door_open_outward,42
0.9919,,2.0,1,,0,0,,5.0,1,,0,0,,0,0,,0,0,,0,0,,0,0,,20.0,1,,0,0,,0,0,,0,0,,0,0,,0.05,1,,0,0,shadow_hand_door_open_outward,42
0.2309,,2.0,1,,0,0,,5.0,1,,0,0,,0,0,,0,0,,0,0,,0,0,,20.0,1,,0,0,,0,0,,0,0,,0,0,,0.5,1,,0,0,shadow_hand_door_open_outward,42
0.0529,,1.0,1,,0,0,,5.0,1,,0,0,,0,0,,0,0,,0,0,,0,0,,20.0,1,,0,0,,0,0,,0,0,,0,0,,0.1,1,,0,0,shadow_hand_door_open_outward,42
0.4553,,1.0,1,,0,0,,5.0,1,,0,0,,0,0,,0,0,,0,0,,0,0,,20.0,1,,0,0,,0,0,,0,0,,0,0,,0.05,1,,0,0,shadow_hand_door_open_outward,42
0.9286,,1.0,1,,0,0,,5.0,1,,0,0,,0,0,,0,0,,0,0,,0,0,,20.0,1,,0,0,,0,0,,0,0,,0,0,,0.5,1,,0,0,shadow_hand_door_open_outward,42
0.9824,,5.0,1,,0,0,,5.0,1,,0,0,,0,0,,0,0,,0,0,,0,0,,20.0,1,,0,0,,0,0,,0,0,,0,0,,0.1,1,,0,0,shadow_hand_door_open_outward,42
0.8557,,5.0,1,,0,0,,5.0,1,,0,0,,0,0,,0,0,,0,0,,0,0,,20.0,1,,0,0,,0,0,,0,0,,0,0,,0.05,1,,0,0,shadow_hand_door_open_outward,42
0.9985,,5.0,1,,0,0,,5.0,1,,0,0,,0,0,,0,0,,0,0,,0,0,,20.0,1,,0,0,,0,0,,0,0,,0,0,,0.5,1,,0,0,shadow_hand_door_open_outward,42
0.7638,,5.0,1,,3.0,1,,10.0,1,,0,0,,0,0,,1.0,1,,0,0,,0,0,,0,0,,0,0,,0,0,,1.0,1,,0,0,,0,0,,2.0,1,shadow_hand_door_open_outward,42
0.999,,5.0,1,,3.0,1,,10.0,1,,0,0,,0,0,,1.0,1,,0,0,,0,0,,0,0,,0,0,,0,0,,0.5,1,,0,0,,0,0,,2.0,1,shadow_hand_door_open_outward,42
0.2429,,5.0,1,,3.0,1,,10.0,1,,0,0,,0,0,,1.0,1,,0,0,,0,0,,0,0,,0,0,,0,0,,5.0,1,,0,0,,0,0,,2.0,1,shadow_hand_door_open_outward,42
0.9671,,5.0,1,,3.0,1,,10.0,1,,0,0,,0,0,,0.5,1,,0,0,,0,0,,0,0,,0,0,,0,0,,1.0,1,,0,0,,0,0,,2.0,1,shadow_hand_door_open_outward,42
0.5231,,5.0,1,,3.0,1,,10.0,1,,0,0,,0,0,,0.5,1,,0,0,,0,0,,0,0,,0,0,,0,0,,0.5,1,,0,0,,0,0,,2.0,1,shadow_hand_door_open_outward,42
0.6046,,5.0,1,,3.0,1,,10.0,1,,0,0,,0,0,,0.5,1,,0,0,,0,0,,0,0,,0,0,,0,0,,5.0,1,,0,0,,0,0,,2.0,1,shadow_hand_door_open_outward,42
0.8481,,5.0,1,,3.0,1,,10.0,1,,0,0,,0,0,,5.0,1,,0,0,,0,0,,0,0,,0,0,,0,0,,1.0,1,,0,0,,0,0,,2.0,1,shadow_hand_door_open_outward,42
0.0858,,5.0,1,,3.0,1,,10.0,1,,0,0,,0,0,,5.0,1,,0,0,,0,0,,0,0,,0,0,,0,0,,0.5,1,,0,0,,0,0,,2.0,1,shadow_hand_door_open_outward,42
0.293,,5.0,1,,3.0,1,,10.0,1,,0,0,,0,0,,5.0,1,,0,0,,0,0,,0,0,,0,0,,0,0,,5.0,1,,0,0,,0,0,,2.0,1,shadow_hand_door_open_outward,42
0.9728,,1.0,1,,3.0,1,,10.0,1,,0,0,,0,0,,1.0,1,,0,0,,0,0,,0,0,,0,0,,0,0,,1.0,1,,0,0,,0,0,,1.0,1,shadow_hand_door_open_outward,42
0.0282,,1.0,1,,3.0,1,,10.0,1,,0,0,,0,0,,1.0,1,,0,0,,0,0,,0,0,,0,0,,0,0,,0.5,1,,0,0,,0,0,,1.0,1,shadow_hand_door_open_outward,42
0.5892,,1.0,1,,3.0,1,,10.0,1,,0,0,,0,0,,1.0,1,,0,0,,0,0,,0,0,,0,0,,0,0,,5.0,1,,0,0,,0,0,,1.0,1,shadow_hand_door_open_outward,42
0.0644,,1.0,1,,3.0,1,,10.0,1,,0,0,,0,0,,0.5,1,,0,0,,0,0,,0,0,,0,0,,0,0,,1.0,1,,0,0,,0,0,,1.0,1,shadow_hand_door_open_outward,42
0.8841,,1.0,1,,3.0,1,,10.0,1,,0,0,,0,0,,0.5,1,,0,0,,0,0,,0,0,,0,0,,0,0,,0.5,1,,0,0,,0,0,,1.0,1,shadow_hand_door_open_outward,42
0.9823,,1.0,1,,3.0,1,,10.0,1,,0,0,,0,0,,0.5,1,,0,0,,0,0,,0,0,,0,0,,0,0,,5.0,1,,0,0,,0,0,,1.0,1,shadow_hand_door_open_outward,42
0.5082,,1.0,1,,3.0,1,,10.0,1,,0,0,,0,0,,5.0,1,,0,0,,0,0,,0,0,,0,0,,0,0,,1.0,1,,0,0,,0,0,,1.0,1,shadow_hand_door_open_outward,42
0.9149,,1.0,1,,3.0,1,,10.0,1,,0,0,,0,0,,5.0,1,,0,0,,0,0,,0,0,,0,0,,0,0,,0.5,1,,0,0,,0,0,,1.0,1,shadow_hand_door_open_outward,42
0.9747,,1.0,1,,3.0,1,,10.0,1,,0,0,,0,0,,5.0,1,,0,0,,0,0,,0,0,,0,0,,0,0,,5.0,1,,0,0,,0,0,,1.0,1,shadow_hand_door_open_outward,42
0.7175,,10.0,1,,1.0,1,,5.0,1,,0,0,,0,0,,1.0,1,,0,0,,0,0,,0,0,,0,0,,0,0,,1.0,1,,0,0,,0,0,,5.0,1,shadow_hand_door_open_outward,42
0.9992,,10.0,1,,1.0,1,,5.0,1,,0,0,,0,0,,1.0,1,,0,0,,0,0,,0,0,,0,0,,0,0,,0.5,1,,0,0,,0,0,,5.0,1,shadow_hand_door_open_outward,42
0.9932,,10.0,1,,1.0,1,,5.0,1,,0,0,,0,0,,1.0,1,,0,0,,0,0,,0,0,,0,0,,0,0,,5.0,1,,0,0,,0,0,,5.0,1,shadow_hand_door_open_outward,42
0.9808,,10.0,1,,1.0,1,,5.0,1,,0,0,,0,0,,0.5,1,,0,0,,0,0,,0,0,,0,0,,0,0,,1.0,1,,0,0,,0,0,,5.0,1,shadow_hand_door_open_outward,42
0.5921,,10.0,1,,1.0,1,,5.0,1,,0,0,,0,0,,0.5,1,,0,0,,0,0,,0,0,,0,0,,0,0,,0.5,1,,0,0,,0,0,,5.0,1,shadow_hand_door_open_outward,42
0.9674,,10.0,1,,1.0,1,,5.0,1,,0,0,,0,0,,0.5,1,,0,0,,0,0,,0,0,,0,0,,0,0,,5.0,1,,0,0,,0,0,,5.0,1,shadow_hand_door_open_outward,42
0.9925,,10.0,1,,1.0,1,,5.0,1,,0,0,,0,0,,5.0,1,,0,0,,0,0,,0,0,,0,0,,0,0,,1.0,1,,0,0,,0,0,,5.0,1,shadow_hand_door_open_outward,42
0.4927,,10.0,1,,1.0,1,,5.0,1,,0,0,,0,0,,5.0,1,,0,0,,0,0,,0,0,,0,0,,0,0,,0.5,1,,0,0,,0,0,,5.0,1,shadow_hand_door_open_outward,42
0.1928,,10.0,1,,1.0,1,,5.0,1,,0,0,,0,0,,5.0,1,,0,0,,0,0,,0,0,,0,0,,0,0,,5.0,1,,0,0,,0,0,,5.0,1,shadow_hand_door_open_outward,42
0.669,,5.0,1,,10.0,1,,20.0,1,,0,0,,0,0,,1.0,1,,0,0,,0,0,,0,0,,0,0,,0,0,,1.0,1,,0,0,,0,0,,2.0,1,shadow_hand_door_open_outward,42
0.9467,,5.0,1,,10.0,1,,20.0,1,,0,0,,0,0,,1.0,1,,0,0,,0,0,,0,0,,0,0,,0,0,,0.5,1,,0,0,,0,0,,2.0,1,shadow_hand_door_open_outward,42
0.9823,,5.0,1,,10.0,1,,20.0,1,,0,0,,0,0,,1.0,1,,0,0,,0,0,,0,0,,0,0,,0,0,,5.0,1,,0,0,,0,0,,2.0,1,shadow_hand_door_open_outward,42
0.9829,,5.0,1,,10.0,1,,20.0,1,,0,0,,0,0,,0.5,1,,0,0,,0,0,,0,0,,0,0,,0,0,,1.0,1,,0,0,,0,0,,2.0,1,shadow_hand_door_open_outward,42
0.0689,,5.0,1,,10.0,1,,20.0,1,,0,0,,0,0,,0.5,1,,0,0,,0,0,,0,0,,0,0,,0,0,,0.5,1,,0,0,,0,0,,2.0,1,shadow_hand_door_open_outward,42
0.9602,,5.0,1,,10.0,1,,20.0,1,,0,0,,0,0,,0.5,1,,0,0,,0,0,,0,0,,0,0,,0,0,,5.0,1,,0,0,,0,0,,2.0,1,shadow_hand_door_open_outward,42
0.8506,,5.0,1,,10.0,1,,20.0,1,,0,0,,0,0,,5.0,1,,0,0,,0,0,,0,0,,0,0,,0,0,,1.0,1,,0,0,,0,0,,2.0,1,shadow_hand_door_open_outward,42
0.9884,,5.0,1,,10.0,1,,20.0,1,,0,0,,0,0,,5.0,1,,0,0,,0,0,,0,0,,0,0,,0,0,,0.5,1,,0,0,,0,0,,2.0,1,shadow_hand_door_open_outward,42
0.0,,5.0,1,,10.0,1,,20.0,1,,0,0,,0,0,,5.0,1,,0,0,,0,0,,0,0,,0,0,,0,0,,5.0,1,,0,0,,0,0,,2.0,1,shadow_hand_door_open_outward,42
0.9323,,5.0,1,,0,0,,10.0,1,,0,0,,2.0,1,,0,0,,0,0,,0,0,,0,0,,0,0,,0,0,,0,0,,1.0,1,,0,0,,1.0,1,shadow_hand_door_open_outward,42
0.3146,,5.0,1,,0,0,,10.0,1,,0,0,,2.0,1,,0,0,,0,0,,0,0,,0,0,,0,0,,0,0,,0,0,,0.5,1,,0,0,,1.0,1,shadow_hand_door_open_outward,42
0.9986,,5.0,1,,0,0,,10.0,1,,0,0,,2.0,1,,0,0,,0,0,,0,0,,0,0,,0,0,,0,0,,0,0,,5.0,1,,0,0,,1.0,1,shadow_hand_door_open_outward,42
0.9516,,1.0,1,,0,0,,10.0,1,,0,0,,2.0,1,,0,0,,0,0,,0,0,,0,0,,0,0,,0,0,,0,0,,1.0,1,,0,0,,1.0,1,shadow_hand_door_open_outward,42
0.9991,,1.0,1,,0,0,,10.0,1,,0,0,,2.0,1,,0,0,,0,0,,0,0,,0,0,,0,0,,0,0,,0,0,,0.5,1,,0,0,,1.0,1,shadow_hand_door_open_outward,42
0.9972,,1.0,1,,0,0,,10.0,1,,0,0,,2.0,1,,0,0,,0,0,,0,0,,0,0,,0,0,,0,0,,0,0,,5.0,1,,0,0,,1.0,1,shadow_hand_door_open_outward,42
0.2346,,10.0,1,,0,0,,10.0,1,,0,0,,2.0,1,,0,0,,0,0,,0,0,,0,0,,0,0,,0,0,,0,0,,1.0,1,,0,0,,1.0,1,shadow_hand_door_open_outward,42
0.9987,,10.0,1,,0,0,,10.0,1,,0,0,,2.0,1,,0,0,,0,0,,0,0,,0,0,,0,0,,0,0,,0,0,,0.5,1,,0,0,,1.0,1,shadow_hand_door_open_outward,42
0.9997,,10.0,1,,0,0,,10.0,1,,0,0,,2.0,1,,0,0,,0,0,,0,0,,0,0,,0,0,,0,0,,0,0,,5.0,1,,0,0,,1.0,1,shadow_hand_door_open_outward,42
0.9288,,5.0,1,,0,0,,5.0,1,,0,0,,2.0,1,,0,0,,0,0,,0,0,,0,0,,0,0,,0,0,,0,0,,1.0,1,,0,0,,0.5,1,shadow_hand_door_open_outward,42
0.8175,,5.0,1,,0,0,,5.0,1,,0,0,,2.0,1,,0,0,,0,0,,0,0,,0,0,,0,0,,0,0,,0,0,,0.5,1,,0,0,,0.5,1,shadow_hand_door_open_outward,42
0.9676,,5.0,1,,0,0,,5.0,1,,0,0,,2.0,1,,0,0,,0,0,,0,0,,0,0,,0,0,,0,0,,0,0,,5.0,1,,0,0,,0.5,1,shadow_hand_door_open_outward,42
0.9859,,1.0,1,,0,0,,5.0,1,,0,0,,2.0,1,,0,0,,0,0,,0,0,,0,0,,0,0,,0,0,,0,0,,1.0,1,,0,0,,0.5,1,shadow_hand_door_open_outward,42
0.9783,,1.0,1,,0,0,,5.0,1,,0,0,,2.0,1,,0,0,,0,0,,0,0,,0,0,,0,0,,0,0,,0,0,,0.5,1,,0,0,,0.5,1,shadow_hand_door_open_outward,42
0.9945,,1.0,1,,0,0,,5.0,1,,0,0,,2.0,1,,0,0,,0,0,,0,0,,0,0,,0,0,,0,0,,0,0,,5.0,1,,0,0,,0.5,1,shadow_hand_door_open_outward,42
9544.0,,10.0,1,,0,0,,5.0,1,,0,0,,2.0,1,,0,0,,0,0,,0,0,,0,0,,0,0,,0,0,,0,0,,1.0,1,,0,0,,0.5,1,shadow_hand_door_open_outward,42
0.2824,,10.0,1,,0,0,,5.0,1,,0,0,,2.0,1,,0,0,,0,0,,0,0,,0,0,,0,0,,0,0,,0,0,,0.5,1,,0,0,,0.5,1,shadow_hand_door_open_outward,42
0.2141,,10.0,1,,0,0,,5.0,1,,0,0,,2.0,1,,0,0,,0,0,,0,0,,0,0,,0,0,,0,0,,0,0,,5.0,1,,0,0,,0.5,1,shadow_hand_door_open_outward,42
0.3443,,5.0,1,,0,0,,20.0,1,,0,0,,1.0,1,,0,0,,0,0,,0,0,,0,0,,0,0,,0,0,,0,0,,1.0,1,,0,0,,5.0,1,shadow_hand_door_open_outward,42
0.9988,,5.0,1,,0,0,,20.0,1,,0,0,,1.0,1,,0,0,,0,0,,0,0,,0,0,,0,0,,0,0,,0,0,,0.5,1,,0,0,,5.0,1,shadow_hand_door_open_outward,42
0.9948,,5.0,1,,0,0,,20.0,1,,0,0,,1.0,1,,0,0,,0,0,,0,0,,0,0,,0,0,,0,0,,0,0,,5.0,1,,0,0,,5.0,1,shadow_hand_door_open_outward,42
0.9808,,1.0,1,,0,0,,20.0,1,,0,0,,1.0,1,,0,0,,0,0,,0,0,,0,0,,0,0,,0,0,,0,0,,1.0,1,,0,0,,5.0,1,shadow_hand_door_open_outward,42
0.7807,,1.0,1,,0,0,,20.0,1,,0,0,,1.0,1,,0,0,,0,0,,0,0,,0,0,,0,0,,0,0,,0,0,,0.5,1,,0,0,,5.0,1,shadow_hand_door_open_outward,42
0.9891,,1.0,1,,0,0,,20.0,1,,0,0,,1.0,1,,0,0,,0,0,,0,0,,0,0,,0,0,,0,0,,0,0,,5.0,1,,0,0,,5.0,1,shadow_hand_door_open_outward,42
0.9881,,10.0,1,,0,0,,20.0,1,,0,0,,1.0,1,,0,0,,0,0,,0,0,,0,0,,0,0,,0,0,,0,0,,1.0,1,,0,0,,5.0,1,shadow_hand_door_open_outward,42
0.2293,,10.0,1,,0,0,,20.0,1,,0,0,,1.0,1,,0,0,,0,0,,0,0,,0,0,,0,0,,0,0,,0,0,,0.5,1,,0,0,,5.0,1,shadow_hand_door_open_outward,42
0.9524,,10.0,1,,0,0,,20.0,1,,0,0,,1.0,1,,0,0,,0,0,,0,0,,0,0,,0,0,,0,0,,0,0,,5.0,1,,0,0,,5.0,1,shadow_hand_door_open_outward,42
0.9995,,5.0,1,,0,0,,10.0,1,,0,0,,5.0,1,,0,0,,0,0,,0,0,,0,0,,0,0,,0,0,,0,0,,1.0,1,,0,0,,1.0,1,shadow_hand_door_open_outward,42
0.0006,,5.0,1,,0,0,,10.0,1,,0,0,,5.0,1,,0,0,,0,0,,0,0,,0,0,,0,0,,0,0,,0,0,,0.5,1,,0,0,,1.0,1,shadow_hand_door_open_outward,42
0.6958,,5.0,1,,0,0,,10.0,1,,0,0,,5.0,1,,0,0,,0,0,,0,0,,0,0,,0,0,,0,0,,0,0,,5.0,1,,0,0,,1.0,1,shadow_hand_door_open_outward,42
0.4301,,1.0,1,,0,0,,10.0,1,,0,0,,5.0,1,,0,0,,0,0,,0,0,,0,0,,0,0,,0,0,,0,0,,1.0,1,,0,0,,1.0,1,shadow_hand_door_open_outward,42
0.9762,,1.0,1,,0,0,,10.0,1,,0,0,,5.0,1,,0,0,,0,0,,0,0,,0,0,,0,0,,0,0,,0,0,,0.5,1,,0,0,,1.0,1,shadow_hand_door_open_outward,42
0.9906,,1.0,1,,0,0,,10.0,1,,0,0,,5.0,1,,0,0,,0,0,,0,0,,0,0,,0,0,,0,0,,0,0,,5.0,1,,0,0,,1.0,1,shadow_hand_door_open_outward,42
0.8691,,10.0,1,,0,0,,10.0,1,,0,0,,5.0,1,,0,0,,0,0,,0,0,,0,0,,0,0,,0,0,,0,0,,1.0,1,,0,0,,1.0,1,shadow_hand_door_open_outward,42
0.3418,,10.0,1,,0,0,,10.0,1,,0,0,,5.0,1,,0,0,,0,0,,0,0,,0,0,,0,0,,0,0,,0,0,,0.5,1,,0,0,,1.0,1,shadow_hand_door_open_outward,42
0.9926,,10.0,1,,0,0,,10.0,1,,0,0,,5.0,1,,0,0,,0,0,,0,0,,0,0,,0,0,,0,0,,0,0,,5.0,1,,0,0,,1.0,1,shadow_hand_door_open_outward,42
