score,r_angular_velocity_reward,w_angular_velocity_reward,active_angular_velocity_reward,r_angvel_reward,w_angvel_reward,active_angvel_reward,r_distance_reward,w_distance_reward,active_distance_reward,r_drop_penalty,w_drop_penalty,active_drop_penalty,r_finger_reward,w_finger_reward,active_finger_reward,r_fingertip_reward,w_fingertip_reward,active_fingertip_reward,r_goal_penalty,w_goal_penalty,active_goal_penalty,r_goal_reward,w_goal_reward,active_goal_reward,r_grasp_reward,w_grasp_reward,active_grasp_reward,r_grip_reward,w_grip_reward,active_grip_reward,r_hand_cup_dist_reward,w_hand_cup_dist_reward,active_hand_cup_dist_reward,r_hand_handle_reward,w_hand_handle_reward,active_hand_handle_reward,r_handle_reward,w_handle_reward,active_handle_reward,r_linvel_reward,w_linvel_reward,active_linvel_reward,r_pos_reward,w_pos_reward,active_pos_reward,r_rot_reward,w_rot_reward,active_rot_reward,r_stability_reward,w_stability_reward,active_stability_reward,r_swing_reward,w_swing_reward,active_swing_reward,r_swing_velocity_reward,w_swing_velocity_reward,active_swing_velocity_reward,r_task_success,w_task_success,active_task_success,r_vel_reward,w_vel_reward,active_vel_reward,r_velocity_reward,w_velocity_reward,active_velocity_reward,env_id,seed
0.109,,0,0,,0,0,,0,0,,0,0,,0,0,,0,0,,0,0,,5.0,1,,0.1,1,,0,0,,0,0,,0,0,,0,0,,0,0,,0,0,,0,0,,0,0,,0.5,1,,0,0,,1.0,1,,0,0,,0,0,shadow_hand_swing_cup,42
0.0121,,0,0,,0,0,,0,0,,0,0,,0,0,,0,0,,0,0,,5.0,1,,0.1,1,,0,0,,0,0,,0,0,,0,0,,0,0,,0,0,,0,0,,0,0,,0.5,1,,0,0,,0.5,1,,0,0,,0,0,shadow_hand_swing_cup,42
0.0802,,0,0,,0,0,,0,0,,0,0,,0,0,,0,0,,0,0,,5.0,1,,0.1,1,,0,0,,0,0,,0,0,,0,0,,0,0,,0,0,,0,0,,0,0,,0.1,1,,0,0,,1.0,1,,0,0,,0,0,shadow_hand_swing_cup,42
0.7965,,0,0,,0,0,,0,0,,0,0,,0,0,,0,0,,0,0,,5.0,1,,0.1,1,,0,0,,0,0,,0,0,,0,0,,0,0,,0,0,,0,0,,0,0,,0.1,1,,0,0,,0.5,1,,0,0,,0,0,shadow_hand_swing_cup,42
0.0275,,0,0,,0,0,,0,0,,0,0,,0,0,,0,0,,0,0,,5.0,1,,0.1,1,,0,0,,0,0,,0,0,,0,0,,0,0,,0,0,,0,0,,0,0,,1.0,1,,0,0,,1.0,1,,0,0,,0,0,shadow_hand_swing_cup,42
0.4089,,0,0,,0,0,,0,0,,0,0,,0,0,,0,0,,0,0,,5.0,1,,0.1,1,,0,0,,0,0,,0,0,,0,0,,0,0,,0,0,,0,0,,0,0,,1.0,1,,0,0,,0.5,1,,0,0,,0,0,shadow_hand_swing_cup,42
0.1477,,0,0,,0,0,,0,0,,0,0,,0,0,,0,0,,0,0,,5.0,1,,0.1,1,,0,0,,0,0,,0,0,,0,0,,0,0,,0,0,,0,0,,0,0,,1.0,1,,0,0,,5.0,1,,0,0,,0,0,shadow_hand_swing_cup,42
0.4425,,0,0,,0,0,,0,0,,0,0,,0,0,,0,0,,0,0,,1.0,1,,0.1,1,,0,0,,0,0,,0,0,,0,0,,0,0,,0,0,,0,0,,0,0,,0.5,1,,0,0,,1.0,1,,0,0,,0,0,shadow_hand_swing_cup,42
0.0997,,0,0,,0,0,,0,0,,0,0,,0,0,,0,0,,0,0,,1.0,1,,0.1,1,,0,0,,0,0,,0,0,,0,0,,0,0,,0,0,,0,0,,0,0,,0.5,1,,0,0,,5.0,1,,0,0,,0,0,shadow_hand_swing_cup,42
0.7638,,0,0,,0,0,,0,0,,0,0,,0,0,,0,0,,0,0,,1.0,1,,0.1,1,,0,0,,0,0,,0,0,,0,0,,0,0,,0,0,,0,0,,0,0,,0.1,1,,0,0,,1.0,1,,0,0,,0,0,shadow_hand_swing_cup,42
0.0078,,0,0,,0,0,,0,0,,0,0,,0,0,,0,0,,0,0,,1.0,1,,0.1,1,,0,0,,0,0,,0,0,,0,0,,0,0,,0,0,,0,0,,0,0,,1.0,1,,0,0,,1.0,1,,0,0,,0,0,shadow_hand_swing_cup,42
0.0057,,0,0,,0,0,,0,0,,0,0,,0,0,,0,0,,0,0,,1.0,1,,0.1,1,,0,0,,0,0,,0,0,,0,0,,0,0,,0,0,,0,0,,0,0,,1.0,1,,0,0,,0.5,1,,0,0,,0,0,shadow_hand_swing_cup,42
0.0082,,0,0,,0,0,,0,0,,0,0,,0,0,,0,0,,0,0,,1.0,1,,0.1,1,,0,0,,0,0,,0,0,,0,0,,0,0,,0,0,,0,0,,0,0,,1.0,1,,0,0,,5.0,1,,0,0,,0,0,shadow_hand_swing_cup,42
0.0944,,0,0,,0,0,,0,0,,0,0,,0,0,,0,0,,0,0,,10.0,1,,0.5,1,,0,0,,0,0,,0,0,,0,0,,0,0,,0,0,,0,0,,0,0,,0.5,1,,0,0,,1.0,1,,0,0,,0,0,shadow_hand_swing_cup,42
0.0686,,0,0,,0,0,,0,0,,0,0,,0,0,,0,0,,0,0,,10.0,1,,0.5,1,,0,0,,0,0,,0,0,,0,0,,0,0,,0,0,,0,0,,0,0,,0.5,1,,0,0,,0.5,1,,0,0,,0,0,shadow_hand_swing_cup,42
0.0965,,0,0,,0,0,,0,0,,0,0,,0,0,,0,0,,0,0,,10.0,1,,0.5,1,,0,0,,0,0,,0,0,,0,0,,0,0,,0,0,,0,0,,0,0,,0.5,1,,0,0,,5.0,1,,0,0,,0,0,shadow_hand_swing_cup,42
0.176,,0,0,,0,0,,0,0,,0,0,,0,0,,0,0,,0,0,,10.0,1,,0.5,1,,0,0,,0,0,,0,0,,0,0,,0,0,,0,0,,0,0,,0,0,,0.1,1,,0,0,,1.0,1,,0,0,,0,0,shadow_hand_swing_cup,42
0.0279,,0,0,,0,0,,0,0,,0,0,,0,0,,0,0,,0,0,,10.0,1,,0.5,1,,0,0,,0,0,,0,0,,0,0,,0,0,,0,0,,0,0,,0,0,,1.0,1,,0,0,,1.0,1,,0,0,,0,0,shadow_hand_swing_cup,42
0.0048,,0,0,,0,0,,0,0,,0,0,,0,0,,0,0,,0,0,,10.0,1,,0.5,1,,0,0,,0,0,,0,0,,0,0,,0,0,,0,0,,0,0,,0,0,,1.0,1,,0,0,,5.0,1,,0,0,,0,0,shadow_hand_swing_cup,42
0.0463,,0,0,,0,0,,0,0,,0,0,,0,0,,0,0,,0,0,,5.0,1,,1.0,1,,0,0,,0,0,,0,0,,0,0,,0,0,,0,0,,0,0,,0,0,,0.5,1,,0,0,,1.0,1,,0,0,,0,0,shadow_hand_swing_cup,42
0.0257,,0,0,,0,0,,0,0,,0,0,,0,0,,0,0,,0,0,,5.0,1,,1.0,1,,0,0,,0,0,,0,0,,0,0,,0,0,,0,0,,0,0,,0,0,,0.5,1,,0,0,,0.5,1,,0,0,,0,0,shadow_hand_swing_cup,42
0.0433,,0,0,,0,0,,0,0,,0,0,,0,0,,0,0,,0,0,,5.0,1,,1.0,1,,0,0,,0,0,,0,0,,0,0,,0,0,,0,0,,0,0,,0,0,,1.0,1,,0,0,,1.0,1,,0,0,,0,0,shadow_hand_swing_cup,42
0.089,,0,0,,0,0,,0,0,,0,0,,0,0,,0,0,,0,0,,5.0,1,,1.0,1,,0,0,,0,0,,0,0,,0,0,,0,0,,0,0,,0,0,,0,0,,1.0,1,,0,0,,0.5,1,,0,0,,0,0,shadow_hand_swing_cup,42
0.0064,,0,0,,0,0,,0,0,,0,0,,0,0,,0,0,,0,0,,5.0,1,,1.0,1,,0,0,,0,0,,0,0,,0,0,,0,0,,0,0,,0,0,,0,0,,1.0,1,,0,0,,5.0,1,,0,0,,0,0,shadow_hand_swing_cup,42
0.0308,,0,0,,0,0,,0,0,,0,0,,0,0,,0,0,,0,0,,0.1,1,,0.1,1,,0,0,,0,0,,0,0,,0,0,,0,0,,0,0,,0,0,,0,0,,0.05,1,,0,0,,0,0,,0,0,,0,0,shadow_hand_swing_cup,42
0.0005,,0,0,,0,0,,0,0,,0,0,,0,0,,0,0,,0,0,,0.1,1,,0.1,1,,0,0,,0,0,,0,0,,0,0,,0,0,,0,0,,0,0,,0,0,,0.1,1,,0,0,,0,0,,0,0,,0,0,shadow_hand_swing_cup,42
0.0116,,0,0,,0,0,,0,0,,0,0,,0,0,,0,0,,0,0,,0.05,1,,0.1,1,,0,0,,0,0,,0,0,,0,0,,0,0,,0,0,,0,0,,0,0,,0.05,1,,0,0,,0,0,,0,0,,0,0,shadow_hand_swing_cup,42
0.0,,0,0,,0,0,,0,0,,0,0,,0,0,,0,0,,0,0,,0.05,1,,0.1,1,,0,0,,0,0,,0,0,,0,0,,0,0,,0,0,,0,0,,0,0,,0.1,1,,0,0,,0,0,,0,0,,0,0,shadow_hand_swing_cup,42
0.001,,0,0,,0,0,,0,0,,0,0,,0,0,,0,0,,0,0,,0.5,1,,0.1,1,,0,0,,0,0,,0,0,,0,0,,0,0,,0,0,,0,0,,0,0,,0.1,1,,0,0,,0,0,,0,0,,0,0,shadow_hand_swing_cup,42
0.0558,,0,0,,0,0,,0,0,,0,0,,0,0,,0,0,,0,0,,0.1,1,,0.5,1,,0,0,,0,0,,0,0,,0,0,,0,0,,0,0,,0,0,,0,0,,0.05,1,,0,0,,0,0,,0,0,,0,0,shadow_hand_swing_cup,42
0.0044,,0,0,,0,0,,0,0,,0,0,,0,0,,0,0,,0,0,,0.05,1,,0.5,1,,0,0,,0,0,,0,0,,0,0,,0,0,,0,0,,0,0,,0,0,,0.05,1,,0,0,,0,0,,0,0,,0,0,shadow_hand_swing_cup,42
0.0005,,0,0,,0,0,,0,0,,0,0,,0,0,,0,0,,0,0,,0.05,1,,0.5,1,,0,0,,0,0,,0,0,,0,0,,0,0,,0,0,,0,0,,0,0,,0.1,1,,0,0,,0,0,,0,0,,0,0,shadow_hand_swing_cup,42
0.1545,,0,0,,0,0,,0,0,,0,0,,0,0,,0,0,,0,0,,0.5,1,,0.5,1,,0,0,,0,0,,0,0,,0,0,,0,0,,0,0,,0,0,,0,0,,0.01,1,,0,0,,0,0,,0,0,,0,0,shadow_hand_swing_cup,42
0.0005,,0,0,,0,0,,0,0,,0,0,,0,0,,0,0,,0,0,,0.5,1,,0.5,1,,0,0,,0,0,,0,0,,0,0,,0,0,,0,0,,0,0,,0,0,,0.1,1,,0,0,,0,0,,0,0,,0,0,shadow_hand_swing_cup,42
0.0223,,0,0,,0,0,,0,0,,0,0,,0,0,,0,0,,0,0,,0.1,1,,1.0,1,,0,0,,0,0,,0,0,,0,0,,0,0,,0,0,,0,0,,0,0,,0.01,1,,0,0,,0,0,,0,0,,0,0,shadow_hand_swing_cup,42
0.001,,0,0,,0,0,,0,0,,0,0,,0,0,,0,0,,0,0,,0.1,1,,1.0,1,,0,0,,0,0,,0,0,,0,0,,0,0,,0,0,,0,0,,0,0,,0.05,1,,0,0,,0,0,,0,0,,0,0,shadow_hand_swing_cup,42
0.0,,0,0,,0,0,,0,0,,0,0,,0,0,,0,0,,0,0,,0.1,1,,1.0,1,,0,0,,0,0,,0,0,,0,0,,0,0,,0,0,,0,0,,0,0,,0.1,1,,0,0,,0,0,,0,0,,0,0,shadow_hand_swing_cup,42
0.0019,,0,0,,0,0,,0,0,,0,0,,0,0,,0,0,,0,0,,0.05,1,,1.0,1,,0,0,,0,0,,0,0,,0,0,,0,0,,0,0,,0,0,,0,0,,0.05,1,,0,0,,0,0,,0,0,,0,0,shadow_hand_swing_cup,42
0.0005,,0,0,,0,0,,0,0,,0,0,,0,0,,0,0,,0,0,,0.05,1,,1.0,1,,0,0,,0,0,,0,0,,0,0,,0,0,,0,0,,0,0,,0,0,,0.1,1,,0,0,,0,0,,0,0,,0,0,shadow_hand_swing_cup,42
0.1274,,0,0,,0,0,,0,0,,0,0,,0,0,,0,0,,0,0,,0.5,1,,1.0,1,,0,0,,0,0,,0,0,,0,0,,0,0,,0,0,,0,0,,0,0,,0.01,1,,0,0,,0,0,,0,0,,0,0,shadow_hand_swing_cup,42
0.0005,,0,0,,0,0,,0,0,,0,0,,0,0,,0,0,,0,0,,0.5,1,,1.0,1,,0,0,,0,0,,0,0,,0,0,,0,0,,0,0,,0,0,,0,0,,0.05,1,,0,0,,0,0,,0,0,,0,0,shadow_hand_swing_cup,42
1.0,,0,0,,0,0,,0,0,,0,0,,0,0,,0,0,,0,0,,0.5,1,,1.0,1,,0,0,,0,0,,0,0,,0,0,,0,0,,0,0,,0,0,,0,0,,0.1,1,,0,0,,0,0,,0,0,,0,0,shadow_hand_swing_cup,42
0.0083,,0,0,,0,0,,0,0,,1.0,1,,0,0,,0,0,,0,0,,0.1,1,,0.05,1,,0,0,,0,0,,0,0,,0,0,,0,0,,0,0,,0,0,,0,0,,0.01,1,,0,0,,0,0,,0,0,,0,0,shadow_hand_swing_cup,42
0.0,,0,0,,0,0,,0,0,,0.5,1,,0,0,,0,0,,0,0,,0.1,1,,0.05,1,,0,0,,0,0,,0,0,,0,0,,0,0,,0,0,,0,0,,0,0,,0.01,1,,0,0,,0,0,,0,0,,0,0,shadow_hand_swing_cup,42
0.0,,0,0,,0,0,,0,0,,1.0,1,,0,0,,0,0,,0,0,,0.1,1,,0.05,1,,0,0,,0,0,,0,0,,0,0,,0,0,,0,0,,0,0,,0,0,,0.05,1,,0,0,,0,0,,0,0,,0,0,shadow_hand_swing_cup,42
0.0,,0,0,,0,0,,0,0,,0.5,1,,0,0,,0,0,,0,0,,0.1,1,,0.05,1,,0,0,,0,0,,0,0,,0,0,,0,0,,0,0,,0,0,,0,0,,0.05,1,,0,0,,0,0,,0,0,,0,0,shadow_hand_swing_cup,42
0.0,,0,0,,0,0,,0,0,,5.0,1,,0,0,,0,0,,0,0,,0.1,1,,0.05,1,,0,0,,0,0,,0,0,,0,0,,0,0,,0,0,,0,0,,0,0,,0.05,1,,0,0,,0,0,,0,0,,0,0,shadow_hand_swing_cup,42
0.0337,,0,0,,0,0,,0,0,,1.0,1,,0,0,,0,0,,0,0,,0.1,1,,0.05,1,,0,0,,0,0,,0,0,,0,0,,0,0,,0,0,,0,0,,0,0,,0.1,1,,0,0,,0,0,,0,0,,0,0,shadow_hand_swing_cup,42
0.1324,,0,0,,0,0,,0,0,,5.0,1,,0,0,,0,0,,0,0,,0.1,1,,0.05,1,,0,0,,0,0,,0,0,,0,0,,0,0,,0,0,,0,0,,0,0,,0.1,1,,0,0,,0,0,,0,0,,0,0,shadow_hand_swing_cup,42
0.0,,0,0,,0,0,,0,0,,0.5,1,,0,0,,0,0,,0,0,,0.5,1,,0.05,1,,0,0,,0,0,,0,0,,0,0,,0,0,,0,0,,0,0,,0,0,,0.01,1,,0,0,,0,0,,0,0,,0,0,shadow_hand_swing_cup,42
0.0,,0,0,,0,0,,0,0,,5.0,1,,0,0,,0,0,,0,0,,0.5,1,,0.05,1,,0,0,,0,0,,0,0,,0,0,,0,0,,0,0,,0,0,,0,0,,0.01,1,,0,0,,0,0,,0,0,,0,0,shadow_hand_swing_cup,42
0.0,,0,0,,0,0,,0,0,,1.0,1,,0,0,,0,0,,0,0,,0.5,1,,0.05,1,,0,0,,0,0,,0,0,,0,0,,0,0,,0,0,,0,0,,0,0,,0.05,1,,0,0,,0,0,,0,0,,0,0,shadow_hand_swing_cup,42
0.0005,,0,0,,0,0,,0,0,,0.5,1,,0,0,,0,0,,0,0,,0.5,1,,0.05,1,,0,0,,0,0,,0,0,,0,0,,0,0,,0,0,,0,0,,0,0,,0.05,1,,0,0,,0,0,,0,0,,0,0,shadow_hand_swing_cup,42
0.0,,0,0,,0,0,,0,0,,5.0,1,,0,0,,0,0,,0,0,,0.5,1,,0.05,1,,0,0,,0,0,,0,0,,0,0,,0,0,,0,0,,0,0,,0,0,,0.05,1,,0,0,,0,0,,0,0,,0,0,shadow_hand_swing_cup,42
0.143,,0,0,,0,0,,0,0,,1.0,1,,0,0,,0,0,,0,0,,1.0,1,,0.5,1,,0,0,,0,0,,0,0,,0,0,,0,0,,0,0,,0,0,,0,0,,0.05,1,,0,0,,0,0,,0,0,,0,0,shadow_hand_swing_cup,42
0.0507,,0,0,,0,0,,0,0,,0.5,1,,0,0,,0,0,,0,0,,1.0,1,,0.5,1,,0,0,,0,0,,0,0,,0,0,,0,0,,0,0,,0,0,,0,0,,0.05,1,,0,0,,0,0,,0,0,,0,0,shadow_hand_swing_cup,42
0.3284,,0,0,,0,0,,0,0,,1.0,1,,0,0,,0,0,,0,0,,1.0,1,,0.5,1,,0,0,,0,0,,0,0,,0,0,,0,0,,0,0,,0,0,,0,0,,0.5,1,,0,0,,0,0,,0,0,,0,0,shadow_hand_swing_cup,42
0.0,,0,0,,0,0,,0,0,,1.0,1,,0,0,,0,0,,0,0,,0.1,1,,0.05,1,,0,0,,0,0,,0,0,,0,0,,0,0,,0,0,,0,0,,0,0,,0.01,1,,0,0,,0,0,,0,0,,0,0,shadow_hand_swing_cup,42
0.0575,,0,0,,0,0,,0,0,,0.5,1,,0,0,,0,0,,0,0,,0.1,1,,0.05,1,,0,0,,0,0,,0,0,,0,0,,0,0,,0,0,,0,0,,0,0,,0.01,1,,0,0,,0,0,,0,0,,0,0,shadow_hand_swing_cup,42
0.0005,,0,0,,0,0,,0,0,,5.0,1,,0,0,,0,0,,0,0,,0.1,1,,0.05,1,,0,0,,0,0,,0,0,,0,0,,0,0,,0,0,,0,0,,0,0,,0.01,1,,0,0,,0,0,,0,0,,0,0,shadow_hand_swing_cup,42
0.0,,0,0,,0,0,,0,0,,1.0,1,,0,0,,0,0,,0,0,,0.1,1,,0.05,1,,0,0,,0,0,,0,0,,0,0,,0,0,,0,0,,0,0,,0,0,,0.05,1,,0,0,,0,0,,0,0,,0,0,shadow_hand_swing_cup,42
0.0,,0,0,,0,0,,0,0,,0.5,1,,0,0,,0,0,,0,0,,0.1,1,,0.05,1,,0,0,,0,0,,0,0,,0,0,,0,0,,0,0,,0,0,,0,0,,0.05,1,,0,0,,0,0,,0,0,,0,0,shadow_hand_swing_cup,42
0.0,,0,0,,0,0,,0,0,,5.0,1,,0,0,,0,0,,0,0,,0.1,1,,0.05,1,,0,0,,0,0,,0,0,,0,0,,0,0,,0,0,,0,0,,0,0,,0.05,1,,0,0,,0,0,,0,0,,0,0,shadow_hand_swing_cup,42
0.0,,0,0,,0,0,,0,0,,1.0,1,,0,0,,0,0,,0,0,,0.1,1,,0.05,1,,0,0,,0,0,,0,0,,0,0,,0,0,,0,0,,0,0,,0,0,,0.1,1,,0,0,,0,0,,0,0,,0,0,shadow_hand_swing_cup,42
0.0061,,0,0,,0,0,,0,0,,0.5,1,,0,0,,0,0,,0,0,,0.1,1,,0.05,1,,0,0,,0,0,,0,0,,0,0,,0,0,,0,0,,0,0,,0,0,,0.1,1,,0,0,,0,0,,0,0,,0,0,shadow_hand_swing_cup,42
0.001,,0,0,,0,0,,0,0,,5.0,1,,0,0,,0,0,,0,0,,0.1,1,,0.05,1,,0,0,,0,0,,0,0,,0,0,,0,0,,0,0,,0,0,,0,0,,0.1,1,,0,0,,0,0,,0,0,,0,0,shadow_hand_swing_cup,42
0.0,,0,0,,0,0,,0,0,,0.5,1,,0,0,,0,0,,0,0,,0.2,1,,0.05,1,,0,0,,0,0,,0,0,,0,0,,0,0,,0,0,,0,0,,0,0,,0.01,1,,0,0,,0.1,1,,0,0,,0,0,shadow_hand_swing_cup,42
0.1035,,0,0,,0,0,,0,0,,1.0,1,,0,0,,0,0,,0,0,,0.2,1,,0.05,1,,0,0,,0,0,,0,0,,0,0,,0,0,,0,0,,0,0,,0,0,,0.01,1,,0,0,,0.05,1,,0,0,,0,0,shadow_hand_swing_cup,42
0.001,,0,0,,0,0,,0,0,,0.5,1,,0,0,,0,0,,0,0,,0.2,1,,0.05,1,,0,0,,0,0,,0,0,,0,0,,0,0,,0,0,,0,0,,0,0,,0.01,1,,0,0,,0.05,1,,0,0,,0,0,shadow_hand_swing_cup,42
0.0,,0,0,,0,0,,0,0,,1.0,1,,0,0,,0,0,,0,0,,0.2,1,,0.05,1,,0,0,,0,0,,0,0,,0,0,,0,0,,0,0,,0,0,,0,0,,0.1,1,,0,0,,0.1,1,,0,0,,0,0,shadow_hand_swing_cup,42
0.0,,0,0,,0,0,,0,0,,0.5,1,,0,0,,0,0,,0,0,,0.2,1,,0.05,1,,0,0,,0,0,,0,0,,0,0,,0,0,,0,0,,0,0,,0,0,,0.1,1,,0,0,,0.1,1,,0,0,,0,0,shadow_hand_swing_cup,42
0.0,,0,0,,0,0,,0,0,,1.0,1,,0,0,,0,0,,0,0,,0.2,1,,0.05,1,,0,0,,0,0,,0,0,,0,0,,0,0,,0,0,,0,0,,0,0,,0.1,1,,0,0,,0.05,1,,0,0,,0,0,shadow_hand_swing_cup,42
0.0,,0,0,,0,0,,0,0,,0.5,1,,0,0,,0,0,,0,0,,0.2,1,,0.05,1,,0,0,,0,0,,0,0,,0,0,,0,0,,0,0,,0,0,,0,0,,0.1,1,,0,0,,0.05,1,,0,0,,0,0,shadow_hand_swing_cup,42
0.0,,0,0,,0,0,,0,0,,1.0,1,,0,0,,0,0,,0,0,,0.1,1,,0.05,1,,0,0,,0,0,,0,0,,0,0,,0,0,,0,0,,0,0,,0,0,,0.01,1,,0,0,,0.1,1,,0,0,,0,0,shadow_hand_swing_cup,42
0.0676,,0,0,,0,0,,0,0,,1.0,1,,0,0,,0,0,,0,0,,0.1,1,,0.05,1,,0,0,,0,0,,0,0,,0,0,,0,0,,0,0,,0,0,,0,0,,0.01,1,,0,0,,0.5,1,,0,0,,0,0,shadow_hand_swing_cup,42
0.0,,0,0,,0,0,,0,0,,0.5,1,,0,0,,0,0,,0,0,,0.1,1,,0.05,1,,0,0,,0,0,,0,0,,0,0,,0,0,,0,0,,0,0,,0,0,,0.01,1,,0,0,,0.5,1,,0,0,,0,0,shadow_hand_swing_cup,42
0.0,,0,0,,0,0,,0,0,,1.0,1,,0,0,,0,0,,0,0,,0.1,1,,0.05,1,,0,0,,0,0,,0,0,,0,0,,0,0,,0,0,,0,0,,0,0,,0.5,1,,0,0,,0.1,1,,0,0,,0,0,shadow_hand_swing_cup,42
0.0,,0,0,,0,0,,0,0,,0.5,1,,0,0,,0,0,,0,0,,0.1,1,,0.05,1,,0,0,,0,0,,0,0,,0,0,,0,0,,0,0,,0,0,,0,0,,0.5,1,,0,0,,0.1,1,,0,0,,0,0,shadow_hand_swing_cup,42
0.021,,0,0,,0,0,,0,0,,1.0,1,,0,0,,0,0,,0,0,,0.1,1,,0.05,1,,0,0,,0,0,,0,0,,0,0,,0,0,,0,0,,0,0,,0,0,,0.5,1,,0,0,,0.5,1,,0,0,,0,0,shadow_hand_swing_cup,42
0.0,,0,0,,0,0,,0,0,,0.5,1,,0,0,,0,0,,0,0,,0.1,1,,0.05,1,,0,0,,0,0,,0,0,,0,0,,0,0,,0,0,,0,0,,0,0,,0.5,1,,0,0,,0.5,1,,0,0,,0,0,shadow_hand_swing_cup,42
0.0,,0,0,,0,0,,0,0,,1.0,1,,0,0,,0,0,,0,0,,0.5,1,,0.01,1,,0,0,,0,0,,0,0,,0,0,,0,0,,0,0,,0,0,,0,0,,0.01,1,,0,0,,0.1,1,,0,0,,0,0,shadow_hand_swing_cup,42
0.0,,0,0,,0,0,,0,0,,0.5,1,,0,0,,0,0,,0,0,,0.5,1,,0.01,1,,0,0,,0,0,,0,0,,0,0,,0,0,,0,0,,0,0,,0,0,,0.01,1,,0,0,,0.1,1,,0,0,,0,0,shadow_hand_swing_cup,42
0.0,,0,0,,0,0,,0,0,,1.0,1,,0,0,,0,0,,0,0,,0.5,1,,0.01,1,,0,0,,0,0,,0,0,,0,0,,0,0,,0,0,,0,0,,0,0,,0.01,1,,0,0,,0.05,1,,0,0,,0,0,shadow_hand_swing_cup,42
0.0,,0,0,,0,0,,0,0,,0.5,1,,0,0,,0,0,,0,0,,0.5,1,,0.01,1,,0,0,,0,0,,0,0,,0,0,,0,0,,0,0,,0,0,,0,0,,0.01,1,,0,0,,0.05,1,,0,0,,0,0,shadow_hand_swing_cup,42
0.0,,0,0,,0,0,,0,0,,1.0,1,,0,0,,0,0,,0,0,,0.5,1,,0.01,1,,0,0,,0,0,,0,0,,0,0,,0,0,,0,0,,0,0,,0,0,,0.1,1,,0,0,,0.1,1,,0,0,,0,0,shadow_hand_swing_cup,42
0.0,,0,0,,0,0,,0,0,,0.5,1,,0,0,,0,0,,0,0,,0.5,1,,0.01,1,,0,0,,0,0,,0,0,,0,0,,0,0,,0,0,,0,0,,0,0,,0.1,1,,0,0,,0.1,1,,0,0,,0,0,shadow_hand_swing_cup,42
0.0,,0,0,,0,0,,0,0,,1.0,1,,0,0,,0,0,,0,0,,0.5,1,,0.01,1,,0,0,,0,0,,0,0,,0,0,,0,0,,0,0,,0,0,,0,0,,0.1,1,,0,0,,0.05,1,,0,0,,0,0,shadow_hand_swing_cup,42
0.0,,0,0,,0,0,,0,0,,0.5,1,,0,0,,0,0,,0,0,,0.5,1,,0.01,1,,0,0,,0,0,,0,0,,0,0,,0,0,,0,0,,0,0,,0,0,,0.1,1,,0,0,,0.05,1,,0,0,,0,0,shadow_hand_swing_cup,42
0.2394,,0,0,,0,0,,0,0,,1.0,1,,0,0,,0,0,,0,0,,0.2,1,,0.5,1,,0,0,,0,0,,0,0,,0,0,,0,0,,0,0,,0,0,,0,0,,0.01,1,,0,0,,0.1,1,,0,0,,0,0,shadow_hand_swing_cup,42
0.2226,,0,0,,0,0,,0,0,,5.0,1,,0,0,,0,0,,0,0,,0.2,1,,0.5,1,,0,0,,0,0,,0,0,,0,0,,0,0,,0,0,,0,0,,0,0,,0.01,1,,0,0,,0.1,1,,0,0,,0,0,shadow_hand_swing_cup,42
0.9868,,0,0,,0,0,,0,0,,1.0,1,,0,0,,0,0,,0,0,,0.2,1,,0.5,1,,0,0,,0,0,,0,0,,0,0,,0,0,,0,0,,0,0,,0,0,,0.01,1,,0,0,,0.05,1,,0,0,,0,0,shadow_hand_swing_cup,42
0.1243,,0,0,,0,0,,0,0,,1.0,1,,0,0,,0,0,,0,0,,0.2,1,,0.5,1,,0,0,,0,0,,0,0,,0,0,,0,0,,0,0,,0,0,,0,0,,0.1,1,,0,0,,0.1,1,,0,0,,0,0,shadow_hand_swing_cup,42
0.0353,,0,0,,0,0,,0,0,,5.0,1,,0,0,,0,0,,0,0,,0.2,1,,0.5,1,,0,0,,0,0,,0,0,,0,0,,0,0,,0,0,,0,0,,0,0,,0.1,1,,0,0,,0.1,1,,0,0,,0,0,shadow_hand_swing_cup,42
0.0731,,0,0,,0,0,,0,0,,1.0,1,,0,0,,0,0,,0,0,,0.2,1,,0.5,1,,0,0,,0,0,,0,0,,0,0,,0,0,,0,0,,0,0,,0,0,,0.1,1,,0,0,,0.05,1,,0,0,,0,0,shadow_hand_swing_cup,42
0.0214,,0,0,,0,0,,0,0,,5.0,1,,0,0,,0,0,,0,0,,0.2,1,,0.5,1,,0,0,,0,0,,0,0,,0,0,,0,0,,0,0,,0,0,,0,0,,0.1,1,,0,0,,0.05,1,,0,0,,0,0,shadow_hand_swing_cup,42
0.0008,,0,0,,0,0,,0,0,,0,0,,0,0,,0,0,,1.0,1,,0,0,,0.01,1,,0,0,,0,0,,0,0,,0,0,,0,0,,0,0,,0,0,,0,0,,0,0,,0,0,,0,0,,0,0,,0,0,shadow_hand_swing_cup,42
0.0033,,0,0,,0,0,,0,0,,0,0,,0,0,,0,0,,0.5,1,,0,0,,0.01,1,,0,0,,0,0,,0,0,,0,0,,0,0,,0,0,,0,0,,0,0,,0,0,,0,0,,0,0,,0,0,,0,0,shadow_hand_swing_cup,42
0.002,,0,0,,0,0,,0,0,,0,0,,0,0,,0,0,,5.0,1,,0,0,,0.01,1,,0,0,,0,0,,0,0,,0,0,,0,0,,0,0,,0,0,,0,0,,0,0,,0,0,,0,0,,0,0,,0,0,shadow_hand_swing_cup,42
0.0808,,0,0,,0,0,,0,0,,0,0,,0,0,,0,0,,1.0,1,,0,0,,0.05,1,,0,0,,0,0,,0,0,,0,0,,0,0,,0,0,,0,0,,0,0,,0,0,,0,0,,0,0,,0,0,,0,0,shadow_hand_swing_cup,42
0.0103,,0,0,,0,0,,0,0,,0,0,,0,0,,0,0,,0.5,1,,0,0,,0.05,1,,0,0,,0,0,,0,0,,0,0,,0,0,,0,0,,0,0,,0,0,,0,0,,0,0,,0,0,,0,0,,0,0,shadow_hand_swing_cup,42
0.075,,0,0,,0,0,,0,0,,0,0,,0,0,,0,0,,1.0,1,,0,0,,0.5,1,,0,0,,0,0,,0,0,,0,0,,0,0,,0,0,,0,0,,0,0,,0,0,,0,0,,0,0,,0,0,,0,0,shadow_hand_swing_cup,42
0.019,,0,0,,0,0,,0,0,,0,0,,0,0,,0,0,,0.5,1,,0,0,,0.5,1,,0,0,,0,0,,0,0,,0,0,,0,0,,0,0,,0,0,,0,0,,0,0,,0,0,,0,0,,0,0,,0,0,shadow_hand_swing_cup,42
0.0704,,0,0,,0,0,,0,0,,0,0,,0,0,,0,0,,5.0,1,,0,0,,0.5,1,,0,0,,0,0,,0,0,,0,0,,0,0,,0,0,,0,0,,0,0,,0,0,,0,0,,0,0,,0,0,,0,0,shadow_hand_swing_cup,42
0.0197,,0.01,1,,0,0,,0,0,,0,0,,0,0,,0.02,1,,0,0,,0.1,1,,0,0,,0,0,,0.05,1,,0,0,,0,0,,0,0,,0,0,,0,0,,0,0,,0,0,,0.01,1,,0,0,,0,0,,0,0,shadow_hand_swing_cup,42
0.0,,0.05,1,,0,0,,0,0,,0,0,,0,0,,0.02,1,,0,0,,0.1,1,,0,0,,0,0,,0.05,1,,0,0,,0,0,,0,0,,0,0,,0,0,,0,0,,0,0,,0.01,1,,0,0,,0,0,,0,0,shadow_hand_swing_cup,42
0.0,,0.05,1,,0,0,,0,0,,0,0,,0,0,,0.01,1,,0,0,,0.1,1,,0,0,,0,0,,0.05,1,,0,0,,0,0,,0,0,,0,0,,0,0,,0,0,,0,0,,0.01,1,,0,0,,0,0,,0,0,shadow_hand_swing_cup,42
0.0735,,0.01,1,,0,0,,0,0,,0,0,,0,0,,0.01,1,,0,0,,0.1,1,,0,0,,0,0,,0.05,1,,0,0,,0,0,,0,0,,0,0,,0,0,,0,0,,0,0,,0.05,1,,0,0,,0,0,,0,0,shadow_hand_swing_cup,42
0.0,,0.05,1,,0,0,,0,0,,0,0,,0,0,,0.02,1,,0,0,,0.1,1,,0,0,,0,0,,0.05,1,,0,0,,0,0,,0,0,,0,0,,0,0,,0,0,,0,0,,0.05,1,,0,0,,0,0,,0,0,shadow_hand_swing_cup,42
0.0,,0.05,1,,0,0,,0,0,,0,0,,0,0,,0.01,1,,0,0,,0.1,1,,0,0,,0,0,,0.05,1,,0,0,,0,0,,0,0,,0,0,,0,0,,0,0,,0,0,,0.05,1,,0,0,,0,0,,0,0,shadow_hand_swing_cup,42
0.0,,0.01,1,,0,0,,0,0,,0,0,,0,0,,0.02,1,,0,0,,0.1,1,,0,0,,0,0,,0.01,1,,0,0,,0,0,,0,0,,0,0,,0,0,,0,0,,0,0,,0.01,1,,0,0,,0,0,,0,0,shadow_hand_swing_cup,42
0.0,,0.01,1,,0,0,,0,0,,0,0,,0,0,,0.01,1,,0,0,,0.1,1,,0,0,,0,0,,0.01,1,,0,0,,0,0,,0,0,,0,0,,0,0,,0,0,,0,0,,0.01,1,,0,0,,0,0,,0,0,shadow_hand_swing_cup,42
0.0,,0.05,1,,0,0,,0,0,,0,0,,0,0,,0.02,1,,0,0,,0.1,1,,0,0,,0,0,,0.01,1,,0,0,,0,0,,0,0,,0,0,,0,0,,0,0,,0,0,,0.01,1,,0,0,,0,0,,0,0,shadow_hand_swing_cup,42
0.0,,0.05,1,,0,0,,0,0,,0,0,,0,0,,0.01,1,,0,0,,0.1,1,,0,0,,0,0,,0.01,1,,0,0,,0,0,,0,0,,0,0,,0,0,,0,0,,0,0,,0.01,1,,0,0,,0,0,,0,0,shadow_hand_swing_cup,42
0.0,,0.01,1,,0,0,,0,0,,0,0,,0,0,,0.02,1,,0,0,,0.1,1,,0,0,,0,0,,0.01,1,,0,0,,0,0,,0,0,,0,0,,0,0,,0,0,,0,0,,0.05,1,,0,0,,0,0,,0,0,shadow_hand_swing_cup,42
0.0,,0.01,1,,0,0,,0,0,,0,0,,0,0,,0.01,1,,0,0,,0.1,1,,0,0,,0,0,,0.01,1,,0,0,,0,0,,0,0,,0,0,,0,0,,0,0,,0,0,,0.05,1,,0,0,,0,0,,0,0,shadow_hand_swing_cup,42
0.0,,0.05,1,,0,0,,0,0,,0,0,,0,0,,0.02,1,,0,0,,0.1,1,,0,0,,0,0,,0.01,1,,0,0,,0,0,,0,0,,0,0,,0,0,,0,0,,0,0,,0.05,1,,0,0,,0,0,,0,0,shadow_hand_swing_cup,42
0.0,,0.05,1,,0,0,,0,0,,0,0,,0,0,,0.01,1,,0,0,,0.1,1,,0,0,,0,0,,0.01,1,,0,0,,0,0,,0,0,,0,0,,0,0,,0,0,,0,0,,0.05,1,,0,0,,0,0,,0,0,shadow_hand_swing_cup,42
0.0179,,0.01,1,,0,0,,0,0,,0,0,,0,0,,0.02,1,,0,0,,0.05,1,,0,0,,0,0,,0.1,1,,0,0,,0,0,,0,0,,0,0,,0,0,,0,0,,0,0,,0.01,1,,0,0,,0,0,,0,0,shadow_hand_swing_cup,42
0.009,,0.01,1,,0,0,,0,0,,0,0,,0,0,,0.02,1,,0,0,,0.05,1,,0,0,,0,0,,0.1,1,,0,0,,0,0,,0,0,,0,0,,0,0,,0,0,,0,0,,0.05,1,,0,0,,0,0,,0,0,shadow_hand_swing_cup,42
0.0572,,0.05,1,,0,0,,0,0,,0,0,,0,0,,0.02,1,,0,0,,0.05,1,,0,0,,0,0,,0.1,1,,0,0,,0,0,,0,0,,0,0,,0,0,,0,0,,0,0,,0.05,1,,0,0,,0,0,,0,0,shadow_hand_swing_cup,42
0.1186,,0.01,1,,0,0,,0,0,,0,0,,0,0,,0.02,1,,0,0,,0.5,1,,0,0,,0,0,,0.05,1,,0,0,,0,0,,0,0,,0,0,,0,0,,0,0,,0,0,,0.01,1,,0,0,,0,0,,0,0,shadow_hand_swing_cup,42
0.1624,,0.01,1,,0,0,,0,0,,0,0,,0,0,,0.01,1,,0,0,,0.5,1,,0,0,,0,0,,0.05,1,,0,0,,0,0,,0,0,,0,0,,0,0,,0,0,,0,0,,0.01,1,,0,0,,0,0,,0,0,shadow_hand_swing_cup,42
0.0,,0.05,1,,0,0,,0,0,,0,0,,0,0,,0.02,1,,0,0,,0.5,1,,0,0,,0,0,,0.05,1,,0,0,,0,0,,0,0,,0,0,,0,0,,0,0,,0,0,,0.01,1,,0,0,,0,0,,0,0,shadow_hand_swing_cup,42
0.0,,0.05,1,,0,0,,0,0,,0,0,,0,0,,0.01,1,,0,0,,0.5,1,,0,0,,0,0,,0.05,1,,0,0,,0,0,,0,0,,0,0,,0,0,,0,0,,0,0,,0.01,1,,0,0,,0,0,,0,0,shadow_hand_swing_cup,42
0.065,,0.01,1,,0,0,,0,0,,0,0,,0,0,,0.02,1,,0,0,,0.5,1,,0,0,,0,0,,0.05,1,,0,0,,0,0,,0,0,,0,0,,0,0,,0,0,,0,0,,0.05,1,,0,0,,0,0,,0,0,shadow_hand_swing_cup,42
0.0,,0.05,1,,0,0,,0,0,,0,0,,0,0,,0.02,1,,0,0,,0.5,1,,0,0,,0,0,,0.05,1,,0,0,,0,0,,0,0,,0,0,,0,0,,0,0,,0,0,,0.05,1,,0,0,,0,0,,0,0,shadow_hand_swing_cup,42
0.0,,0.05,1,,0,0,,0,0,,0,0,,0,0,,0.01,1,,0,0,,0.5,1,,0,0,,0,0,,0.05,1,,0,0,,0,0,,0,0,,0,0,,0,0,,0,0,,0,0,,0.05,1,,0,0,,0,0,,0,0,shadow_hand_swing_cup,42
0.0148,,0,0,,0,0,,0,0,,0,0,,0.05,1,,0,0,,0,0,,0.1,1,,0,0,,0,0,,0,0,,0,0,,0.05,1,,0,0,,0,0,,0,0,,0,0,,0,0,,0,0,,0,0,,0,0,,0,0,shadow_hand_swing_cup,42
0.0,,0,0,,0,0,,0,0,,0,0,,0.02,1,,0,0,,0,0,,0.1,1,,0,0,,0,0,,0,0,,0,0,,0.01,1,,0,0,,0,0,,0,0,,0,0,,0,0,,0,0,,0,0,,0,0,,0,0,shadow_hand_swing_cup,42
0.0235,,0,0,,0,0,,0,0,,0,0,,0.01,1,,0,0,,0,0,,0.1,1,,0,0,,0,0,,0,0,,0,0,,0.01,1,,0,0,,0,0,,0,0,,0,0,,0,0,,0,0,,0,0,,0,0,,0,0,shadow_hand_swing_cup,42
0.0,,0,0,,0,0,,0,0,,0,0,,0.05,1,,0,0,,0,0,,0.1,1,,0,0,,0,0,,0,0,,0,0,,0.01,1,,0,0,,0,0,,0,0,,0,0,,0,0,,0,0,,0,0,,0,0,,0,0,shadow_hand_swing_cup,42
0.0684,,0,0,,0,0,,0,0,,0,0,,0.02,1,,0,0,,0,0,,0.05,1,,0,0,,0,0,,0,0,,0,0,,0.05,1,,0,0,,0,0,,0,0,,0,0,,0,0,,0,0,,0,0,,0,0,,0,0,shadow_hand_swing_cup,42
0.0,,0,0,,0,0,,0,0,,0,0,,0.02,1,,0,0,,0,0,,0.05,1,,0,0,,0,0,,0,0,,0,0,,0.01,1,,0,0,,0,0,,0,0,,0,0,,0,0,,0,0,,0,0,,0,0,,0,0,shadow_hand_swing_cup,42
0.0,,0,0,,0,0,,0,0,,0,0,,0.01,1,,0,0,,0,0,,0.05,1,,0,0,,0,0,,0,0,,0,0,,0.01,1,,0,0,,0,0,,0,0,,0,0,,0,0,,0,0,,0,0,,0,0,,0,0,shadow_hand_swing_cup,42
0.0,,0,0,,0,0,,0,0,,0,0,,0.05,1,,0,0,,0,0,,0.05,1,,0,0,,0,0,,0,0,,0,0,,0.01,1,,0,0,,0,0,,0,0,,0,0,,0,0,,0,0,,0,0,,0,0,,0,0,shadow_hand_swing_cup,42
0.0283,,0,0,,0,0,,0,0,,0,0,,0.02,1,,0,0,,0,0,,0.05,1,,0,0,,0,0,,0,0,,0,0,,0.1,1,,0,0,,0,0,,0,0,,0,0,,0,0,,0,0,,0,0,,0,0,,0,0,shadow_hand_swing_cup,42
0.0806,,0,0,,0,0,,0,0,,0,0,,0.01,1,,0,0,,0,0,,0.5,1,,0,0,,0,0,,0,0,,0,0,,0.05,1,,0,0,,0,0,,0,0,,0,0,,0,0,,0,0,,0,0,,0,0,,0,0,shadow_hand_swing_cup,42
0.0051,,0,0,,0,0,,0,0,,0,0,,0.05,1,,0,0,,0,0,,0.5,1,,0,0,,0,0,,0,0,,0,0,,0.05,1,,0,0,,0,0,,0,0,,0,0,,0,0,,0,0,,0,0,,0,0,,0,0,shadow_hand_swing_cup,42
0.0007,,0,0,,0,0,,0,0,,0,0,,0.02,1,,0,0,,0,0,,0.5,1,,0,0,,0,0,,0,0,,0,0,,0.01,1,,0,0,,0,0,,0,0,,0,0,,0,0,,0,0,,0,0,,0,0,,0,0,shadow_hand_swing_cup,42
0.0006,,0,0,,0,0,,0,0,,0,0,,0.01,1,,0,0,,0,0,,0.5,1,,0,0,,0,0,,0,0,,0,0,,0.01,1,,0,0,,0,0,,0,0,,0,0,,0,0,,0,0,,0,0,,0,0,,0,0,shadow_hand_swing_cup,42
0.003,,0,0,,0,0,,0,0,,0,0,,0.05,1,,0,0,,0,0,,0.5,1,,0,0,,0,0,,0,0,,0,0,,0.01,1,,0,0,,0,0,,0,0,,0,0,,0,0,,0,0,,0,0,,0,0,,0,0,shadow_hand_swing_cup,42
0.2216,,0,0,,0,0,,0,0,,0,0,,0.05,1,,0,0,,0,0,,0.5,1,,0,0,,0,0,,0,0,,0,0,,0.1,1,,0,0,,0,0,,0,0,,0,0,,0,0,,0,0,,0,0,,0,0,,0,0,shadow_hand_swing_cup,42
0.612,,0,0,,0,0,,0,0,,0,0,,0,0,,0,0,,0,0,,1.0,1,,0,0,,0,0,,0,0,,0,0,,1.0,1,,0,0,,0,0,,0,0,,0.5,1,,0.1,1,,0,0,,0,0,,0,0,,0,0,shadow_hand_swing_cup,42
0.0224,,0,0,,0,0,,0,0,,0,0,,0,0,,0,0,,0,0,,1.0,1,,0,0,,0,0,,0,0,,0,0,,1.0,1,,0,0,,0,0,,0,0,,0.1,1,,0.5,1,,0,0,,0,0,,0,0,,0,0,shadow_hand_swing_cup,42
0.0118,,0,0,,0,0,,0,0,,0,0,,0,0,,0,0,,0,0,,1.0,1,,0,0,,0,0,,0,0,,0,0,,1.0,1,,0,0,,0,0,,0,0,,0.05,1,,0.5,1,,0,0,,0,0,,0,0,,0,0,shadow_hand_swing_cup,42
0.3081,,0,0,,0,0,,0,0,,0,0,,0,0,,0,0,,0,0,,1.0,1,,0,0,,0,0,,0,0,,0,0,,0.5,1,,0,0,,0,0,,0,0,,0.05,1,,0.1,1,,0,0,,0,0,,0,0,,0,0,shadow_hand_swing_cup,42
0.3386,,0,0,,0,0,,0,0,,0,0,,0,0,,0,0,,0,0,,1.0,1,,0,0,,0,0,,0,0,,0,0,,0.5,1,,0,0,,0,0,,0,0,,0.5,1,,0.1,1,,0,0,,0,0,,0,0,,0,0,shadow_hand_swing_cup,42
0.5135,,0,0,,0,0,,0,0,,0,0,,0,0,,0,0,,0,0,,1.0,1,,0,0,,0,0,,0,0,,0,0,,0.5,1,,0,0,,0,0,,0,0,,0.5,1,,0.05,1,,0,0,,0,0,,0,0,,0,0,shadow_hand_swing_cup,42
0.0064,,0,0,,0,0,,0,0,,0,0,,0,0,,0,0,,0,0,,1.0,1,,0,0,,0,0,,0,0,,0,0,,0.5,1,,0,0,,0,0,,0,0,,0.1,1,,0.5,1,,0,0,,0,0,,0,0,,0,0,shadow_hand_swing_cup,42
0.242,,0,0,,0,0,,0,0,,0,0,,0,0,,0,0,,0,0,,1.0,1,,0,0,,0,0,,0,0,,0,0,,0.5,1,,0,0,,0,0,,0,0,,0.05,1,,0.5,1,,0,0,,0,0,,0,0,,0,0,shadow_hand_swing_cup,42
0.6343,,0,0,,0,0,,0,0,,0,0,,0,0,,0,0,,0,0,,1.0,1,,0,0,,0,0,,0,0,,0,0,,0.5,1,,0,0,,0,0,,0,0,,0.5,1,,0.5,1,,0,0,,0,0,,0,0,,0,0,shadow_hand_swing_cup,42
0.2337,,0,0,,0,0,,0,0,,0,0,,0,0,,0,0,,0,0,,5.0,1,,0,0,,0,0,,0,0,,0,0,,1.0,1,,0,0,,0,0,,0,0,,0.1,1,,0.1,1,,0,0,,0,0,,0,0,,0,0,shadow_hand_swing_cup,42
0.606,,0,0,,0,0,,0,0,,0,0,,0,0,,0,0,,0,0,,5.0,1,,0,0,,0,0,,0,0,,0,0,,1.0,1,,0,0,,0,0,,0,0,,0.5,1,,0.1,1,,0,0,,0,0,,0,0,,0,0,shadow_hand_swing_cup,42
0.0033,,0,0,,0,0,,0,0,,0,0,,0,0,,0,0,,0,0,,5.0,1,,0,0,,0,0,,0,0,,0,0,,1.0,1,,0,0,,0,0,,0,0,,0.1,1,,0.5,1,,0,0,,0,0,,0,0,,0,0,shadow_hand_swing_cup,42
0.4683,,0,0,,0,0,,0,0,,0,0,,0,0,,0,0,,0,0,,5.0,1,,0,0,,0,0,,0,0,,0,0,,1.0,1,,0,0,,0,0,,0,0,,0.5,1,,0.5,1,,0,0,,0,0,,0,0,,0,0,shadow_hand_swing_cup,42
0.0027,,0,0,,0,0,,1.0,1,,0,0,,0,0,,0,0,,0,0,,0,0,,0,0,,0,0,,0,0,,0.1,1,,0,0,,0,0,,0,0,,0,0,,0,0,,0,0,,0,0,,0,0,,0,0,,0.1,1,shadow_hand_swing_cup,42
0.0005,,0,0,,0,0,,1.0,1,,0,0,,0,0,,0,0,,0,0,,0,0,,0,0,,0,0,,0,0,,0.5,1,,0,0,,0,0,,0,0,,0,0,,0,0,,0,0,,0,0,,0,0,,0,0,,0.5,1,shadow_hand_swing_cup,42
0.001,,0,0,,0,0,,1.0,1,,0,0,,0,0,,0,0,,0,0,,0,0,,0,0,,0,0,,0,0,,1.0,1,,0,0,,0,0,,0,0,,0,0,,0,0,,0,0,,0,0,,0,0,,0,0,,0.5,1,shadow_hand_swing_cup,42
0.0048,,0,0,,0,0,,1.0,1,,0,0,,0,0,,0,0,,0,0,,0,0,,0,0,,0,0,,0,0,,0.5,1,,0,0,,0,0,,0,0,,0,0,,0,0,,0,0,,0,0,,0,0,,0,0,,1.0,1,shadow_hand_swing_cup,42
0.0,,0,0,,0,0,,1.0,1,,0,0,,0,0,,0,0,,0,0,,0,0,,0,0,,0,0,,0,0,,0.1,1,,0,0,,0,0,,0,0,,0,0,,0,0,,0,0,,0,0,,0,0,,0,0,,1.0,1,shadow_hand_swing_cup,42
0.0143,,0,0,,0,0,,1.0,1,,0,0,,0,0,,0,0,,0,0,,0,0,,0,0,,0,0,,0,0,,1.0,1,,0,0,,0,0,,0,0,,0,0,,0,0,,0,0,,0,0,,0,0,,0,0,,1.0,1,shadow_hand_swing_cup,42
0.0005,,0,0,,0,0,,0.5,1,,0,0,,0,0,,0,0,,0,0,,0,0,,0,0,,0,0,,0,0,,0.5,1,,0,0,,0,0,,0,0,,0,0,,0,0,,0,0,,0,0,,0,0,,0,0,,0.5,1,shadow_hand_swing_cup,42
0.0005,,0,0,,0,0,,0.5,1,,0,0,,0,0,,0,0,,0,0,,0,0,,0,0,,0,0,,0,0,,0.1,1,,0,0,,0,0,,0,0,,0,0,,0,0,,0,0,,0,0,,0,0,,0,0,,0.5,1,shadow_hand_swing_cup,42
0.001,,0,0,,0,0,,0.5,1,,0,0,,0,0,,0,0,,0,0,,0,0,,0,0,,0,0,,0,0,,1.0,1,,0,0,,0,0,,0,0,,0,0,,0,0,,0,0,,0,0,,0,0,,0,0,,0.5,1,shadow_hand_swing_cup,42
0.0,,0,0,,0,0,,0.5,1,,0,0,,0,0,,0,0,,0,0,,0,0,,0,0,,0,0,,0,0,,0.5,1,,0,0,,0,0,,0,0,,0,0,,0,0,,0,0,,0,0,,0,0,,0,0,,1.0,1,shadow_hand_swing_cup,42
0.0019,,0,0,,0,0,,0.5,1,,0,0,,0,0,,0,0,,0,0,,0,0,,0,0,,0,0,,0,0,,0.1,1,,0,0,,0,0,,0,0,,0,0,,0,0,,0,0,,0,0,,0,0,,0,0,,1.0,1,shadow_hand_swing_cup,42
0.001,,0,0,,0,0,,0.5,1,,0,0,,0,0,,0,0,,0,0,,0,0,,0,0,,0,0,,0,0,,1.0,1,,0,0,,0,0,,0,0,,0,0,,0,0,,0,0,,0,0,,0,0,,0,0,,1.0,1,shadow_hand_swing_cup,42
0.0067,,0,0,,0,0,,5.0,1,,0,0,,0,0,,0,0,,0,0,,0,0,,0,0,,0,0,,0,0,,0.5,1,,0,0,,0,0,,0,0,,0,0,,0,0,,0,0,,0,0,,0,0,,0,0,,0.1,1,shadow_hand_swing_cup,42
0.0,,0,0,,0,0,,5.0,1,,0,0,,0,0,,0,0,,0,0,,0,0,,0,0,,0,0,,0,0,,0.1,1,,0,0,,0,0,,0,0,,0,0,,0,0,,0,0,,0,0,,0,0,,0,0,,0.1,1,shadow_hand_swing_cup,42
0.0068,,0,0,,0,0,,5.0,1,,0,0,,0,0,,0,0,,0,0,,0,0,,0,0,,0,0,,0,0,,1.0,1,,0,0,,0,0,,0,0,,0,0,,0,0,,0,0,,0,0,,0,0,,0,0,,0.1,1,shadow_hand_swing_cup,42
0.0005,,0,0,,0,0,,5.0,1,,0,0,,0,0,,0,0,,0,0,,0,0,,0,0,,0,0,,0,0,,0.5,1,,0,0,,0,0,,0,0,,0,0,,0,0,,0,0,,0,0,,0,0,,0,0,,0.5,1,shadow_hand_swing_cup,42
0.0005,,0,0,,0,0,,5.0,1,,0,0,,0,0,,0,0,,0,0,,0,0,,0,0,,0,0,,0,0,,0.1,1,,0,0,,0,0,,0,0,,0,0,,0,0,,0,0,,0,0,,0,0,,0,0,,0.5,1,shadow_hand_swing_cup,42
0.0061,,0,0,,0,0,,5.0,1,,0,0,,0,0,,0,0,,0,0,,0,0,,0,0,,0,0,,0,0,,1.0,1,,0,0,,0,0,,0,0,,0,0,,0,0,,0,0,,0,0,,0,0,,0,0,,0.5,1,shadow_hand_swing_cup,42
0.0005,,0,0,,0,0,,5.0,1,,0,0,,0,0,,0,0,,0,0,,0,0,,0,0,,0,0,,0,0,,0.5,1,,0,0,,0,0,,0,0,,0,0,,0,0,,0,0,,0,0,,0,0,,0,0,,1.0,1,shadow_hand_swing_cup,42
0.0005,,0,0,,0,0,,5.0,1,,0,0,,0,0,,0,0,,0,0,,0,0,,0,0,,0,0,,0,0,,0.1,1,,0,0,,0,0,,0,0,,0,0,,0,0,,0,0,,0,0,,0,0,,0,0,,1.0,1,shadow_hand_swing_cup,42
0.0031,,0,0,,0,0,,5.0,1,,0,0,,0,0,,0,0,,0,0,,0,0,,0,0,,0,0,,0,0,,1.0,1,,0,0,,0,0,,0,0,,0,0,,0,0,,0,0,,0,0,,0,0,,0,0,,1.0,1,shadow_hand_swing_cup,42
0.0005,,0,0,,0,0,,0,0,,0,0,,0,0,,0,0,,0,0,,0,0,,0,0,,0,0,,0,0,,0,0,,0.5,1,,0,0,,1.0,1,,0,0,,0,0,,0.1,1,,0,0,,0,0,,0,0,,0,0,shadow_hand_swing_cup,42
0.0,,0,0,,0,0,,0,0,,0,0,,0,0,,0,0,,0,0,,0,0,,0,0,,0,0,,0,0,,0,0,,0.5,1,,0,0,,1.0,1,,0,0,,0,0,,0.5,1,,0,0,,0,0,,0,0,,0,0,shadow_hand_swing_cup,42
0.0,,0,0,,0,0,,0,0,,0,0,,0,0,,0,0,,0,0,,0,0,,0,0,,0,0,,0,0,,0,0,,0.5,1,,0,0,,1.0,1,,0,0,,0,0,,1.0,1,,0,0,,0,0,,0,0,,0,0,shadow_hand_swing_cup,42
0.0,,0,0,,0,0,,0,0,,0,0,,0,0,,0,0,,0,0,,0,0,,0,0,,0,0,,0,0,,0,0,,0.1,1,,0,0,,1.0,1,,0,0,,0,0,,0.1,1,,0,0,,0,0,,0,0,,0,0,shadow_hand_swing_cup,42
0.0005,,0,0,,0,0,,0,0,,0,0,,0,0,,0,0,,0,0,,0,0,,0,0,,0,0,,0,0,,0,0,,0.1,1,,0,0,,1.0,1,,0,0,,0,0,,0.5,1,,0,0,,0,0,,0,0,,0,0,shadow_hand_swing_cup,42
0.0,,0,0,,0,0,,0,0,,0,0,,0,0,,0,0,,0,0,,0,0,,0,0,,0,0,,0,0,,0,0,,0.1,1,,0,0,,1.0,1,,0,0,,0,0,,1.0,1,,0,0,,0,0,,0,0,,0,0,shadow_hand_swing_cup,42
0.0005,,0,0,,0,0,,0,0,,0,0,,0,0,,0,0,,0,0,,0,0,,0,0,,0,0,,0,0,,0,0,,1.0,1,,0,0,,1.0,1,,0,0,,0,0,,0.1,1,,0,0,,0,0,,0,0,,0,0,shadow_hand_swing_cup,42
0.0005,,0,0,,0,0,,0,0,,0,0,,0,0,,0,0,,0,0,,0,0,,0,0,,0,0,,0,0,,0,0,,1.0,1,,0,0,,1.0,1,,0,0,,0,0,,0.5,1,,0,0,,0,0,,0,0,,0,0,shadow_hand_swing_cup,42
0.0,,0,0,,0,0,,0,0,,0,0,,0,0,,0,0,,0,0,,0,0,,0,0,,0,0,,0,0,,0,0,,1.0,1,,0,0,,1.0,1,,0,0,,0,0,,1.0,1,,0,0,,0,0,,0,0,,0,0,shadow_hand_swing_cup,42
0.0,,0,0,,0,0,,0,0,,0,0,,0,0,,0,0,,0,0,,0,0,,0,0,,0,0,,0,0,,0,0,,0.5,1,,0,0,,0.5,1,,0,0,,0,0,,0.1,1,,0,0,,0,0,,0,0,,0,0,shadow_hand_swing_cup,42
0.0,,0,0,,0,0,,0,0,,0,0,,0,0,,0,0,,0,0,,0,0,,0,0,,0,0,,0,0,,0,0,,0.5,1,,0,0,,0.5,1,,0,0,,0,0,,0.5,1,,0,0,,0,0,,0,0,,0,0,shadow_hand_swing_cup,42
0.0,,0,0,,0,0,,0,0,,0,0,,0,0,,0,0,,0,0,,0,0,,0,0,,0,0,,0,0,,0,0,,0.5,1,,0,0,,0.5,1,,0,0,,0,0,,1.0,1,,0,0,,0,0,,0,0,,0,0,shadow_hand_swing_cup,42
0.0005,,0,0,,0,0,,0,0,,0,0,,0,0,,0,0,,0,0,,0,0,,0,0,,0,0,,0,0,,0,0,,0.1,1,,0,0,,0.5,1,,0,0,,0,0,,0.1,1,,0,0,,0,0,,0,0,,0,0,shadow_hand_swing_cup,42
0.0005,,0,0,,0,0,,0,0,,0,0,,0,0,,0,0,,0,0,,0,0,,0,0,,0,0,,0,0,,0,0,,0.1,1,,0,0,,0.5,1,,0,0,,0,0,,0.5,1,,0,0,,0,0,,0,0,,0,0,shadow_hand_swing_cup,42
0.0,,0,0,,0,0,,0,0,,0,0,,0,0,,0,0,,0,0,,0,0,,0,0,,0,0,,0,0,,0,0,,0.1,1,,0,0,,0.5,1,,0,0,,0,0,,1.0,1,,0,0,,0,0,,0,0,,0,0,shadow_hand_swing_cup,42
0.0005,,0,0,,0,0,,0,0,,0,0,,0,0,,0,0,,0,0,,0,0,,0,0,,0,0,,0,0,,0,0,,1.0,1,,0,0,,0.5,1,,0,0,,0,0,,0.1,1,,0,0,,0,0,,0,0,,0,0,shadow_hand_swing_cup,42
0.0,,0,0,,0,0,,0,0,,0,0,,0,0,,0,0,,0,0,,0,0,,0,0,,0,0,,0,0,,0,0,,1.0,1,,0,0,,0.5,1,,0,0,,0,0,,0.5,1,,0,0,,0,0,,0,0,,0,0,shadow_hand_swing_cup,42
0.0005,,0,0,,0,0,,0,0,,0,0,,0,0,,0,0,,0,0,,0,0,,0,0,,0,0,,0,0,,0,0,,1.0,1,,0,0,,0.5,1,,0,0,,0,0,,1.0,1,,0,0,,0,0,,0,0,,0,0,shadow_hand_swing_cup,42
0.0,,0,0,,0,0,,0,0,,0,0,,0,0,,0,0,,0,0,,0,0,,0,0,,0,0,,0,0,,0,0,,0.5,1,,0,0,,5.0,1,,0,0,,0,0,,0.1,1,,0,0,,0,0,,0,0,,0,0,shadow_hand_swing_cup,42
0.0005,,0,0,,0,0,,0,0,,0,0,,0,0,,0,0,,0,0,,0,0,,0,0,,0,0,,0,0,,0,0,,0.5,1,,0,0,,5.0,1,,0,0,,0,0,,0.5,1,,0,0,,0,0,,0,0,,0,0,shadow_hand_swing_cup,42
0.0005,,0,0,,0,0,,0,0,,0,0,,0,0,,0,0,,0,0,,0,0,,0,0,,0,0,,0,0,,0,0,,0.5,1,,0,0,,5.0,1,,0,0,,0,0,,1.0,1,,0,0,,0,0,,0,0,,0,0,shadow_hand_swing_cup,42
0.0,,0,0,,0,0,,0,0,,0,0,,0,0,,0,0,,0,0,,0,0,,0,0,,0,0,,0,0,,0,0,,0.1,1,,0,0,,5.0,1,,0,0,,0,0,,0.1,1,,0,0,,0,0,,0,0,,0,0,shadow_hand_swing_cup,42
0.0,,0,0,,0,0,,0,0,,0,0,,0,0,,0,0,,0,0,,0,0,,0,0,,0,0,,0,0,,0,0,,0.1,1,,0,0,,5.0,1,,0,0,,0,0,,0.5,1,,0,0,,0,0,,0,0,,0,0,shadow_hand_swing_cup,42
0.001,,0,0,,0,0,,0,0,,0,0,,0,0,,0,0,,0,0,,0,0,,0,0,,0,0,,0,0,,0,0,,0.1,1,,0,0,,5.0,1,,0,0,,0,0,,1.0,1,,0,0,,0,0,,0,0,,0,0,shadow_hand_swing_cup,42
0.0,,0,0,,0,0,,0,0,,0,0,,0,0,,0,0,,0,0,,0,0,,0,0,,0,0,,0,0,,0,0,,1.0,1,,0,0,,5.0,1,,0,0,,0,0,,0.1,1,,0,0,,0,0,,0,0,,0,0,shadow_hand_swing_cup,42
0.0,,0,0,,0,0,,0,0,,0,0,,0,0,,0,0,,0,0,,0,0,,0,0,,0,0,,0,0,,0,0,,1.0,1,,0,0,,5.0,1,,0,0,,0,0,,0.5,1,,0,0,,0,0,,0,0,,0,0,shadow_hand_swing_cup,42
0.0031,,0,0,,0,0,,0,0,,0,0,,0,0,,0,0,,0,0,,0,0,,0,0,,0,0,,0,0,,0,0,,1.0,1,,0,0,,5.0,1,,0,0,,0,0,,1.0,1,,0,0,,0,0,,0,0,,0,0,shadow_hand_swing_cup,42
0.0,,0,0,,0.01,1,,0,0,,0,0,,0,0,,0,0,,0,0,,0,0,,0,0,,0,0,,0,0,,0,0,,0.1,1,,0.01,1,,0.1,1,,0.1,1,,0,0,,0,0,,0,0,,0,0,,0,0,,0,0,shadow_hand_swing_cup,42
0.0,,0,0,,0.01,1,,0,0,,0,0,,0,0,,0,0,,0,0,,0,0,,0,0,,0,0,,0,0,,0,0,,0.5,1,,0.01,1,,0.1,1,,0.1,1,,0,0,,0,0,,0,0,,0,0,,0,0,,0,0,shadow_hand_swing_cup,42
0.0,,0,0,,0.1,1,,0,0,,0,0,,0,0,,0,0,,0,0,,0,0,,0,0,,0,0,,0,0,,0,0,,0.1,1,,0.01,1,,0.1,1,,0.1,1,,0,0,,0,0,,0,0,,0,0,,0,0,,0,0,shadow_hand_swing_cup,42
0.0,,0,0,,0.1,1,,0,0,,0,0,,0,0,,0,0,,0,0,,0,0,,0,0,,0,0,,0,0,,0,0,,0.5,1,,0.01,1,,0.1,1,,0.1,1,,0,0,,0,0,,0,0,,0,0,,0,0,,0,0,shadow_hand_swing_cup,42
0.0,,0,0,,0.01,1,,0,0,,0,0,,0,0,,0,0,,0,0,,0,0,,0,0,,0,0,,0,0,,0,0,,0.1,1,,0.1,1,,0.1,1,,0.1,1,,0,0,,0,0,,0,0,,0,0,,0,0,,0,0,shadow_hand_swing_cup,42
0.0,,0,0,,0.01,1,,0,0,,0,0,,0,0,,0,0,,0,0,,0,0,,0,0,,0,0,,0,0,,0,0,,0.5,1,,0.1,1,,0.1,1,,0.1,1,,0,0,,0,0,,0,0,,0,0,,0,0,,0,0,shadow_hand_swing_cup,42
0.0,,0,0,,0.1,1,,0,0,,0,0,,0,0,,0,0,,0,0,,0,0,,0,0,,0,0,,0,0,,0,0,,0.1,1,,0.1,1,,0.1,1,,0.1,1,,0,0,,0,0,,0,0,,0,0,,0,0,,0,0,shadow_hand_swing_cup,42
0.0,,0,0,,0.1,1,,0,0,,0,0,,0,0,,0,0,,0,0,,0,0,,0,0,,0,0,,0,0,,0,0,,0.5,1,,0.1,1,,0.1,1,,0.1,1,,0,0,,0,0,,0,0,,0,0,,0,0,,0,0,shadow_hand_swing_cup,42
0.0,,0,0,,0.01,1,,0,0,,0,0,,0,0,,0,0,,0,0,,0,0,,0,0,,0,0,,0,0,,0,0,,0.1,1,,0.01,1,,0.1,1,,0.5,1,,0,0,,0,0,,0,0,,0,0,,0,0,,0,0,shadow_hand_swing_cup,42
0.0,,0,0,,0.01,1,,0,0,,0,0,,0,0,,0,0,,0,0,,0,0,,0,0,,0,0,,0,0,,0,0,,0.5,1,,0.01,1,,0.1,1,,0.5,1,,0,0,,0,0,,0,0,,0,0,,0,0,,0,0,shadow_hand_swing_cup,42
0.0,,0,0,,0.1,1,,0,0,,0,0,,0,0,,0,0,,0,0,,0,0,,0,0,,0,0,,0,0,,0,0,,0.1,1,,0.01,1,,0.1,1,,0.5,1,,0,0,,0,0,,0,0,,0,0,,0,0,,0,0,shadow_hand_swing_cup,42
0.0,,0,0,,0.1,1,,0,0,,0,0,,0,0,,0,0,,0,0,,0,0,,0,0,,0,0,,0,0,,0,0,,0.5,1,,0.01,1,,0.1,1,,0.5,1,,0,0,,0,0,,0,0,,0,0,,0,0,,0,0,shadow_hand_swing_cup,42
0.0,,0,0,,0.01,1,,0,0,,0,0,,0,0,,0,0,,0,0,,0,0,,0,0,,0,0,,0,0,,0,0,,0.1,1,,0.1,1,,0.1,1,,0.5,1,,0,0,,0,0,,0,0,,0,0,,0,0,,0,0,shadow_hand_swing_cup,42
0.0,,0,0,,0.01,1,,0,0,,0,0,,0,0,,0,0,,0,0,,0,0,,0,0,,0,0,,0,0,,0,0,,0.5,1,,0.1,1,,0.1,1,,0.5,1,,0,0,,0,0,,0,0,,0,0,,0,0,,0,0,shadow_hand_swing_cup,42
0.0,,0,0,,0.1,1,,0,0,,0,0,,0,0,,0,0,,0,0,,0,0,,0,0,,0,0,,0,0,,0,0,,0.1,1,,0.1,1,,0.1,1,,0.5,1,,0,0,,0,0,,0,0,,0,0,,0,0,,0,0,shadow_hand_swing_cup,42
0.0,,0,0,,0.1,1,,0,0,,0,0,,0,0,,0,0,,0,0,,0,0,,0,0,,0,0,,0,0,,0,0,,0.5,1,,0.1,1,,0.1,1,,0.5,1,,0,0,,0,0,,0,0,,0,0,,0,0,,0,0,shadow_hand_swing_cup,42
0.0,,0,0,,0.01,1,,0,0,,0,0,,0,0,,0,0,,0,0,,0,0,,0,0,,0,0,,0,0,,0,0,,0.1,1,,0.01,1,,0.5,1,,0.1,1,,0,0,,0,0,,0,0,,0,0,,0,0,,0,0,shadow_hand_swing_cup,42
0.0,,0,0,,0.01,1,,0,0,,0,0,,0,0,,0,0,,0,0,,0,0,,0,0,,0,0,,0,0,,0,0,,0.5,1,,0.01,1,,0.5,1,,0.1,1,,0,0,,0,0,,0,0,,0,0,,0,0,,0,0,shadow_hand_swing_cup,42
0.0,,0,0,,0.1,1,,0,0,,0,0,,0,0,,0,0,,0,0,,0,0,,0,0,,0,0,,0,0,,0,0,,0.1,1,,0.01,1,,0.5,1,,0.1,1,,0,0,,0,0,,0,0,,0,0,,0,0,,0,0,shadow_hand_swing_cup,42
0.0,,0,0,,0.1,1,,0,0,,0,0,,0,0,,0,0,,0,0,,0,0,,0,0,,0,0,,0,0,,0,0,,0.5,1,,0.01,1,,0.5,1,,0.1,1,,0,0,,0,0,,0,0,,0,0,,0,0,,0,0,shadow_hand_swing_cup,42
0.0,,0,0,,0.01,1,,0,0,,0,0,,0,0,,0,0,,0,0,,0,0,,0,0,,0,0,,0,0,,0,0,,0.1,1,,0.1,1,,0.5,1,,0.1,1,,0,0,,0,0,,0,0,,0,0,,0,0,,0,0,shadow_hand_swing_cup,42
0.0,,0,0,,0.01,1,,0,0,,0,0,,0,0,,0,0,,0,0,,0,0,,0,0,,0,0,,0,0,,0,0,,0.5,1,,0.1,1,,0.5,1,,0.1,1,,0,0,,0,0,,0,0,,0,0,,0,0,,0,0,shadow_hand_swing_cup,42
0.0,,0,0,,0.1,1,,0,0,,0,0,,0,0,,0,0,,0,0,,0,0,,0,0,,0,0,,0,0,,0,0,,0.1,1,,0.1,1,,0.5,1,,0.1,1,,0,0,,0,0,,0,0,,0,0,,0,0,,0,0,shadow_hand_swing_cup,42
0.0,,0,0,,0.1,1,,0,0,,0,0,,0,0,,0,0,,0,0,,0,0,,0,0,,0,0,,0,0,,0,0,,0.5,1,,0.1,1,,0.5,1,,0.1,1,,0,0,,0,0,,0,0,,0,0,,0,0,,0,0,shadow_hand_swing_cup,42
0.0,,0,0,,0.1,1,,0,0,,0,0,,0,0,,0.5,1,,0,0,,0,0,,0,0,,0.5,1,,0,0,,0,0,,0,0,,0,0,,1.0,1,,0,0,,0,0,,0,0,,0,0,,0,0,,0.1,1,,0,0,shadow_hand_swing_cup,42
0.0,,0,0,,0.1,1,,0,0,,0,0,,0,0,,0.1,1,,0,0,,0,0,,0,0,,0.5,1,,0,0,,0,0,,0,0,,0,0,,1.0,1,,0,0,,0,0,,0,0,,0,0,,0,0,,0.1,1,,0,0,shadow_hand_swing_cup,42
0.0,,0,0,,0.1,1,,0,0,,0,0,,0,0,,0.5,1,,0,0,,0,0,,0,0,,1.0,1,,0,0,,0,0,,0,0,,0,0,,1.0,1,,0,0,,0,0,,0,0,,0,0,,0,0,,0.1,1,,0,0,shadow_hand_swing_cup,42
0.0,,0,0,,0.1,1,,0,0,,0,0,,0,0,,0.1,1,,0,0,,0,0,,0,0,,1.0,1,,0,0,,0,0,,0,0,,0,0,,1.0,1,,0,0,,0,0,,0,0,,0,0,,0,0,,0.1,1,,0,0,shadow_hand_swing_cup,42
0.0,,0,0,,0.5,1,,0,0,,0,0,,0,0,,0.5,1,,0,0,,0,0,,0,0,,0.5,1,,0,0,,0,0,,0,0,,0,0,,1.0,1,,0,0,,0,0,,0,0,,0,0,,0,0,,0.1,1,,0,0,shadow_hand_swing_cup,42
0.0,,0,0,,0.5,1,,0,0,,0,0,,0,0,,0.1,1,,0,0,,0,0,,0,0,,0.5,1,,0,0,,0,0,,0,0,,0,0,,1.0,1,,0,0,,0,0,,0,0,,0,0,,0,0,,0.1,1,,0,0,shadow_hand_swing_cup,42
0.0,,0,0,,0.5,1,,0,0,,0,0,,0,0,,0.5,1,,0,0,,0,0,,0,0,,1.0,1,,0,0,,0,0,,0,0,,0,0,,1.0,1,,0,0,,0,0,,0,0,,0,0,,0,0,,0.1,1,,0,0,shadow_hand_swing_cup,42
0.0,,0,0,,0.5,1,,0,0,,0,0,,0,0,,0.1,1,,0,0,,0,0,,0,0,,1.0,1,,0,0,,0,0,,0,0,,0,0,,1.0,1,,0,0,,0,0,,0,0,,0,0,,0,0,,0.1,1,,0,0,shadow_hand_swing_cup,42
0.0,,0,0,,0.1,1,,0,0,,0,0,,0,0,,0.5,1,,0,0,,0,0,,0,0,,0.5,1,,0,0,,0,0,,0,0,,0,0,,1.0,1,,0,0,,0,0,,0,0,,0,0,,0,0,,0.5,1,,0,0,shadow_hand_swing_cup,42
0.0,,0,0,,0.1,1,,0,0,,0,0,,0,0,,0.1,1,,0,0,,0,0,,0,0,,0.5,1,,0,0,,0,0,,0,0,,0,0,,1.0,1,,0,0,,0,0,,0,0,,0,0,,0,0,,0.5,1,,0,0,shadow_hand_swing_cup,42
0.0,,0,0,,0.1,1,,0,0,,0,0,,0,0,,0.5,1,,0,0,,0,0,,0,0,,1.0,1,,0,0,,0,0,,0,0,,0,0,,1.0,1,,0,0,,0,0,,0,0,,0,0,,0,0,,0.5,1,,0,0,shadow_hand_swing_cup,42
0.0,,0,0,,0.1,1,,0,0,,0,0,,0,0,,0.1,1,,0,0,,0,0,,0,0,,1.0,1,,0,0,,0,0,,0,0,,0,0,,1.0,1,,0,0,,0,0,,0,0,,0,0,,0,0,,0.5,1,,0,0,shadow_hand_swing_cup,42
0.0,,0,0,,0.5,1,,0,0,,0,0,,0,0,,0.5,1,,0,0,,0,0,,0,0,,0.5,1,,0,0,,0,0,,0,0,,0,0,,1.0,1,,0,0,,0,0,,0,0,,0,0,,0,0,,0.5,1,,0,0,shadow_hand_swing_cup,42
0.0,,0,0,,0.5,1,,0,0,,0,0,,0,0,,0.1,1,,0,0,,0,0,,0,0,,0.5,1,,0,0,,0,0,,0,0,,0,0,,1.0,1,,0,0,,0,0,,0,0,,0,0,,0,0,,0.5,1,,0,0,shadow_hand_swing_cup,42
0.0,,0,0,,0.5,1,,0,0,,0,0,,0,0,,0.5,1,,0,0,,0,0,,0,0,,1.0,1,,0,0,,0,0,,0,0,,0,0,,1.0,1,,0,0,,0,0,,0,0,,0,0,,0,0,,0.5,1,,0,0,shadow_hand_swing_cup,42
0.0,,0,0,,0.5,1,,0,0,,0,0,,0,0,,0.1,1,,0,0,,0,0,,0,0,,1.0,1,,0,0,,0,0,,0,0,,0,0,,1.0,1,,0,0,,0,0,,0,0,,0,0,,0,0,,0.5,1,,0,0,shadow_hand_swing_cup,42
0.0,,0,0,,0.1,1,,0,0,,0,0,,0,0,,0.5,1,,0,0,,0,0,,0,0,,0.5,1,,0,0,,0,0,,0,0,,0,0,,5.0,1,,0,0,,0,0,,0,0,,0,0,,0,0,,0.1,1,,0,0,shadow_hand_swing_cup,42
0.0,,0,0,,0.1,1,,0,0,,0,0,,0,0,,0.1,1,,0,0,,0,0,,0,0,,0.5,1,,0,0,,0,0,,0,0,,0,0,,5.0,1,,0,0,,0,0,,0,0,,0,0,,0,0,,0.1,1,,0,0,shadow_hand_swing_cup,42
0.0,,0,0,,0.1,1,,0,0,,0,0,,0,0,,0.5,1,,0,0,,0,0,,0,0,,1.0,1,,0,0,,0,0,,0,0,,0,0,,5.0,1,,0,0,,0,0,,0,0,,0,0,,0,0,,0.1,1,,0,0,shadow_hand_swing_cup,42
0.0,,0,0,,0.1,1,,0,0,,0,0,,0,0,,0.1,1,,0,0,,0,0,,0,0,,1.0,1,,0,0,,0,0,,0,0,,0,0,,5.0,1,,0,0,,0,0,,0,0,,0,0,,0,0,,0.1,1,,0,0,shadow_hand_swing_cup,42
0.0,,0,0,,0.5,1,,0,0,,0,0,,0,0,,0.5,1,,0,0,,0,0,,0,0,,0.5,1,,0,0,,0,0,,0,0,,0,0,,5.0,1,,0,0,,0,0,,0,0,,0,0,,0,0,,0.1,1,,0,0,shadow_hand_swing_cup,42
0.0,,0,0,,0.5,1,,0,0,,0,0,,0,0,,0.1,1,,0,0,,0,0,,0,0,,0.5,1,,0,0,,0,0,,0,0,,0,0,,5.0,1,,0,0,,0,0,,0,0,,0,0,,0,0,,0.1,1,,0,0,shadow_hand_swing_cup,42
0.0,,0,0,,0.5,1,,0,0,,0,0,,0,0,,0.5,1,,0,0,,0,0,,0,0,,1.0,1,,0,0,,0,0,,0,0,,0,0,,5.0,1,,0,0,,0,0,,0,0,,0,0,,0,0,,0.1,1,,0,0,shadow_hand_swing_cup,42
0.0,,0,0,,0.5,1,,0,0,,0,0,,0,0,,0.1,1,,0,0,,0,0,,0,0,,1.0,1,,0,0,,0,0,,0,0,,0,0,,5.0,1,,0,0,,0,0,,0,0,,0,0,,0,0,,0.1,1,,0,0,shadow_hand_swing_cup,42
0.0,,0,0,,0.1,1,,0,0,,0,0,,0,0,,0.5,1,,0,0,,0,0,,0,0,,0.5,1,,0,0,,0,0,,0,0,,0,0,,5.0,1,,0,0,,0,0,,0,0,,0,0,,0,0,,0.5,1,,0,0,shadow_hand_swing_cup,42
0.0,,0,0,,0.1,1,,0,0,,0,0,,0,0,,0.1,1,,0,0,,0,0,,0,0,,0.5,1,,0,0,,0,0,,0,0,,0,0,,5.0,1,,0,0,,0,0,,0,0,,0,0,,0,0,,0.5,1,,0,0,shadow_hand_swing_cup,42
0.0,,0,0,,0.1,1,,0,0,,0,0,,0,0,,0.5,1,,0,0,,0,0,,0,0,,1.0,1,,0,0,,0,0,,0,0,,0,0,,5.0,1,,0,0,,0,0,,0,0,,0,0,,0,0,,0.5,1,,0,0,shadow_hand_swing_cup,42
0.0,,0,0,,0.1,1,,0,0,,0,0,,0,0,,0.1,1,,0,0,,0,0,,0,0,,1.0,1,,0,0,,0,0,,0,0,,0,0,,5.0,1,,0,0,,0,0,,0,0,,0,0,,0,0,,0.5,1,,0,0,shadow_hand_swing_cup,42
0.0,,0,0,,0.5,1,,0,0,,0,0,,0,0,,0.5,1,,0,0,,0,0,,0,0,,0.5,1,,0,0,,0,0,,0,0,,0,0,,5.0,1,,0,0,,0,0,,0,0,,0,0,,0,0,,0.5,1,,0,0,shadow_hand_swing_cup,42
0.0,,0,0,,0.5,1,,0,0,,0,0,,0,0,,0.1,1,,0,0,,0,0,,0,0,,0.5,1,,0,0,,0,0,,0,0,,0,0,,5.0,1,,0,0,,0,0,,0,0,,0,0,,0,0,,0.5,1,,0,0,shadow_hand_swing_cup,42
0.0,,0,0,,0.5,1,,0,0,,0,0,,0,0,,0.5,1,,0,0,,0,0,,0,0,,1.0,1,,0,0,,0,0,,0,0,,0,0,,5.0,1,,0,0,,0,0,,0,0,,0,0,,0,0,,0.5,1,,0,0,shadow_hand_swing_cup,42
0.0,,0,0,,0.5,1,,0,0,,0,0,,0,0,,0.1,1,,0,0,,0,0,,0,0,,1.0,1,,0,0,,0,0,,0,0,,0,0,,5.0,1,,0,0,,0,0,,0,0,,0,0,,0,0,,0.5,1,,0,0,shadow_hand_swing_cup,42
