score,r_air_time_reward,w_air_time_reward,active_air_time_reward,r_approach_reward,w_approach_reward,active_approach_reward,r_completion_bonus,w_completion_bonus,active_completion_bonus,r_contact_penalty,w_contact_penalty,active_contact_penalty,r_handover_reward,w_handover_reward,active_handover_reward,r_height_reward,w_height_reward,active_height_reward,r_orientation_reward,w_orientation_reward,active_orientation_reward,r_position_reward,w_position_reward,active_position_reward,r_progress_reward,w_progress_reward,active_progress_reward,r_proximity_reward,w_proximity_reward,active_proximity_reward,r_rotation_penalty,w_rotation_penalty,active_rotation_penalty,r_stability_reward,w_stability_reward,active_stability_reward,r_throw_reward,w_throw_reward,active_throw_reward,r_velocity_reward,w_velocity_reward,active_velocity_reward,env_id,seed
0.9364,,0,0,,0,0,,0,0,,5.0,1,,0,0,,8.0,1,,10.0,1,,15.0,1,,3.0,1,,0,0,,0,0,,5.0,1,,8.0,1,,0,0,shadow_hand_over,42
0.9477,,0,0,,0,0,,0,0,,1.0,1,,0,0,,8.0,1,,10.0,1,,15.0,1,,3.0,1,,0,0,,0,0,,5.0,1,,8.0,1,,0,0,shadow_hand_over,42
0.9481,,0,0,,0,0,,0,0,,10.0,1,,0,0,,8.0,1,,10.0,1,,15.0,1,,3.0,1,,0,0,,0,0,,5.0,1,,8.0,1,,0,0,shadow_hand_over,42
0.9437,,0,0,,0,0,,0,0,,5.0,1,,0,0,,8.0,1,,10.0,1,,15.0,1,,1.0,1,,0,0,,0,0,,1.0,1,,8.0,1,,0,0,shadow_hand_over,42
0.92,,0,0,,0,0,,0,0,,1.0,1,,0,0,,8.0,1,,10.0,1,,15.0,1,,1.0,1,,0,0,,0,0,,1.0,1,,8.0,1,,0,0,shadow_hand_over,42
0.96,,0,0,,0,0,,0,0,,10.0,1,,0,0,,8.0,1,,10.0,1,,15.0,1,,1.0,1,,0,0,,0,0,,1.0,1,,8.0,1,,0,0,shadow_hand_over,42
0.9031,,0,0,,0,0,,0,0,,5.0,1,,0,0,,8.0,1,,10.0,1,,15.0,1,,10.0,1,,0,0,,0,0,,10.0,1,,8.0,1,,0,0,shadow_hand_over,42
0.0011,,0,0,,0,0,,0,0,,1.0,1,,0,0,,8.0,1,,10.0,1,,15.0,1,,10.0,1,,0,0,,0,0,,10.0,1,,8.0,1,,0,0,shadow_hand_over,42
0.9347,,0,0,,0,0,,0,0,,10.0,1,,0,0,,8.0,1,,10.0,1,,15.0,1,,10.0,1,,0,0,,0,0,,10.0,1,,8.0,1,,0,0,shadow_hand_over,42
0.9211,,0,0,,0,0,,0,0,,5.0,1,,0,0,,8.0,1,,5.0,1,,15.0,1,,3.0,1,,0,0,,0,0,,5.0,1,,5.0,1,,0,0,shadow_hand_over,42
0.0017,,0,0,,0,0,,0,0,,1.0,1,,0,0,,8.0,1,,5.0,1,,15.0,1,,3.0,1,,0,0,,0,0,,5.0,1,,5.0,1,,0,0,shadow_hand_over,42
0.9328,,0,0,,0,0,,0,0,,10.0,1,,0,0,,8.0,1,,5.0,1,,15.0,1,,3.0,1,,0,0,,0,0,,5.0,1,,5.0,1,,0,0,shadow_hand_over,42
0.9303,,0,0,,0,0,,0,0,,5.0,1,,0,0,,8.0,1,,5.0,1,,15.0,1,,1.0,1,,0,0,,0,0,,1.0,1,,5.0,1,,0,0,shadow_hand_over,42
0.9525,,0,0,,0,0,,0,0,,1.0,1,,0,0,,8.0,1,,5.0,1,,15.0,1,,1.0,1,,0,0,,0,0,,1.0,1,,5.0,1,,0,0,shadow_hand_over,42
0.9484,,0,0,,0,0,,0,0,,10.0,1,,0,0,,8.0,1,,5.0,1,,15.0,1,,1.0,1,,0,0,,0,0,,1.0,1,,5.0,1,,0,0,shadow_hand_over,42
0.8223,,0,0,,0,0,,0,0,,5.0,1,,0,0,,8.0,1,,5.0,1,,15.0,1,,10.0,1,,0,0,,0,0,,10.0,1,,5.0,1,,0,0,shadow_hand_over,42
0.0924,,0,0,,0,0,,0,0,,1.0,1,,0,0,,8.0,1,,5.0,1,,15.0,1,,10.0,1,,0,0,,0,0,,10.0,1,,5.0,1,,0,0,shadow_hand_over,42
0.0,,0,0,,0,0,,0,0,,10.0,1,,0,0,,8.0,1,,5.0,1,,15.0,1,,10.0,1,,0,0,,0,0,,10.0,1,,5.0,1,,0,0,shadow_hand_over,42
0.9425,,0,0,,0,0,,0,0,,5.0,1,,0,0,,1.0,1,,20.0,1,,5.0,1,,3.0,1,,0,0,,0,0,,5.0,1,,16.0,1,,0,0,shadow_hand_over,42
0.9607,,0,0,,0,0,,0,0,,1.0,1,,0,0,,1.0,1,,20.0,1,,5.0,1,,3.0,1,,0,0,,0,0,,5.0,1,,16.0,1,,0,0,shadow_hand_over,42
0.9357,,0,0,,0,0,,0,0,,10.0,1,,0,0,,1.0,1,,20.0,1,,5.0,1,,3.0,1,,0,0,,0,0,,5.0,1,,16.0,1,,0,0,shadow_hand_over,42
0.9549,,0,0,,0,0,,0,0,,5.0,1,,0,0,,1.0,1,,20.0,1,,5.0,1,,1.0,1,,0,0,,0,0,,1.0,1,,16.0,1,,0,0,shadow_hand_over,42
0.0088,,0,0,,0,0,,0,0,,1.0,1,,0,0,,1.0,1,,20.0,1,,5.0,1,,1.0,1,,0,0,,0,0,,1.0,1,,16.0,1,,0,0,shadow_hand_over,42
0.9494,,0,0,,0,0,,0,0,,10.0,1,,0,0,,1.0,1,,20.0,1,,5.0,1,,1.0,1,,0,0,,0,0,,1.0,1,,16.0,1,,0,0,shadow_hand_over,42
0.9595,,0,0,,0,0,,0,0,,5.0,1,,0,0,,1.0,1,,20.0,1,,5.0,1,,10.0,1,,0,0,,0,0,,10.0,1,,16.0,1,,0,0,shadow_hand_over,42
0.9147,,0,0,,0,0,,0,0,,1.0,1,,0,0,,1.0,1,,20.0,1,,5.0,1,,10.0,1,,0,0,,0,0,,10.0,1,,16.0,1,,0,0,shadow_hand_over,42
0.9449,,0,0,,0,0,,0,0,,10.0,1,,0,0,,1.0,1,,20.0,1,,5.0,1,,10.0,1,,0,0,,0,0,,10.0,1,,16.0,1,,0,0,shadow_hand_over,42
0.9151,,0,0,,0,0,,0,0,,5.0,1,,0,0,,16.0,1,,10.0,1,,30.0,1,,3.0,1,,0,0,,0,0,,5.0,1,,8.0,1,,0,0,shadow_hand_over,42
0.9569,,0,0,,0,0,,0,0,,1.0,1,,0,0,,16.0,1,,10.0,1,,30.0,1,,3.0,1,,0,0,,0,0,,5.0,1,,8.0,1,,0,0,shadow_hand_over,42
0.9218,,0,0,,0,0,,0,0,,10.0,1,,0,0,,16.0,1,,10.0,1,,30.0,1,,3.0,1,,0,0,,0,0,,5.0,1,,8.0,1,,0,0,shadow_hand_over,42
0.9667,,0,0,,0,0,,0,0,,5.0,1,,0,0,,16.0,1,,10.0,1,,30.0,1,,1.0,1,,0,0,,0,0,,1.0,1,,8.0,1,,0,0,shadow_hand_over,42
0.0009,,0,0,,0,0,,0,0,,1.0,1,,0,0,,16.0,1,,10.0,1,,30.0,1,,1.0,1,,0,0,,0,0,,1.0,1,,8.0,1,,0,0,shadow_hand_over,42
0.0005,,0,0,,0,0,,0,0,,10.0,1,,0,0,,16.0,1,,10.0,1,,30.0,1,,1.0,1,,0,0,,0,0,,1.0,1,,8.0,1,,0,0,shadow_hand_over,42
0.0055,,0,0,,0,0,,0,0,,5.0,1,,0,0,,16.0,1,,10.0,1,,30.0,1,,10.0,1,,0,0,,0,0,,10.0,1,,8.0,1,,0,0,shadow_hand_over,42
0.0042,,0,0,,0,0,,0,0,,1.0,1,,0,0,,16.0,1,,10.0,1,,30.0,1,,10.0,1,,0,0,,0,0,,10.0,1,,8.0,1,,0,0,shadow_hand_over,42
0.0005,,0,0,,0,0,,0,0,,10.0,1,,0,0,,16.0,1,,10.0,1,,30.0,1,,10.0,1,,0,0,,0,0,,10.0,1,,8.0,1,,0,0,shadow_hand_over,42
0.9569,,1.0,1,,1.0,1,,0,0,,5.0,1,,0,0,,1.0,1,,20.0,1,,15.0,1,,0,0,,0,0,,0,0,,10.0,1,,8.0,1,,0,0,shadow_hand_over,42
0.9545,,1.0,1,,0.5,1,,0,0,,1.0,1,,0,0,,1.0,1,,20.0,1,,15.0,1,,0,0,,0,0,,0,0,,10.0,1,,8.0,1,,0,0,shadow_hand_over,42
0.9517,,1.0,1,,5.0,1,,0,0,,10.0,1,,0,0,,1.0,1,,20.0,1,,15.0,1,,0,0,,0,0,,0,0,,10.0,1,,8.0,1,,0,0,shadow_hand_over,42
0.942,,0.5,1,,1.0,1,,0,0,,5.0,1,,0,0,,1.0,1,,20.0,1,,15.0,1,,0,0,,0,0,,0,0,,5.0,1,,8.0,1,,0,0,shadow_hand_over,42
0.938,,0.5,1,,0.5,1,,0,0,,1.0,1,,0,0,,1.0,1,,20.0,1,,15.0,1,,0,0,,0,0,,0,0,,5.0,1,,8.0,1,,0,0,shadow_hand_over,42
0.9437,,0.5,1,,5.0,1,,0,0,,10.0,1,,0,0,,1.0,1,,20.0,1,,15.0,1,,0,0,,0,0,,0,0,,5.0,1,,8.0,1,,0,0,shadow_hand_over,42
0.9468,,5.0,1,,1.0,1,,0,0,,5.0,1,,0,0,,1.0,1,,20.0,1,,15.0,1,,0,0,,0,0,,0,0,,20.0,1,,8.0,1,,0,0,shadow_hand_over,42
0.9622,,5.0,1,,0.5,1,,0,0,,1.0,1,,0,0,,1.0,1,,20.0,1,,15.0,1,,0,0,,0,0,,0,0,,20.0,1,,8.0,1,,0,0,shadow_hand_over,42
0.9543,,5.0,1,,5.0,1,,0,0,,10.0,1,,0,0,,1.0,1,,20.0,1,,15.0,1,,0,0,,0,0,,0,0,,20.0,1,,8.0,1,,0,0,shadow_hand_over,42
0.0291,,1.0,1,,1.0,1,,0,0,,5.0,1,,0,0,,1.0,1,,10.0,1,,15.0,1,,0,0,,0,0,,0,0,,10.0,1,,1.0,1,,0,0,shadow_hand_over,42
0.9257,,1.0,1,,0.5,1,,0,0,,1.0,1,,0,0,,1.0,1,,10.0,1,,15.0,1,,0,0,,0,0,,0,0,,10.0,1,,1.0,1,,0,0,shadow_hand_over,42
0.0024,,1.0,1,,5.0,1,,0,0,,10.0,1,,0,0,,1.0,1,,10.0,1,,15.0,1,,0,0,,0,0,,0,0,,10.0,1,,1.0,1,,0,0,shadow_hand_over,42
0.0029,,0.5,1,,1.0,1,,0,0,,5.0,1,,0,0,,1.0,1,,10.0,1,,15.0,1,,0,0,,0,0,,0,0,,5.0,1,,1.0,1,,0,0,shadow_hand_over,42
0.0028,,0.5,1,,0.5,1,,0,0,,1.0,1,,0,0,,1.0,1,,10.0,1,,15.0,1,,0,0,,0,0,,0,0,,5.0,1,,1.0,1,,0,0,shadow_hand_over,42
0.0023,,0.5,1,,5.0,1,,0,0,,10.0,1,,0,0,,1.0,1,,10.0,1,,15.0,1,,0,0,,0,0,,0,0,,5.0,1,,1.0,1,,0,0,shadow_hand_over,42
0.8705,,5.0,1,,1.0,1,,0,0,,5.0,1,,0,0,,1.0,1,,10.0,1,,15.0,1,,0,0,,0,0,,0,0,,20.0,1,,1.0,1,,0,0,shadow_hand_over,42
0.9459,,5.0,1,,0.5,1,,0,0,,1.0,1,,0,0,,1.0,1,,10.0,1,,15.0,1,,0,0,,0,0,,0,0,,20.0,1,,1.0,1,,0,0,shadow_hand_over,42
0.0314,,5.0,1,,5.0,1,,0,0,,10.0,1,,0,0,,1.0,1,,10.0,1,,15.0,1,,0,0,,0,0,,0,0,,20.0,1,,1.0,1,,0,0,shadow_hand_over,42
0.9548,,1.0,1,,1.0,1,,0,0,,5.0,1,,0,0,,0.5,1,,40.0,1,,5.0,1,,0,0,,0,0,,0,0,,10.0,1,,10.0,1,,0,0,shadow_hand_over,42
0.9436,,1.0,1,,0.5,1,,0,0,,1.0,1,,0,0,,0.5,1,,40.0,1,,5.0,1,,0,0,,0,0,,0,0,,10.0,1,,10.0,1,,0,0,shadow_hand_over,42
0.9444,,1.0,1,,5.0,1,,0,0,,10.0,1,,0,0,,0.5,1,,40.0,1,,5.0,1,,0,0,,0,0,,0,0,,10.0,1,,10.0,1,,0,0,shadow_hand_over,42
0.9515,,0.5,1,,1.0,1,,0,0,,5.0,1,,0,0,,0.5,1,,40.0,1,,5.0,1,,0,0,,0,0,,0,0,,5.0,1,,10.0,1,,0,0,shadow_hand_over,42
0.954,,0.5,1,,0.5,1,,0,0,,1.0,1,,0,0,,0.5,1,,40.0,1,,5.0,1,,0,0,,0,0,,0,0,,5.0,1,,10.0,1,,0,0,shadow_hand_over,42
0.9357,,0.5,1,,5.0,1,,0,0,,10.0,1,,0,0,,0.5,1,,40.0,1,,5.0,1,,0,0,,0,0,,0,0,,5.0,1,,10.0,1,,0,0,shadow_hand_over,42
0.9441,,5.0,1,,1.0,1,,0,0,,5.0,1,,0,0,,0.5,1,,40.0,1,,5.0,1,,0,0,,0,0,,0,0,,20.0,1,,10.0,1,,0,0,shadow_hand_over,42
0.9398,,5.0,1,,0.5,1,,0,0,,1.0,1,,0,0,,0.5,1,,40.0,1,,5.0,1,,0,0,,0,0,,0,0,,20.0,1,,10.0,1,,0,0,shadow_hand_over,42
0.9512,,5.0,1,,5.0,1,,0,0,,10.0,1,,0,0,,0.5,1,,40.0,1,,5.0,1,,0,0,,0,0,,0,0,,20.0,1,,10.0,1,,0,0,shadow_hand_over,42
0.9193,,1.0,1,,1.0,1,,0,0,,5.0,1,,0,0,,5.0,1,,20.0,1,,30.0,1,,0,0,,0,0,,0,0,,10.0,1,,8.0,1,,0,0,shadow_hand_over,42
0.9359,,1.0,1,,0.5,1,,0,0,,1.0,1,,0,0,,5.0,1,,20.0,1,,30.0,1,,0,0,,0,0,,0,0,,10.0,1,,8.0,1,,0,0,shadow_hand_over,42
0.9285,,1.0,1,,5.0,1,,0,0,,10.0,1,,0,0,,5.0,1,,20.0,1,,30.0,1,,0,0,,0,0,,0,0,,10.0,1,,8.0,1,,0,0,shadow_hand_over,42
0.9385,,0.5,1,,1.0,1,,0,0,,5.0,1,,0,0,,5.0,1,,20.0,1,,30.0,1,,0,0,,0,0,,0,0,,5.0,1,,8.0,1,,0,0,shadow_hand_over,42
0.9316,,0.5,1,,0.5,1,,0,0,,1.0,1,,0,0,,5.0,1,,20.0,1,,30.0,1,,0,0,,0,0,,0,0,,5.0,1,,8.0,1,,0,0,shadow_hand_over,42
0.95,,0.5,1,,5.0,1,,0,0,,10.0,1,,0,0,,5.0,1,,20.0,1,,30.0,1,,0,0,,0,0,,0,0,,5.0,1,,8.0,1,,0,0,shadow_hand_over,42
0.9389,,5.0,1,,1.0,1,,0,0,,5.0,1,,0,0,,5.0,1,,20.0,1,,30.0,1,,0,0,,0,0,,0,0,,20.0,1,,8.0,1,,0,0,shadow_hand_over,42
0.9356,,5.0,1,,0.5,1,,0,0,,1.0,1,,0,0,,5.0,1,,20.0,1,,30.0,1,,0,0,,0,0,,0,0,,20.0,1,,8.0,1,,0,0,shadow_hand_over,42
0.9454,,5.0,1,,5.0,1,,0,0,,10.0,1,,0,0,,5.0,1,,20.0,1,,30.0,1,,0,0,,0,0,,0,0,,20.0,1,,8.0,1,,0,0,shadow_hand_over,42
0.9309,,0,0,,0,0,,0,0,,1.0,1,,10.0,1,,8.0,1,,20.0,1,,15.0,1,,2.0,1,,0,0,,0,0,,5.0,1,,10.0,1,,0,0,shadow_hand_over,42
0.9427,,0,0,,0,0,,0,0,,0.5,1,,10.0,1,,8.0,1,,20.0,1,,15.0,1,,1.0,1,,0,0,,0,0,,5.0,1,,10.0,1,,0,0,shadow_hand_over,42
0.9297,,0,0,,0,0,,0,0,,5.0,1,,10.0,1,,8.0,1,,20.0,1,,15.0,1,,5.0,1,,0,0,,0,0,,5.0,1,,10.0,1,,0,0,shadow_hand_over,42
0.9438,,0,0,,0,0,,0,0,,1.0,1,,5.0,1,,8.0,1,,20.0,1,,15.0,1,,2.0,1,,0,0,,0,0,,1.0,1,,10.0,1,,0,0,shadow_hand_over,42
0.9239,,0,0,,0,0,,0,0,,0.5,1,,5.0,1,,8.0,1,,20.0,1,,15.0,1,,1.0,1,,0,0,,0,0,,1.0,1,,10.0,1,,0,0,shadow_hand_over,42
0.9173,,0,0,,0,0,,0,0,,5.0,1,,5.0,1,,8.0,1,,20.0,1,,15.0,1,,5.0,1,,0,0,,0,0,,1.0,1,,10.0,1,,0,0,shadow_hand_over,42
0.954,,0,0,,0,0,,0,0,,1.0,1,,20.0,1,,8.0,1,,20.0,1,,15.0,1,,2.0,1,,0,0,,0,0,,10.0,1,,10.0,1,,0,0,shadow_hand_over,42
0.9314,,0,0,,0,0,,0,0,,0.5,1,,20.0,1,,8.0,1,,20.0,1,,15.0,1,,1.0,1,,0,0,,0,0,,10.0,1,,10.0,1,,0,0,shadow_hand_over,42
0.9419,,0,0,,0,0,,0,0,,5.0,1,,20.0,1,,8.0,1,,20.0,1,,15.0,1,,5.0,1,,0,0,,0,0,,10.0,1,,10.0,1,,0,0,shadow_hand_over,42
0.9371,,0,0,,0,0,,0,0,,1.0,1,,10.0,1,,8.0,1,,10.0,1,,15.0,1,,2.0,1,,0,0,,0,0,,5.0,1,,5.0,1,,0,0,shadow_hand_over,42
0.9385,,0,0,,0,0,,0,0,,0.5,1,,10.0,1,,8.0,1,,10.0,1,,15.0,1,,1.0,1,,0,0,,0,0,,5.0,1,,5.0,1,,0,0,shadow_hand_over,42
0.925,,0,0,,0,0,,0,0,,5.0,1,,10.0,1,,8.0,1,,10.0,1,,15.0,1,,5.0,1,,0,0,,0,0,,5.0,1,,5.0,1,,0,0,shadow_hand_over,42
0.9376,,0,0,,0,0,,0,0,,1.0,1,,5.0,1,,8.0,1,,10.0,1,,15.0,1,,2.0,1,,0,0,,0,0,,1.0,1,,5.0,1,,0,0,shadow_hand_over,42
0.9205,,0,0,,0,0,,0,0,,0.5,1,,5.0,1,,8.0,1,,10.0,1,,15.0,1,,1.0,1,,0,0,,0,0,,1.0,1,,5.0,1,,0,0,shadow_hand_over,42
0.0027,,0,0,,0,0,,0,0,,5.0,1,,5.0,1,,8.0,1,,10.0,1,,15.0,1,,5.0,1,,0,0,,0,0,,1.0,1,,5.0,1,,0,0,shadow_hand_over,42
0.9399,,0,0,,0,0,,0,0,,1.0,1,,20.0,1,,8.0,1,,10.0,1,,15.0,1,,2.0,1,,0,0,,0,0,,10.0,1,,5.0,1,,0,0,shadow_hand_over,42
0.9562,,0,0,,0,0,,0,0,,0.5,1,,20.0,1,,8.0,1,,10.0,1,,15.0,1,,1.0,1,,0,0,,0,0,,10.0,1,,5.0,1,,0,0,shadow_hand_over,42
0.0053,,0,0,,0,0,,0,0,,5.0,1,,20.0,1,,8.0,1,,10.0,1,,15.0,1,,5.0,1,,0,0,,0,0,,10.0,1,,5.0,1,,0,0,shadow_hand_over,42
0.9346,,0,0,,0,0,,0,0,,1.0,1,,10.0,1,,1.0,1,,40.0,1,,5.0,1,,2.0,1,,0,0,,0,0,,5.0,1,,20.0,1,,0,0,shadow_hand_over,42
0.9431,,0,0,,0,0,,0,0,,0.5,1,,10.0,1,,1.0,1,,40.0,1,,5.0,1,,1.0,1,,0,0,,0,0,,5.0,1,,20.0,1,,0,0,shadow_hand_over,42
0.9363,,0,0,,0,0,,0,0,,5.0,1,,10.0,1,,1.0,1,,40.0,1,,5.0,1,,5.0,1,,0,0,,0,0,,5.0,1,,20.0,1,,0,0,shadow_hand_over,42
0.9305,,0,0,,0,0,,0,0,,1.0,1,,5.0,1,,1.0,1,,40.0,1,,5.0,1,,2.0,1,,0,0,,0,0,,1.0,1,,20.0,1,,0,0,shadow_hand_over,42
0.9514,,0,0,,0,0,,0,0,,0.5,1,,5.0,1,,1.0,1,,40.0,1,,5.0,1,,1.0,1,,0,0,,0,0,,1.0,1,,20.0,1,,0,0,shadow_hand_over,42
0.8995,,0,0,,0,0,,0,0,,5.0,1,,5.0,1,,1.0,1,,40.0,1,,5.0,1,,5.0,1,,0,0,,0,0,,1.0,1,,20.0,1,,0,0,shadow_hand_over,42
0.9326,,0,0,,0,0,,0,0,,1.0,1,,20.0,1,,1.0,1,,40.0,1,,5.0,1,,2.0,1,,0,0,,0,0,,10.0,1,,20.0,1,,0,0,shadow_hand_over,42
0.9382,,0,0,,0,0,,0,0,,0.5,1,,20.0,1,,1.0,1,,40.0,1,,5.0,1,,1.0,1,,0,0,,0,0,,10.0,1,,20.0,1,,0,0,shadow_hand_over,42
0.9314,,0,0,,0,0,,0,0,,5.0,1,,20.0,1,,1.0,1,,40.0,1,,5.0,1,,5.0,1,,0,0,,0,0,,10.0,1,,20.0,1,,0,0,shadow_hand_over,42
0.9491,,0,0,,0,0,,0,0,,1.0,1,,10.0,1,,16.0,1,,20.0,1,,30.0,1,,2.0,1,,0,0,,0,0,,5.0,1,,10.0,1,,0,0,shadow_hand_over,42
0.9192,,0,0,,0,0,,0,0,,0.5,1,,10.0,1,,16.0,1,,20.0,1,,30.0,1,,1.0,1,,0,0,,0,0,,5.0,1,,10.0,1,,0,0,shadow_hand_over,42
0.9338,,0,0,,0,0,,0,0,,5.0,1,,10.0,1,,16.0,1,,20.0,1,,30.0,1,,5.0,1,,0,0,,0,0,,5.0,1,,10.0,1,,0,0,shadow_hand_over,42
0.9416,,0,0,,0,0,,0,0,,1.0,1,,5.0,1,,16.0,1,,20.0,1,,30.0,1,,2.0,1,,0,0,,0,0,,1.0,1,,10.0,1,,0,0,shadow_hand_over,42
0.9661,,0,0,,0,0,,0,0,,0.5,1,,5.0,1,,16.0,1,,20.0,1,,30.0,1,,1.0,1,,0,0,,0,0,,1.0,1,,10.0,1,,0,0,shadow_hand_over,42
0.9285,,0,0,,0,0,,0,0,,5.0,1,,5.0,1,,16.0,1,,20.0,1,,30.0,1,,5.0,1,,0,0,,0,0,,1.0,1,,10.0,1,,0,0,shadow_hand_over,42
0.9383,,0,0,,0,0,,0,0,,1.0,1,,20.0,1,,16.0,1,,20.0,1,,30.0,1,,2.0,1,,0,0,,0,0,,10.0,1,,10.0,1,,0,0,shadow_hand_over,42
0.9316,,0,0,,0,0,,0,0,,0.5,1,,20.0,1,,16.0,1,,20.0,1,,30.0,1,,1.0,1,,0,0,,0,0,,10.0,1,,10.0,1,,0,0,shadow_hand_over,42
0.9226,,0,0,,0,0,,0,0,,5.0,1,,20.0,1,,16.0,1,,20.0,1,,30.0,1,,5.0,1,,0,0,,0,0,,10.0,1,,10.0,1,,0,0,shadow_hand_over,42
0.9403,,0,0,,0,0,,25.0,1,,5.0,1,,0,0,,3.0,1,,15.0,1,,20.0,1,,0,0,,25.0,1,,0,0,,10.0,1,,8.0,1,,0,0,shadow_hand_over,42
0.9553,,0,0,,0,0,,15.0,1,,1.0,1,,0,0,,3.0,1,,15.0,1,,20.0,1,,0,0,,25.0,1,,0,0,,10.0,1,,8.0,1,,0,0,shadow_hand_over,42
0.9497,,0,0,,0,0,,50.0,1,,10.0,1,,0,0,,3.0,1,,15.0,1,,20.0,1,,0,0,,25.0,1,,0,0,,10.0,1,,8.0,1,,0,0,shadow_hand_over,42
0.9435,,0,0,,0,0,,25.0,1,,5.0,1,,0,0,,3.0,1,,15.0,1,,20.0,1,,0,0,,15.0,1,,0,0,,5.0,1,,8.0,1,,0,0,shadow_hand_over,42
0.9422,,0,0,,0,0,,15.0,1,,1.0,1,,0,0,,3.0,1,,15.0,1,,20.0,1,,0,0,,15.0,1,,0,0,,5.0,1,,8.0,1,,0,0,shadow_hand_over,42
0.9544,,0,0,,0,0,,50.0,1,,10.0,1,,0,0,,3.0,1,,15.0,1,,20.0,1,,0,0,,15.0,1,,0,0,,5.0,1,,8.0,1,,0,0,shadow_hand_over,42
0.9392,,0,0,,0,0,,25.0,1,,5.0,1,,0,0,,3.0,1,,15.0,1,,20.0,1,,0,0,,50.0,1,,0,0,,20.0,1,,8.0,1,,0,0,shadow_hand_over,42
0.9461,,0,0,,0,0,,15.0,1,,1.0,1,,0,0,,3.0,1,,15.0,1,,20.0,1,,0,0,,50.0,1,,0,0,,20.0,1,,8.0,1,,0,0,shadow_hand_over,42
0.9449,,0,0,,0,0,,50.0,1,,10.0,1,,0,0,,3.0,1,,15.0,1,,20.0,1,,0,0,,50.0,1,,0,0,,20.0,1,,8.0,1,,0,0,shadow_hand_over,42
0.0047,,0,0,,0,0,,25.0,1,,5.0,1,,0,0,,3.0,1,,5.0,1,,20.0,1,,0,0,,25.0,1,,0,0,,10.0,1,,1.0,1,,0,0,shadow_hand_over,42
0.0026,,0,0,,0,0,,15.0,1,,1.0,1,,0,0,,3.0,1,,5.0,1,,20.0,1,,0,0,,25.0,1,,0,0,,10.0,1,,1.0,1,,0,0,shadow_hand_over,42
0.0073,,0,0,,0,0,,50.0,1,,10.0,1,,0,0,,3.0,1,,5.0,1,,20.0,1,,0,0,,25.0,1,,0,0,,10.0,1,,1.0,1,,0,0,shadow_hand_over,42
0.0027,,0,0,,0,0,,25.0,1,,5.0,1,,0,0,,3.0,1,,5.0,1,,20.0,1,,0,0,,15.0,1,,0,0,,5.0,1,,1.0,1,,0,0,shadow_hand_over,42
0.0022,,0,0,,0,0,,15.0,1,,1.0,1,,0,0,,3.0,1,,5.0,1,,20.0,1,,0,0,,15.0,1,,0,0,,5.0,1,,1.0,1,,0,0,shadow_hand_over,42
0.0015,,0,0,,0,0,,50.0,1,,10.0,1,,0,0,,3.0,1,,5.0,1,,20.0,1,,0,0,,15.0,1,,0,0,,5.0,1,,1.0,1,,0,0,shadow_hand_over,42
0.0089,,0,0,,0,0,,25.0,1,,5.0,1,,0,0,,3.0,1,,5.0,1,,20.0,1,,0,0,,50.0,1,,0,0,,20.0,1,,1.0,1,,0,0,shadow_hand_over,42
0.0071,,0,0,,0,0,,15.0,1,,1.0,1,,0,0,,3.0,1,,5.0,1,,20.0,1,,0,0,,50.0,1,,0,0,,20.0,1,,1.0,1,,0,0,shadow_hand_over,42
0.0029,,0,0,,0,0,,50.0,1,,10.0,1,,0,0,,3.0,1,,5.0,1,,20.0,1,,0,0,,50.0,1,,0,0,,20.0,1,,1.0,1,,0,0,shadow_hand_over,42
0.9326,,0,0,,0,0,,25.0,1,,5.0,1,,0,0,,1.0,1,,30.0,1,,10.0,1,,0,0,,25.0,1,,0,0,,10.0,1,,16.0,1,,0,0,shadow_hand_over,42
0.94,,0,0,,0,0,,15.0,1,,1.0,1,,0,0,,1.0,1,,30.0,1,,10.0,1,,0,0,,25.0,1,,0,0,,10.0,1,,16.0,1,,0,0,shadow_hand_over,42
0.9515,,0,0,,0,0,,50.0,1,,10.0,1,,0,0,,1.0,1,,30.0,1,,10.0,1,,0,0,,25.0,1,,0,0,,10.0,1,,16.0,1,,0,0,shadow_hand_over,42
0.9478,,0,0,,0,0,,25.0,1,,5.0,1,,0,0,,1.0,1,,30.0,1,,10.0,1,,0,0,,15.0,1,,0,0,,5.0,1,,16.0,1,,0,0,shadow_hand_over,42
0.9542,,0,0,,0,0,,15.0,1,,1.0,1,,0,0,,1.0,1,,30.0,1,,10.0,1,,0,0,,15.0,1,,0,0,,5.0,1,,16.0,1,,0,0,shadow_hand_over,42
0.9507,,0,0,,0,0,,50.0,1,,10.0,1,,0,0,,1.0,1,,30.0,1,,10.0,1,,0,0,,15.0,1,,0,0,,5.0,1,,16.0,1,,0,0,shadow_hand_over,42
0.9434,,0,0,,0,0,,25.0,1,,5.0,1,,0,0,,1.0,1,,30.0,1,,10.0,1,,0,0,,50.0,1,,0,0,,20.0,1,,16.0,1,,0,0,shadow_hand_over,42
0.9388,,0,0,,0,0,,15.0,1,,1.0,1,,0,0,,1.0,1,,30.0,1,,10.0,1,,0,0,,50.0,1,,0,0,,20.0,1,,16.0,1,,0,0,shadow_hand_over,42
0.9325,,0,0,,0,0,,50.0,1,,10.0,1,,0,0,,1.0,1,,30.0,1,,10.0,1,,0,0,,50.0,1,,0,0,,20.0,1,,16.0,1,,0,0,shadow_hand_over,42
0.9398,,0,0,,0,0,,25.0,1,,5.0,1,,0,0,,10.0,1,,15.0,1,,40.0,1,,0,0,,25.0,1,,0,0,,10.0,1,,8.0,1,,0,0,shadow_hand_over,42
0.9484,,0,0,,0,0,,15.0,1,,1.0,1,,0,0,,10.0,1,,15.0,1,,40.0,1,,0,0,,25.0,1,,0,0,,10.0,1,,8.0,1,,0,0,shadow_hand_over,42
0.9501,,0,0,,0,0,,50.0,1,,10.0,1,,0,0,,10.0,1,,15.0,1,,40.0,1,,0,0,,25.0,1,,0,0,,10.0,1,,8.0,1,,0,0,shadow_hand_over,42
0.948,,0,0,,0,0,,25.0,1,,5.0,1,,0,0,,10.0,1,,15.0,1,,40.0,1,,0,0,,15.0,1,,0,0,,5.0,1,,8.0,1,,0,0,shadow_hand_over,42
0.947,,0,0,,0,0,,15.0,1,,1.0,1,,0,0,,10.0,1,,15.0,1,,40.0,1,,0,0,,15.0,1,,0,0,,5.0,1,,8.0,1,,0,0,shadow_hand_over,42
0.9361,,0,0,,0,0,,50.0,1,,10.0,1,,0,0,,10.0,1,,15.0,1,,40.0,1,,0,0,,15.0,1,,0,0,,5.0,1,,8.0,1,,0,0,shadow_hand_over,42
0.9478,,0,0,,0,0,,25.0,1,,5.0,1,,0,0,,10.0,1,,15.0,1,,40.0,1,,0,0,,50.0,1,,0,0,,20.0,1,,8.0,1,,0,0,shadow_hand_over,42
0.9314,,0,0,,0,0,,15.0,1,,1.0,1,,0,0,,10.0,1,,15.0,1,,40.0,1,,0,0,,50.0,1,,0,0,,20.0,1,,8.0,1,,0,0,shadow_hand_over,42
0.9334,,0,0,,0,0,,50.0,1,,10.0,1,,0,0,,10.0,1,,15.0,1,,0.0,1,,0,0,,50.0,1,,0,0,,20.0,1,,8.0,1,,0,0,shadow_hand_over,42
0.1384,,0,0,,0,0,,0,0,,1.0,1,,0,0,,3.0,1,,2.0,1,,5.0,1,,0,0,,0,0,,0,0,,2.0,1,,0,0,,2.0,1,shadow_hand_over,42
0.0059,,0,0,,0,0,,0,0,,0.5,1,,0,0,,3.0,1,,2.0,1,,5.0,1,,0,0,,0,0,,0,0,,2.0,1,,0,0,,2.0,1,shadow_hand_over,42
0.0042,,0,0,,0,0,,0,0,,5.0,1,,0,0,,3.0,1,,2.0,1,,5.0,1,,0,0,,0,0,,0,0,,2.0,1,,0,0,,2.0,1,shadow_hand_over,42
0.9495,,0,0,,0,0,,0,0,,1.0,1,,0,0,,3.0,1,,2.0,1,,5.0,1,,0,0,,0,0,,0,0,,1.0,1,,0,0,,2.0,1,shadow_hand_over,42
0.9404,,0,0,,0,0,,0,0,,0.5,1,,0,0,,3.0,1,,2.0,1,,5.0,1,,0,0,,0,0,,0,0,,1.0,1,,0,0,,2.0,1,shadow_hand_over,42
0.0014,,0,0,,0,0,,0,0,,5.0,1,,0,0,,3.0,1,,2.0,1,,5.0,1,,0,0,,0,0,,0,0,,1.0,1,,0,0,,2.0,1,shadow_hand_over,42
0.0,,0,0,,0,0,,0,0,,1.0,1,,0,0,,3.0,1,,2.0,1,,5.0,1,,0,0,,0,0,,0,0,,5.0,1,,0,0,,2.0,1,shadow_hand_over,42
0.6866,,0,0,,0,0,,0,0,,0.5,1,,0,0,,3.0,1,,2.0,1,,5.0,1,,0,0,,0,0,,0,0,,5.0,1,,0,0,,2.0,1,shadow_hand_over,42
0.0015,,0,0,,0,0,,0,0,,5.0,1,,0,0,,3.0,1,,2.0,1,,5.0,1,,0,0,,0,0,,0,0,,5.0,1,,0,0,,2.0,1,shadow_hand_over,42
0.7318,,0,0,,0,0,,0,0,,1.0,1,,0,0,,3.0,1,,1.0,1,,5.0,1,,0,0,,0,0,,0,0,,2.0,1,,0,0,,1.0,1,shadow_hand_over,42
0.8676,,0,0,,0,0,,0,0,,0.5,1,,0,0,,3.0,1,,1.0,1,,5.0,1,,0,0,,0,0,,0,0,,2.0,1,,0,0,,1.0,1,shadow_hand_over,42
0.8771,,0,0,,0,0,,0,0,,5.0,1,,0,0,,3.0,1,,1.0,1,,5.0,1,,0,0,,0,0,,0,0,,2.0,1,,0,0,,1.0,1,shadow_hand_over,42
0.9225,,0,0,,0,0,,0,0,,1.0,1,,0,0,,3.0,1,,1.0,1,,5.0,1,,0,0,,0,0,,0,0,,1.0,1,,0,0,,1.0,1,shadow_hand_over,42
0.8255,,0,0,,0,0,,0,0,,0.5,1,,0,0,,3.0,1,,1.0,1,,5.0,1,,0,0,,0,0,,0,0,,1.0,1,,0,0,,1.0,1,shadow_hand_over,42
0.942,,0,0,,0,0,,0,0,,5.0,1,,0,0,,3.0,1,,1.0,1,,5.0,1,,0,0,,0,0,,0,0,,1.0,1,,0,0,,1.0,1,shadow_hand_over,42
0.9309,,0,0,,0,0,,0,0,,1.0,1,,0,0,,3.0,1,,1.0,1,,5.0,1,,0,0,,0,0,,0,0,,5.0,1,,0,0,,1.0,1,shadow_hand_over,42
0.2479,,0,0,,0,0,,0,0,,0.5,1,,0,0,,3.0,1,,1.0,1,,5.0,1,,0,0,,0,0,,0,0,,5.0,1,,0,0,,1.0,1,shadow_hand_over,42
0.0006,,0,0,,0,0,,0,0,,5.0,1,,0,0,,3.0,1,,1.0,1,,5.0,1,,0,0,,0,0,,0,0,,5.0,1,,0,0,,1.0,1,shadow_hand_over,42
0.0,,0,0,,0,0,,0,0,,1.0,1,,0,0,,1.0,1,,5.0,1,,1.0,1,,0,0,,0,0,,0,0,,2.0,1,,0,0,,5.0,1,shadow_hand_over,42
0.0007,,0,0,,0,0,,0,0,,0.5,1,,0,0,,1.0,1,,5.0,1,,1.0,1,,0,0,,0,0,,0,0,,2.0,1,,0,0,,5.0,1,shadow_hand_over,42
0.0,,0,0,,0,0,,0,0,,5.0,1,,0,0,,1.0,1,,5.0,1,,1.0,1,,0,0,,0,0,,0,0,,2.0,1,,0,0,,5.0,1,shadow_hand_over,42
0.0,,0,0,,0,0,,0,0,,1.0,1,,0,0,,1.0,1,,5.0,1,,1.0,1,,0,0,,0,0,,0,0,,1.0,1,,0,0,,5.0,1,shadow_hand_over,42
0.0007,,0,0,,0,0,,0,0,,0.5,1,,0,0,,1.0,1,,5.0,1,,1.0,1,,0,0,,0,0,,0,0,,1.0,1,,0,0,,5.0,1,shadow_hand_over,42
0.0005,,0,0,,0,0,,0,0,,5.0,1,,0,0,,1.0,1,,5.0,1,,1.0,1,,0,0,,0,0,,0,0,,1.0,1,,0,0,,5.0,1,shadow_hand_over,42
0.0003,,0,0,,0,0,,0,0,,1.0,1,,0,0,,1.0,1,,5.0,1,,1.0,1,,0,0,,0,0,,0,0,,5.0,1,,0,0,,5.0,1,shadow_hand_over,42
0.0,,0,0,,0,0,,0,0,,0.5,1,,0,0,,1.0,1,,5.0,1,,1.0,1,,0,0,,0,0,,0,0,,5.0,1,,0,0,,5.0,1,shadow_hand_over,42
0.0,,0,0,,0,0,,0,0,,5.0,1,,0,0,,1.0,1,,5.0,1,,1.0,1,,0,0,,0,0,,0,0,,5.0,1,,0,0,,5.0,1,shadow_hand_over,42
0.0,,0,0,,0,0,,0,0,,1.0,1,,0,0,,10.0,1,,2.0,1,,10.0,1,,0,0,,0,0,,0,0,,2.0,1,,0,0,,2.0,1,shadow_hand_over,42
0.0021,,0,0,,0,0,,0,0,,0.5,1,,0,0,,10.0,1,,2.0,1,,10.0,1,,0,0,,0,0,,0,0,,2.0,1,,0,0,,2.0,1,shadow_hand_over,42
0.0012,,0,0,,0,0,,0,0,,5.0,1,,0,0,,10.0,1,,2.0,1,,10.0,1,,0,0,,0,0,,0,0,,2.0,1,,0,0,,2.0,1,shadow_hand_over,42
0.0865,,0,0,,0,0,,0,0,,1.0,1,,0,0,,10.0,1,,2.0,1,,10.0,1,,0,0,,0,0,,0,0,,1.0,1,,0,0,,2.0,1,shadow_hand_over,42
0.8929,,0,0,,0,0,,0,0,,0.5,1,,0,0,,10.0,1,,2.0,1,,10.0,1,,0,0,,0,0,,0,0,,1.0,1,,0,0,,2.0,1,shadow_hand_over,42
0.0452,,0,0,,0,0,,0,0,,5.0,1,,0,0,,10.0,1,,2.0,1,,10.0,1,,0,0,,0,0,,0,0,,1.0,1,,0,0,,2.0,1,shadow_hand_over,42
0.0008,,0,0,,0,0,,0,0,,1.0,1,,0,0,,10.0,1,,2.0,1,,10.0,1,,0,0,,0,0,,0,0,,5.0,1,,0,0,,2.0,1,shadow_hand_over,42
0.0004,,0,0,,0,0,,0,0,,0.5,1,,0,0,,10.0,1,,2.0,1,,10.0,1,,0,0,,0,0,,0,0,,5.0,1,,0,0,,2.0,1,shadow_hand_over,42
0.0032,,0,0,,0,0,,0,0,,5.0,1,,0,0,,10.0,1,,2.0,1,,10.0,1,,0,0,,0,0,,0,0,,5.0,1,,0,0,,2.0,1,shadow_hand_over,42
0.9321,,0,0,,0,0,,0,0,,10.0,1,,0,0,,2.0,1,,0,0,,5.0,1,,0,0,,0,0,,0.5,1,,0,0,,3.0,1,,0.1,1,shadow_hand_over,42
0.9334,,0,0,,0,0,,0,0,,5.0,1,,0,0,,2.0,1,,0,0,,5.0,1,,0,0,,0,0,,0.5,1,,0,0,,3.0,1,,0.1,1,shadow_hand_over,42
0.8621,,0,0,,0,0,,0,0,,20.0,1,,0,0,,2.0,1,,0,0,,5.0,1,,0,0,,0,0,,0.5,1,,0,0,,3.0,1,,0.1,1,shadow_hand_over,42
0.0029,,0,0,,0,0,,0,0,,10.0,1,,0,0,,2.0,1,,0,0,,5.0,1,,0,0,,0,0,,0.1,1,,0,0,,3.0,1,,0.1,1,shadow_hand_over,42
0.0011,,0,0,,0,0,,0,0,,5.0,1,,0,0,,2.0,1,,0,0,,5.0,1,,0,0,,0,0,,0.1,1,,0,0,,3.0,1,,0.1,1,shadow_hand_over,42
0.0005,,0,0,,0,0,,0,0,,20.0,1,,0,0,,2.0,1,,0,0,,5.0,1,,0,0,,0,0,,0.1,1,,0,0,,3.0,1,,0.1,1,shadow_hand_over,42
0.9529,,0,0,,0,0,,0,0,,10.0,1,,0,0,,2.0,1,,0,0,,5.0,1,,0,0,,0,0,,1.0,1,,0,0,,3.0,1,,0.1,1,shadow_hand_over,42
0.9106,,0,0,,0,0,,0,0,,5.0,1,,0,0,,2.0,1,,0,0,,5.0,1,,0,0,,0,0,,1.0,1,,0,0,,3.0,1,,0.1,1,shadow_hand_over,42
0.9009,,0,0,,0,0,,0,0,,20.0,1,,0,0,,2.0,1,,0,0,,5.0,1,,0,0,,0,0,,1.0,1,,0,0,,3.0,1,,0.1,1,shadow_hand_over,42
0.798,,0,0,,0,0,,0,0,,10.0,1,,0,0,,2.0,1,,0,0,,5.0,1,,0,0,,0,0,,0.5,1,,0,0,,1.0,1,,0.05,1,shadow_hand_over,42
0.0008,,0,0,,0,0,,0,0,,5.0,1,,0,0,,2.0,1,,0,0,,5.0,1,,0,0,,0,0,,0.5,1,,0,0,,1.0,1,,0.05,1,shadow_hand_over,42
0.9217,,0,0,,0,0,,0,0,,20.0,1,,0,0,,2.0,1,,0,0,,5.0,1,,0,0,,0,0,,0.5,1,,0,0,,1.0,1,,0.05,1,shadow_hand_over,42
0.0,,0,0,,0,0,,0,0,,10.0,1,,0,0,,2.0,1,,0,0,,5.0,1,,0,0,,0,0,,0.1,1,,0,0,,1.0,1,,0.05,1,shadow_hand_over,42
0.0,,0,0,,0,0,,0,0,,5.0,1,,0,0,,2.0,1,,0,0,,5.0,1,,0,0,,0,0,,0.1,1,,0,0,,1.0,1,,0.05,1,shadow_hand_over,42
0.0,,0,0,,0,0,,0,0,,20.0,1,,0,0,,2.0,1,,0,0,,5.0,1,,0,0,,0,0,,0.1,1,,0,0,,1.0,1,,0.05,1,shadow_hand_over,42
0.8835,,0,0,,0,0,,0,0,,10.0,1,,0,0,,2.0,1,,0,0,,5.0,1,,0,0,,0,0,,1.0,1,,0,0,,1.0,1,,0.05,1,shadow_hand_over,42
0.8961,,0,0,,0,0,,0,0,,5.0,1,,0,0,,2.0,1,,0,0,,5.0,1,,0,0,,0,0,,1.0,1,,0,0,,1.0,1,,0.05,1,shadow_hand_over,42
0.9498,,0,0,,0,0,,0,0,,20.0,1,,0,0,,2.0,1,,0,0,,5.0,1,,0,0,,0,0,,1.0,1,,0,0,,1.0,1,,0.05,1,shadow_hand_over,42
0.0,,0,0,,0,0,,0,0,,10.0,1,,0,0,,1.0,1,,0,0,,1.0,1,,0,0,,0,0,,0.5,1,,0,0,,10.0,1,,0.5,1,shadow_hand_over,42
0.0005,,0,0,,0,0,,0,0,,5.0,1,,0,0,,1.0,1,,0,0,,1.0,1,,0,0,,0,0,,0.5,1,,0,0,,10.0,1,,0.5,1,shadow_hand_over,42
0.0005,,0,0,,0,0,,0,0,,20.0,1,,0,0,,1.0,1,,0,0,,1.0,1,,0,0,,0,0,,0.5,1,,0,0,,10.0,1,,0.5,1,shadow_hand_over,42
0.0,,0,0,,0,0,,0,0,,10.0,1,,0,0,,1.0,1,,0,0,,1.0,1,,0,0,,0,0,,0.1,1,,0,0,,10.0,1,,0.5,1,shadow_hand_over,42
0.0,,0,0,,0,0,,0,0,,5.0,1,,0,0,,1.0,1,,0,0,,1.0,1,,0,0,,0,0,,0.1,1,,0,0,,10.0,1,,0.5,1,shadow_hand_over,42
0.0,,0,0,,0,0,,0,0,,20.0,1,,0,0,,1.0,1,,0,0,,1.0,1,,0,0,,0,0,,0.1,1,,0,0,,10.0,1,,0.5,1,shadow_hand_over,42
0.0005,,0,0,,0,0,,0,0,,10.0,1,,0,0,,1.0,1,,0,0,,1.0,1,,0,0,,0,0,,1.0,1,,0,0,,10.0,1,,0.5,1,shadow_hand_over,42
0.0,,0,0,,0,0,,0,0,,5.0,1,,0,0,,1.0,1,,0,0,,1.0,1,,0,0,,0,0,,1.0,1,,0,0,,10.0,1,,0.5,1,shadow_hand_over,42
0.0004,,0,0,,0,0,,0,0,,20.0,1,,0,0,,1.0,1,,0,0,,1.0,1,,0,0,,0,0,,1.0,1,,0,0,,10.0,1,,0.5,1,shadow_hand_over,42
0.0,,0,0,,0,0,,0,0,,10.0,1,,0,0,,5.0,1,,0,0,,10.0,1,,0,0,,0,0,,0.5,1,,0,0,,3.0,1,,0.1,1,shadow_hand_over,42
0.001,,0,0,,0,0,,0,0,,5.0,1,,0,0,,5.0,1,,0,0,,10.0,1,,0,0,,0,0,,0.5,1,,0,0,,3.0,1,,0.1,1,shadow_hand_over,42
0.0,,0,0,,0,0,,0,0,,20.0,1,,0,0,,5.0,1,,0,0,,10.0,1,,0,0,,0,0,,0.5,1,,0,0,,3.0,1,,0.1,1,shadow_hand_over,42
0.0005,,0,0,,0,0,,0,0,,10.0,1,,0,0,,5.0,1,,0,0,,10.0,1,,0,0,,0,0,,0.1,1,,0,0,,3.0,1,,0.1,1,shadow_hand_over,42
0.0,,0,0,,0,0,,0,0,,5.0,1,,0,0,,5.0,1,,0,0,,10.0,1,,0,0,,0,0,,0.1,1,,0,0,,3.0,1,,0.1,1,shadow_hand_over,42
0.0007,,0,0,,0,0,,0,0,,20.0,1,,0,0,,5.0,1,,0,0,,10.0,1,,0,0,,0,0,,0.1,1,,0,0,,3.0,1,,0.1,1,shadow_hand_over,42
0.0018,,0,0,,0,0,,0,0,,10.0,1,,0,0,,5.0,1,,0,0,,10.0,1,,0,0,,0,0,,1.0,1,,0,0,,3.0,1,,0.1,1,shadow_hand_over,42
0.0005,,0,0,,0,0,,0,0,,5.0,1,,0,0,,5.0,1,,0,0,,10.0,1,,0,0,,0,0,,1.0,1,,0,0,,3.0,1,,0.1,1,shadow_hand_over,42
0.0009,,0,0,,0,0,,0,0,,20.0,1,,0,0,,5.0,1,,0,0,,10.0,1,,0,0,,0,0,,1.0,1,,0,0,,3.0,1,,0.1,1,shadow_hand_over,42
